ticker,date,headline,content,source,overall_sentiment_score,overall_sentiment_label
AAPL,2023-01-02,What is TSMC?,"Taiwan Semiconductor Manufacturing Co (TSMC) is the world's largest semiconductor manufacturer, producing chips for major tech companies like Apple, Amazon, and Google. It focuses solely on manufacturing for third parties, unlike competitors, and boasts significant market dominance and advanced process technology. The article also discusses the potential impact of a Chinese invasion of Taiwan on TSMC and its global operations, as well as the company's expansion plans in the US.",Tech Monitor,0.279867,Somewhat-Bullish
AAPL,2023-01-03,Apple’s market value drops below $2 trillion,"Apple Inc.'s market capitalization fell below $2 trillion for the first time since March 2021, driven by concerns over high inflation and a slowing global economy impacting demand for its products. This significant drop follows a year after the company briefly reached a $3 trillion valuation. Analysts have downgraded Apple due to anticipated supply chain issues and reduced consumer spending on high-end phones, forecasting a potential revenue decline.",Al Jazeera,-0.184148,Somewhat-Bearish
AAPL,2023-01-03,Foxconn to use Nvidia chips to build self-driving vehicle platforms,"Electronics manufacturer Foxconn and chipmaker Nvidia Corp have partnered to develop autonomous vehicle platforms. Foxconn will manufacture electronic control units (ECUs) based on Nvidia's DRIVE Orin chip for self-driving cars, aiming to address challenges in the global automotive market. Nvidia views this collaboration as a way to scale its efforts and meet the increasing demand for chips in autonomous and connected vehicles, projecting a $300 billion market opportunity in the automotive sector.",Reuters,0.240186,Somewhat-Bullish
AAPL,2023-01-03,"If You Invested $100 in Berkshire Hathaway in 1965, This Is How Much You Would Have Today","This article illustrates the phenomenal returns of investing in Berkshire Hathaway since Warren Buffett took over in 1965. A $100 investment made then would be worth approximately $2.42 million today, significantly outperforming the S&P 500. The article details Berkshire's strategic shift from textiles to insurance, its acquisitions like GEICO and Burlington Northern Santa Fe, and its current diverse portfolio including a significant stake in Apple.",The Globe and Mail,0.197072,Somewhat-Bullish
AAPL,2023-01-03,Tuesday's ETF with Unusual Volume: IWL,"The iShares Russell Top 200 ETF (IWL) experienced unusually high trading volume on Tuesday, with shares down about 0.8%. Tesla and Apple, major components of the ETF, saw significant trading volume and share price drops, while PayPal Holdings performed best, rising 4.3%.",Nasdaq,-0.117575,Neutral
AAPL,2023-01-04,Apple to sign Luxshare for iPhone production in China - FT,Apple is reportedly set to partner with Chinese contract manufacturer Luxshare Precision Industry Co Ltd for the production of premium iPhone models. Luxshare has already been producing a small number of iPhone 14 Pro Max models to address production shortfalls at Foxconn's Zhengzhou factory last year. This move is seen as Apple's strategy to diversify its supplier base following production disruptions caused by employee unrest and COVID-19 lockdowns in China.,Reuters,0.243661,Somewhat-Bullish
AAPL,2023-01-04,Salesforce to lay off 10% of workforce to cut costs amid economic downturn,"Salesforce announced it will lay off 10% of its workforce and reduce office space to cut operating costs amid a challenging economic environment. CEO Marc Benioff admitted the company ""hired too many people"" during the pandemic's revenue surge, and the company is now facing the consequences. This move follows similar cost-cutting measures by other tech giants like Amazon, Apple, and Meta Platforms.",Fox Business,-0.301931,Somewhat-Bearish
AAPL,2023-01-05,"Android has a response to iPhone’s satellite connection, thanks to Qualcomm","Qualcomm is introducing Snapdragon Satellite service, a new emergency satellite phone service for Android smartphones. This service aims to compete with Apple's existing satellite connectivity, with specific product announcements expected by mid-year. The service requires at least one ground gateway to connect smartphones to satellites.",MarketWatch,0.24386,Somewhat-Bullish
AAPL,2023-01-05,Apple brings AI narration to audiobooks,"Apple Inc. has introduced AI-narrated audiobooks through Apple Books, utilizing text-to-speech technology to make audiobook production more accessible and affordable for publishers and authors. While the digital voices aim to reduce costs and complexity, some critics note an ""artificial edge"" compared to human narrators. Apple plans to improve the AI voices and currently offers them for select English-language romance and fiction books, with more voices and nonfiction categories in development.",SiliconANGLE,0.133698,Neutral
AAPL,2023-01-06,Apple Analyst Says BOE Will Become Largest Display Supplier for iPhone 15,"An Apple analyst in Taiwan predicts that China's BOE will become the largest display supplier for Apple's iPhone 15 series, significantly surpassing Samsung Display. BOE is expected to supply around 70% of OLED panels for the iPhone 15 and 15 Plus, and potentially 20-30% of LTPO panels for the iPhone 16. This shift indicates a growing challenge from Chinese companies to Korean dominance in the OLED display market.",Businesskorea,-0.074482,Neutral
AAPL,2023-01-06,Garmin Venu Sq2 Review | A fitness lifestyle companion,"The Garmin Venu Sq2 is reviewed as a robust fitness lifestyle companion that boasts impressive battery life, lasting over a week on a single charge. The review highlights its advanced health tracking features, accurate GPS, AMOLED display, and subscription-free breathing exercises, making it suitable for those pursuing new fitness goals despite its cost. The article details its performance across various activities including running, HIIT, Pilates, swimming, and even scuba diving, affirming its versatility and improvement over its predecessor.",The Hindu,0.290612,Somewhat-Bullish
AAPL,2023-01-06,Kartoon Channel! Expands Global Reach,"Kartoon Channel!, owned by Genius Brands International, has expanded its global distribution through new partnerships. The channel is now available on Vizio smart TVs in North America and via in-flight entertainment systems on several major airlines, including British Airways and Qatar Airways. This expansion aligns with Kartoon Channel!'s strategy to diversify its business model and reach more viewers worldwide.",World Screen,0.479172,Bullish
AAPL,2023-01-06,Nordstrom appoints Atticus Tysen to its board of directors,"Nordstrom, Inc. has announced the appointment of Atticus Tysen to its board of directors, effective January 3, 2023. Tysen brings over three decades of engineering and information security experience, currently serving as senior vice president of product development, chief information security, and fraud prevention officer for Intuit. His expertise is expected to enhance the board's focus on technology and cybersecurity within the retail industry.",FashionUnited UK,0.175884,Somewhat-Bullish
AAPL,2023-01-06,Qualcomm partners with Iridium to develop satellite connectivity,"Qualcomm has announced a partnership with Iridium to launch Snapdragon Satellite, bringing satellite connectivity to next-generation premium Android phones and other devices. This service will enable global mobile messaging and emergency services in areas without traditional coverage. Other companies like Apple, Bullitt Group, T-Mobile with SpaceX, BICS with Lynk, AST SpaceMobile, and Huawei are also actively developing their own satellite connectivity solutions, highlighting a growing race for space-based mobile communication.",Data Center Dynamics,0.213909,Somewhat-Bullish
AAPL,2023-01-08,You might actually want a TiVo TV someday,"Xperi, the company that owns the TiVo brand, is launching its own TiVo OS smart TV platform in Europe in the first half of 2023, with U.S. availability planned for the future. The platform focuses on content discovery over apps, offering recommendations across various streaming services and an intuitive voice search. While it currently lacks a robust app store compared to competitors, its neutral approach and potential for ad revenue sharing aim to attract TV manufacturers.",TechHive,0.165609,Somewhat-Bullish
AAPL,2023-01-09,U.S. Supreme Court lets Meta's WhatsApp pursue 'Pegasus' spyware suit,"The U.S. Supreme Court has allowed Meta Platforms Inc's WhatsApp to proceed with a lawsuit against Israel's NSO Group. WhatsApp accuses NSO Group of exploiting a bug in its messaging app to install ""Pegasus"" spyware, enabling the surveillance of 1,400 individuals, including journalists and human rights activists. NSO Group had argued for immunity, claiming it acted as an agent for foreign governments, but the Supreme Court rejected their appeal.",Reuters,0.215245,Somewhat-Bullish
AAPL,2023-01-10,"Illumina, the DNA sequencing giant, gives Wall Street bad news","Illumina, the world's largest maker of DNA sequencing technology, has delivered disappointing news to investors, announcing a lower profit outlook for 2023. The company, which has successfully driven down the cost of sequencing a human genome, is now facing challenges due to its own success and uncertainties in funding for genetic research. Consequently, Illumina's stock price has significantly dropped from its peak in 2021.",STAT,-0.154449,Somewhat-Bearish
AAPL,2023-01-10,Inari’s share price down over 4% as Apple plans to drop Broadcom chip from devices,"Inari Amertron Bhd's share price dropped over 4% after reports that Apple plans to replace Broadcom's Wi-Fi and Bluetooth chips with in-house designs by 2025. Although Inari's exposure to Broadcom is mainly on complex RF chips, which are harder to replace in the short term, the news still impacted the company's stock given its significant reliance on Broadcom. Apple is Broadcom's largest customer, accounting for about 20% of its revenue, and Inari is heavily dependent on Broadcom.",The Edge Malaysia,-0.141377,Neutral
AAPL,2023-01-10,"Pepsi, Coke soda pricing targeted in new federal probe","The Federal Trade Commission has launched a preliminary investigation into Coca-Cola and PepsiCo's pricing strategies for potential price discrimination in the soft drink market. This probe revives the largely dormant Robinson-Patman Act of 1936, which prohibits suppliers from offering better prices to large retailers over smaller competitors. The investigation signals the Biden administration's broader effort to apply antitrust scrutiny beyond the tech sector to traditional large companies.",Politico,-0.107233,Neutral
AAPL,2023-01-11,Apple Watch patent infringement finding; Masimo seeks import ban,"A US court has ruled that Apple infringed on one of Masimo's pulse oximeter patents with its Apple Watch Series 6 and up, a significant setback in their ongoing legal battle. Masimo is now seeking a US import ban on all current Apple Watches, which could halt sales in the country. The United States International Trade Commission (USITC) will determine whether to implement this import ban.",9to5Mac,-0.371139,Bearish
AAPL,2023-01-11,Apple debuts free tool to help businesses get noticed,"Apple has launched a new free online tool called Apple Business Connect, designed to help businesses customize their information cards in Apple Maps and other services. This allows businesses to update details like hours, add photos, promote limited-time offers, and access analytics. The initiative aims to provide useful local information and potentially attract more engagement from merchants and consumers.",Axios,0.205877,Somewhat-Bullish
AAPL,2023-01-11,Apple to start using in-house screens from 2024 - Bloomberg News,"Apple plans to begin using its own custom displays in mobile devices starting in 2024, aiming to reduce reliance on external suppliers like Samsung and LG. The transition will start with high-end Apple Watches, followed by other devices including the iPhone, and will involve upgrading to microLED technology. This move is part of a broader strategy by Apple to bring more component production in-house, following similar shifts with chips from Broadcom and Intel.",Reuters,-0.08619,Neutral
AAPL,2023-01-11,Inari pares loss as analysts see limited impact from Apple's plan to drop Broadcom chip,"Inari Amertron Bhd shares recovered some losses after analysts indicated that Apple's plan to replace Broadcom chips with in-house designs would have a limited impact on Inari's outsourced semiconductor assembly and test (OSAT) business. Analysts noted Inari's direct exposure to Apple's revenue through Broadcom is relatively small (17-18%) and that Inari's involvement in complex RF filters is unlikely to be immediately affected. Despite a maintained ""market perform"" rating with a slightly reduced target price, some analysts suggest the negative news is already priced in, presenting a potential buying opportunity.",The Edge Malaysia,0.037126,Neutral
AAPL,2023-01-11,Kuo doubles down on iPhone 15 Pro having no physical buttons,"Analyst Ming-Chi Kuo has reiterated his claim that the iPhone 15 Pro will feature solid-state buttons instead of physical ones, similar to the iPhone SE 2's home button. His latest survey indicates that Cirrus Logic will be the exclusive supplier of the Taptic Engine's controller IC for this change. Kuo also predicts that if users respond positively, this technology may be adopted in other high-end models in the future, alongside rumors of a rounded, titanium chassis for the iPhone 15 range.",AppleInsider,0.378315,Bullish
AAPL,2023-01-12,Back Again At Comparing Skyworks Vs. Qorvo (NASDAQ:SWKS),"This article compares Skyworks Solutions and Qorvo, both RF suppliers currently trading at low P/E ratios. It highlights Qorvo's transparency regarding market details and Skyworks' stable growth due to its strong ties with Apple. The author also suggests Qorvo has a significant opportunity with Apple's business, especially given Qualcomm's apparent withdrawal.",Seeking Alpha,0.218752,Somewhat-Bullish
AAPL,2023-01-12,Buffett-Backed Taiwan Semiconductor Braces for Chip-Sector Downturn,"Taiwan Semiconductor Manufacturing (TSMC) reported record profits for its fourth quarter, exceeding analyst expectations, but also issued a warning about a potential downturn in demand for 2023. This news comes as the company, backed by Warren Buffett's Berkshire Hathaway, indicates higher costs for building facilities in the U.S. compared to Taiwan. TSMC is preparing for a challenging period in the chip sector despite its strong recent financial performance.",Barron's,-0.171502,Somewhat-Bearish
AAPL,2023-01-12,"IDC, Gartner: 2022 PC Demand Dropped To Its ‘Lowest Level In Years’","PC demand in 2022 dropped significantly to its lowest level in years, according to reports from IDC and Gartner. This decline was attributed to global recession, inflation, higher interest rates, and consumers already owning newer PCs purchased during the pandemic. The business market too saw a decline as enterprise buyers extended PC life cycles and delayed purchases, with growth not expected until 2024.",CRN,-0.297889,Somewhat-Bearish
AAPL,2023-01-12,Meta faces a future of more legal woes and falling revenues,"Meta, formerly Facebook, is experiencing significant challenges including plummeting stock value, falling revenues, and increasing regulatory scrutiny, a situation that worsened after its rebrand in October 2021. Despite investor concerns and substantial losses from its metaverse division, Reality Labs, CEO Mark Zuckerberg remains committed to heavy investment in the metaverse. The company also faces ongoing legal battles, hefty fines for data privacy breaches, and a class-action lawsuit settlement, exacerbating doubts about its future prospects.",DW.com,-0.249097,Somewhat-Bearish
AAPL,2023-01-12,Starbucks tells corporate employees to return to office 3 days a week,"Starbucks is requiring corporate employees to return to the office three days a week by the end of January, a move announced by interim CEO Howard Schultz. This decision comes as other major companies like Disney, Apple, and Snapchat's parent company are also enforcing stricter return-to-office policies, with some citing low compliance with previous hybrid work arrangements. The shift reflects a broader trend of companies clamping down on remote work that became common during the Covid-19 pandemic.",CNN,0.129551,Neutral
AAPL,2023-01-12,Starbucks tells corporate employees to return to the office,"Starbucks is requiring its corporate employees to return to the office for a minimum of three days a week, with specific days designated for in-person collaboration. Interim CEO Howard Schultz stated in a memo that the policy, effective January 30, aims to rebuild company culture, foster human connection, and ensure fairness among employees, especially considering store and plant workers who could not work remotely. This move aligns Starbucks with other companies like Disney and Apple that have also implemented stricter return-to-office mandates.",Chain Store Age,0.102277,Neutral
AAPL,2023-01-13,Apple CEO Tim Cook to take a more than 40 percent pay cut,"Apple CEO Tim Cook is set to take a more than 40 percent pay cut in 2023, reducing his target compensation to $49 million, down from nearly $100 million in previous years. This adjustment was made due to shareholder feedback, the company's performance, and Cook's own recommendation. The compensation committee aimed to align his pay between the 80th and 90th percentiles relative to peer groups for future years.",Al Jazeera,-0.140985,Neutral
AAPL,2023-01-13,Apple CEO Tim Cook to take more than 40% pay cut,"Apple CEO Tim Cook will receive a target total compensation of $49 million in 2023, marking a pay cut of over 40% from the previous year. This adjustment comes after Apple's compensation committee considered shareholder feedback on executive pay and a recommendation from Cook himself. While his base salary remains $3 million, equity awards have been restructured to align his compensation between the 80th and 90th percentiles relative to Apple's peer group.",AP News,-0.108837,Neutral
AAPL,2023-01-13,Apple Takes Major Steps Toward ‘Owning’ Its Key Technology,Apple (AAPL) is reportedly taking significant steps to assert greater control over its proprietary technology. This initiative involves increasingly developing its own in-house chips and custom displays. Such moves signify a strategic shift towards self-reliance and vertical integration within the company's product development.,Bloomberg.com,0.404607,Bullish
AAPL,2023-01-13,How Both Taiwan and the US Can Benefit from TSMC's Investment,"Taiwan Semiconductor Manufacturing Co. (TSMC) is increasing its investment in the U.S. to $40 billion, building a second factory in Phoenix, Arizona. This move, supported by the CHIPS and Science Act, aims to strengthen the U.S. domestic semiconductor industry and diversify global supply chains. Experts suggest that while complete self-sufficiency for the U.S. might be unrealistic, this investment helps address critical dependencies, enhances national security, and fosters innovation in chip manufacturing.",Northeastern Global News,0.362674,Bullish
AAPL,2023-01-13,Oracle jumps into payments for retailers,"Oracle has expanded its services for retailers to include in-store payment acceptance, offering tap-to-pay capabilities for various payment methods like debit, credit, Apple, Google, and Samsung digital wallets. This new feature, which became available in December, will be sold at a fixed fee without long-term contracts or minimum monthly payment volumes. Oracle aims to provide a more stable and cost-effective ""payment to processing"" solution, integrating it with their existing hardware and cloud-based software for inventory and staff management.",Payments Dive,0.319296,Somewhat-Bullish
AAPL,2023-01-16,"From Apple To Amazon And Toyota, Here Are The Top 10 Biggest Companies In The World","This article lists the top 10 biggest companies in the world based on revenue. Walmart, State Grid Corporation Of China, and Amazon lead the list, primarily highlighting a competition between US and Chinese firms. The article also includes companies from Japan and Germany, detailing their revenue, founding year, and number of employees.",Mashable India,0.141156,Neutral
AAPL,2023-01-17,Biometric Sensors Market Size to Touch USD 3.5829 million by 2030 According to Acumen Research and Consulting,"The global biometric sensors market is projected to grow from USD 1.3195 million in 2021 to USD 3.5829 million by 2030, exhibiting a compound annual growth rate (CAGR) of 11.9% from 2022 to 2030. This growth is driven by increasing demand for secure authentication, advancements in technology, and wider adoption in various sectors like healthcare, banking, and government. Despite its growth, the market faces challenges due to lack of standardization, high implementation costs, and privacy concerns.",GlobeNewswire,0.342334,Somewhat-Bullish
AAPL,2023-01-18,Goldman Sachs Vs. Jefferies: Which Is the Better Investment?,"This article compares Goldman Sachs (GS) and Jefferies Financial Group (JEF) as investment opportunities, especially in light of Berkshire Hathaway's decision to exit its Goldman Sachs position and initiate a new, albeit small, position in Jefferies. The author highlights Jefferies' smaller size, focused strategy in investment banking, higher dividend yield, and lower valuation as potential advantages over the larger and more diversified Goldman Sachs, suggesting a rationale for Berkshire Hathaway's move. Though both firms are performing well, the piece implies Jefferies may have greater long-term growth potential.",GuruFocus,0.111155,Neutral
AAPL,2023-01-18,TSMC expects revenue to fall amid declining chip demand,"Taiwan Semiconductor Manufacturing Co. (TSMC) anticipates a decline in revenue for 2023 due to softening demand for chips, particularly from consumer device and data center clients. Despite a 26.7% year-over-year revenue increase in Q4, the company expects a more than 14% drop in Q1 revenue. TSMC forecasts the semiconductor market to bottom out in the first half of 2023, with a recovery expected in the second half, and is adjusting its spending plans accordingly while still investing in new facilities like the Arizona fab.",Supply Chain Dive,-0.233998,Somewhat-Bearish
AAPL,2023-01-18,Temu Review: What Is Temu and Why Is It Suddenly America’s Most Popular App?,"Temu, the American sister brand of China's Pinduoduo, has rapidly become America's most popular shopping app since its U.S. launch last fall. Its success is primarily attributed to extremely low prices, free shipping, and aggressive advertising. While the author found good deals on certain electronics and kitchen items, he advises caution on other categories and notes the app's business model involves cutting out middlemen for direct sales.",InsideHook,0.090277,Neutral
AAPL,2023-01-19,Apple’s Reliance On China Poses A Problem For The Company,"This article discusses Apple's significant reliance on its supply chain in China and the challenges this poses for the company amidst growing geopolitical tensions and trade barriers between the US and China. It highlights how Apple's deep integration with Chinese manufacturing, including specialized labor and R&D, makes disentanglement difficult, even as the US government increases pressure through tariffs, forced labor prevention acts, and technology export controls. The article suggests that while Apple is starting to move some operations, achieving true independence from China will be a slow and arduous process.",Forbes,-0.320095,Somewhat-Bearish
AAPL,2023-01-19,Global X S&p 500 Covered Call Etf Share Price,"This article provides detailed financial information for the Global X S&P 500 Covered Call ETF (XYLD), including its current share price, performance metrics, historical returns, and fundamental data like expense ratio and AUM. It also lists the top holdings, sector breakdown, market cap distribution, and offers insights on its performance against peers and market cap movements. The article concludes with an FAQ section on investing in XYLD from India.",INDmoney,0.113372,Neutral
AAPL,2023-01-19,"Netflix’s Reed Hastings steps aside as co-CEO, stays on as executive chairman","Netflix co-founder Reed Hastings has stepped down as co-CEO, transitioning to executive chairman, with COO Greg Peters joining Ted Sarandos as co-CEO. This leadership change comes as Netflix aims to reaccelerate growth amid increased competition and a slowdown in subscriber numbers. The company reported slower fourth-quarter revenue but exceeded subscriber expectations, attributing success to popular shows and new initiatives like an ad-supported plan and paid password sharing.",Los Angeles Times,0.090183,Neutral
AAPL,2023-01-21,予算3万円台の「スマートウォッチ」おすすめ5選　人気の「Apple Watch SE」から、コスパが良い高機能モデルまで【2023年1月版】 - Fav-Log by ITmedia,"This article recommends five smartwatches under 30,000 yen, including popular models like the Apple Watch SE and high-performance, cost-effective alternatives. It caters to users looking for smartwatches equipped with functions like health tracking, mobile payments, and sports activity monitoring. The selection includes devices suitable for various needs, from outdoor enthusiasts to those prioritizing design.",ITmedia,0.171362,Somewhat-Bullish
AAPL,2023-01-23,7 Growth Stocks That Will Make You Rich in 10 Years,"This article identifies seven growth stocks across diverse high-demand sectors like technology, cybersecurity, nanotechnology, healthcare, and electric vehicles that are positioned to generate significant wealth for investors within the next decade. The selected companies, including Apple, Palo Alto Networks, Applied Materials, Intuitive Surgical, Welltower, ChargePoint, and Marathon Digital, are highlighted for their potential to capitalize on future market trends and innovation. Despite current market hesitations, the author emphasizes the long-term potential of these companies based on their strategic positioning and projected growth.",InvestorPlace,0.39555,Bullish
AAPL,2023-01-23,How Apple’s Upcoming Mixed-Reality Headset Will Work,"Apple's upcoming mixed-reality headset, likely named Reality Pro, is an ambitious attempt to create a 3D version of iOS with advanced eye and hand-tracking. Priced around $3,000, it aims to revolutionize virtual meetings and immersive video, challenging Meta Platforms Inc.'s dominance in the VR industry. This launch marks Apple's first major new product category since the Apple Watch in 2015, representing a significant strategic move for the company.",Bloomberg.com,0.236739,Somewhat-Bullish
AAPL,2023-01-23,"Nokia Corp. ADR rises Monday, still underperforms market","Nokia Corp. ADR (NOK) saw a slight increase of 0.43% on Monday, closing at $4.63. Despite this rise, the stock underperformed the broader market, as both the NASDAQ Composite and Dow Jones Industrial Average rose more significantly. The gain broke a four-day losing streak for Nokia ADR, though it remained below its 52-week high and lagged behind competitors like BlackBerry Ltd., Apple Inc., and Motorola Solutions Inc.",MarketWatch,0.248892,Somewhat-Bullish
AAPL,2023-01-23,Silicon Valley 2.0? 5 US cities that could be the new tech start-up central,"Several southern US cities are emerging as new tech hubs, drawing companies like Tesla, Apple, Oracle, Microsoft, and Google away from California's Silicon Valley. High tax rates, labor costs, regulations, and a declining quality of life in Silicon Valley are pushing these companies to look for more affordable and business-friendly environments in states such as Texas, Arizona, Georgia, and Florida. These new tech centers offer incentives, lower costs of living, and new luxury residential developments to accommodate the influx of workers.",South China Morning Post,0.308999,Somewhat-Bullish
AAPL,2023-01-24,Apple builds on privacy commitment by unveiling new education and awareness efforts on Data Privacy Day,"In celebration of Data Privacy Day, Apple has launched new educational resources to help users manage their data. These efforts include a ""Today at Apple"" session focusing on iPhone privacy features and a partnership with Nick Mohammed for a short film titled ""A Day in the Life of an Average Person’s Data"" to raise awareness. Apple emphasizes that privacy is a fundamental human right, built into all its products and services.",Apple,0.405296,Bullish
AAPL,2023-01-24,Nokia Corp. ADR underperforms Tuesday when compared to competitors,"Nokia Corp. ADR (NOK) dropped 1.73% to $4.55 on Tuesday, performing worse than many of its competitors, despite a mixed day for the broader stock market. The Dow Jones Industrial Average rose while the NASDAQ Composite Index fell. Nokia's ADR closed significantly below its 52-week high, and its trading volume was higher than its 50-day average.",MarketWatch,0.219279,Somewhat-Bullish
AAPL,2023-01-25,"Big Tech to Congress: Listen to Taylor Swift and Go After Ticketmaster, Not Us","Lobbyists for major technology companies capitalized on public outrage over Ticketmaster's handling of Taylor Swift concert tickets to deflect congressional antitrust scrutiny away from Big Tech. They argued that Congress should focus on clear monopolies like Ticketmaster, implying that existing antitrust laws are sufficient and that efforts to reform them to target tech giants are misguided. This strategy led to a Senate Judiciary Committee hearing focusing on Live Nation/Ticketmaster's monopolistic practices instead of Big Tech.",The Intercept,-0.254598,Somewhat-Bearish
AAPL,2023-01-25,Choice Hotels Opens Cambria Hotel Austin Uptown Near the Domain,"Choice Hotels International has opened the Cambria Hotel Austin Uptown Near the Domain, marking its second property in Austin, Texas, with a third on the way. The 135-room hotel is strategically located in Austin's high-tech corridor, providing convenient access to major tech companies and local attractions. It offers modern amenities and design-forward accommodations aimed at both business and leisure travelers.",Hotel Online,0.186543,Somewhat-Bullish
AAPL,2023-01-25,Goldman Sachs signals partial retreat from consumer banking,"Goldman Sachs is partially retreating from its consumer banking efforts after accumulating $3 billion in losses since 2020. The firm is scrapping plans for a checking account and winding down its personal loan business, Marcus, to refocus on its core investment banking and wealth management services. While a popular savings account and credit card business will continue, the losses in consumer lending have attracted regulatory scrutiny.",Associated Press News,-0.087244,Neutral
AAPL,2023-01-26,"AST SpaceMobile raises $75 million, partners with TIM Brasil","AST SpaceMobile has raised $75 million through an offering of Class A Common Stock and formed a partnership with Brazilian telco TIM Brasil. The funds will support the production and launch of the company's commercial satellites, while the partnership will enable TIM Brasil to test AST SpaceMobile's satellite-based 4G services in remote Brazilian locations. This move highlights AST SpaceMobile's mission to connect unserved areas and positions it alongside other companies in the growing satellite-to-phone connectivity market.",Data Center Dynamics,0.306694,Somewhat-Bullish
AAPL,2023-01-26,IBM Is Tech’s Most Beaten-Down Company,"This article argues that IBM has significantly fallen from its former prominence, ranking 49th on the Fortune 500 compared to 8th in 1980. Its recent financial results show flat revenue and modest net income, trailing far behind other tech giants like Apple, Amazon, and Microsoft. The author criticizes IBM for missing key technological advancements such as cloud computing, search, e-commerce, and operating systems despite its past R&D capabilities.",24/7 Wall St.,-0.408878,Bearish
AAPL,2023-01-27,Is Augmented Reality safe?,"Augmented Reality (AR) blends digital information with the real world, raising significant safety concerns despite its benefits. The article highlights potential dangers in privacy, security, and mental health, including data collection, cyber-attacks, and the addictive nature of AR. It emphasizes the need for careful consideration and control as AR technology becomes more integrated into daily life.",Sify News,0.007024,Neutral
AAPL,2023-01-29,"Save $200 on the Sonos Arc Soundbar, now $699 (lowest price ever)","The Sonos Arc Soundbar is currently available for $699, a $200 discount that marks its lowest recorded price, even beating Black Friday deals. This offer from Adorama applies to the white model and is for a limited time. The soundbar was rated 4.5 out of 5 in a hands-on review for its rich sound, substantial bass, and Dolby Atmos support.",AppleInsider,0.20441,Somewhat-Bullish
AAPL,2023-01-30,Apple takes first steps towards 'Made in India' AirPods,"Apple has begun manufacturing components for its AirPods in India, marking a significant step towards the ""Made in India"" initiative for its products beyond the iPhone. Jabil Inc, an Apple supplier, is producing AirPods enclosures in Pune, India, and shipping them to China and Vietnam for assembly. This move is part of Apple's broader strategy to reduce its reliance on Chinese manufacturing and diversify its supply chain.",Times of India,0.336868,Somewhat-Bullish
AAPL,2023-01-30,Google continued to ramp up federal lobbying spending before DOJ filed second antitrust lawsuit,"Google's parent company, Alphabet, significantly increased its federal lobbying expenditures, spending over $13 million in 2022, prior to the Department of Justice filing its second antitrust lawsuit. The lawsuit alleges Google monopolized the digital advertising technology sector by acquiring rivals and manipulating the auction process to stifle competition. Despite these lobbying efforts and substantial political contributions, particularly to Democratic candidates, Alphabet also announced mass layoffs of 12,000 employees in January 2023.",OpenSecrets,-0.368611,Bearish
AAPL,2023-01-30,‘Acapulco’ Renewed for Season 3 at Apple,"Apple has renewed its series ""Acapulco"" for a third season, which will consist of 10 episodes and begin production in the spring. The show stars Eugenio Derbez and is inspired by the film ""How to Be A Latin Lover."" The cast includes Enrique Arrizon, Fernando Carsa, Damián Alcázar, and others, continuing the story of Máximo Gallardo at a resort in 1985 and his older self in the present day.",Variety,0.392746,Bullish
AAPL,2023-01-31,"Apple workplace rules violate U.S. labor law, agency finds","A U.S. labor agency has found that Apple Inc. maintains workplace policies that unlawfully discourage employees from discussing working conditions. The National Labor Relations Board plans to issue a complaint unless Apple settles, citing policies around confidentiality and surveillance, and past comments from CEO Tim Cook that allegedly stymied worker organizing. Former Apple senior engineering manager Ashley Gjovik filed the initial complaints in 2021, and the NLRB investigates such charges.",Reuters,-0.347086,Somewhat-Bearish
AAPL,2023-01-31,Exxon Vaults to Record Annual Profit of $55.7 Billion,"Exxon Mobil Corp. achieved a record annual profit of $55.7 billion in 2022, marking a significant recovery after suffering losses during the pandemic and a historic proxy fight in 2021. This surge was primarily driven by soaring oil and gas prices globally, allowing Exxon to surpass most major companies in profitability, except for Apple and Microsoft. The company's resurgence reflects a turnaround in its financial performance and market standing.",The Wall Street Journal,0.511683,Bullish
AAPL,2023-01-31,Get Your Game on With Build-a-Bear's New 'Ted Lasso' Collection,"Build-A-Bear has launched a new collection of plush toys inspired by Apple TV+'s hit series, ""Ted Lasso."" The collection features a Coach Lasso bear, complete with team kit and mustache, along with accessories like aviator sunglasses and a Union Jack mug. Fans can also find AFC Richmond accessories to dress up other cuddly toys as they eagerly await the third season of the Emmy-winning show.",Collider,0.363552,Bullish
AAPL,2023-01-31,"Netflix Inc. stock rises Tuesday, still underperforms market","Netflix Inc. stock saw a modest increase of 0.21% on Tuesday, closing at $353.86, despite a strong day for the broader market with the S&P 500 and Dow Jones also rising. The stock's performance underperformed compared to competitors like Apple, Walt Disney, and Comcast, and it remained significantly below its 52-week high. Trading volume was also notably lower than its 50-day average.",MarketWatch,0.100436,Neutral
AAPL,2023-02-01,Spotify Reports Q4 2022 Earnings: Strong User Growth and Widened Losses,"Spotify reported strong Q4 2022 earnings, with revenue up 18% year-over-year to 3.17 billion euros ($3.43 billion) and monthly active users increasing by 20% to 489 million. However, the company's losses widened significantly due to higher personnel and advertising costs, leading to a planned 6% reduction in headcount. For Q1 2023, Spotify expects continued revenue growth and user base expansion, aiming for 500 million monthly active users, but anticipates an operating loss.",Coinspeaker,0.082691,Neutral
AAPL,2023-02-02,Apple Is Dropping Industrial Design Chief Role in Post-Jony Ive Era,"Apple Inc. will not replace its departing industrial design chief, Evans Hankey, signifying a major shift in the company's approach to product design after the departure of Jony Ive. Instead, the core industrial design team will report directly to Chief Operating Officer Jeff Williams, and veteran designers will be given expanded roles. This decision centralizes design under operations and elevates Williams, seen as a potential successor to CEO Tim Cook, while also acknowledging the challenge of finding a suitable replacement given recent departures from the design team.",Yahoo Finance,-0.139511,Neutral
AAPL,2023-02-02,Apple sales drop 5% in largest quarterly revenue decline since 2016,"Apple recorded its first year-over-year sales decline since 2019, with overall sales for the holiday quarter down 5%. CEO Tim Cook attributed this miss to a strong dollar, production issues in China affecting the iPhone 14 Pro and Pro Max, and the challenging macroeconomic environment. While iPhone and Mac sales decreased, the company saw a significant increase in iPad revenue and a 6% growth in its services business.",CNBC,-0.323964,Somewhat-Bearish
AAPL,2023-02-02,McDonald’s new strategy to bring renewable energy to its supply chain,"McDonald's has launched a new strategy to decarbonize its supply chain by signing a 189-megawatt virtual power purchase agreement (VPPA) with its five logistics partners. This deal marks the first time a corporation has acted as an anchor buyer for an aggregation deal explicitly for its suppliers, simplifying access to renewable energy for smaller companies. The initiative targets Scope 3 emissions, specifically the electricity load of its logistics supply chain in the U.S., aligning with a growing trend of corporations providing resources to help suppliers transition to clean energy.",Trellis Group (formerly GreenBiz),0.362778,Bullish
AAPL,2023-02-02,"Samsung’s next frontier: XR in partnership with Qualcomm, Google","Samsung Electronics is partnering with Qualcomm Technologies and Google LLC to enter the extended reality (XR) device market, which is projected to reach $1.39 trillion by 2030. This collaboration aims to challenge other Big Tech firms like Meta and Apple in the rapidly growing XR space. Although specific product details were not revealed, industry watchers expect Samsung to develop XR headsets utilizing Qualcomm's chipsets and Google's Android operating system, leveraging their existing smartphone collaboration.",KED Global,0.297979,Somewhat-Bullish
AAPL,2023-02-03,"Apple Q1 2023 Revenues Slowed by Exchange Rates, COVID, and Inflation","Apple's Q1 2023 financial results showed a revenue decrease of 5% and a profit decrease of 13.3% compared to the previous year, marking only the second such decline in a decade. CEO Tim Cook attributed this to foreign exchange headwinds, COVID-19 related production constraints impacting iPhone 14 Pro models, and a challenging macroeconomic environment. Despite these challenges, Apple reported strong performance in Services and iPad sales, reached 2 billion active devices globally, and avoided major layoffs seen in other tech giants.",tidbits.com,0.025933,Neutral
AAPL,2023-02-03,Meta从虚拟元宇宙重回现实,"Meta Platforms reported a mixed Q4 2022 earnings, with revenue declining year-over-year but exceeding market expectations, driven by its traditional advertising business. While net income continued to decrease, particularly due to metaverse investments in Reality Labs, the company saw growth in its user base across its platforms. Meta is now signaling a return to prioritizing its core app business and cost-cutting measures, shifting focus from its aggressive metaverse push.",新浪财经,0.092784,Neutral
AAPL,2023-02-03,Peloton Rival Zwift Bets on Hardcore Racing In Your Living Room,"Zwift Inc., an exercise app with backing from KKR, specializes in virtual cycling races, gaining popularity among avid cyclists and investors. During the pandemic, it notably provided a virtual version of the Tour de France. The platform allows users to connect their bikes to virtual worlds for training or competition from home.",Bloomberg.com,0.096028,Neutral
AAPL,2023-02-06,Calamos Investments Launches New Sustainable Equities ETF SROI,"Calamos Investments has launched the Calamos Antetokounmpo Global Sustainable Equities ETF (SROI) on NYSE ARCA, in collaboration with NBA star Giannis Antetokounmpo. This actively managed ETF aims for long-term capital appreciation by investing in quality growth companies that integrate ESG principles, utilizing both traditional financial and nonfinancial indicators. The fund will also donate a portion of its profits to charity, reflecting a commitment to community impact.",ETF Trends,0.380805,Bullish
AAPL,2023-02-06,"Corning Inc. recently cut about 1,500 jobs worldwide","Corning Inc. recently announced a workforce reduction of approximately 1,500 jobs worldwide in mid-January due to macroeconomic concerns. This cut impacts less than 2.5% of its global employees. The announcement came as the company released its fourth-quarter and full-year 2022 financial results, reporting core sales growth but anticipating a sales decline in the first quarter of 2023 partly due to COVID-19 disruptions in China.",Corning Leader,-0.174695,Somewhat-Bearish
AAPL,2023-02-06,NLRB: Apple illegally interfered with employees’ protected activity,"The National Labor Relations Board (NLRB) has found merit in five charges against Apple, alleging the company violated the National Labor Relations Act by interfering with employees' protected activities. The charges include violations related to work rules, handbook rules, confidentiality policies, and specific statements and conduct by high-level executives that ""reasonably tend to interfere with, restrain, or coerce employees in the exercise of their right to protected concerted activity."" If Apple and the charging parties do not settle, the NLRB's regional director will issue a complaint and pursue the charges before an administrative law judge.",HR Dive,-0.350364,Bearish
AAPL,2023-02-06,Purifying the ‘miracle metal’: How to decarbonize aluminium,"Aluminium, despite its versatility and recyclability, is incredibly energy-intensive to produce, contributing 2% of global man-made emissions. This article explores how a combination of renewable energy, new technologies like inert anodes and carbon capture, and extensive recycling can significantly reduce the carbon footprint of aluminium production. It also highlights the crucial role of coalitions like the First Movers Coalition and government support to overcome economic and supply chain challenges in achieving near-zero emissions.",The World Economic Forum,0.264541,Somewhat-Bullish
AAPL,2023-02-06,Sonos Is Having a Secret Sale Ahead of President's Day,"Sonos is holding a ""secret sale"" on its popular speakers and soundbars ahead of President's Day and the Super Bowl, offering significant discounts. Highlighting the rarity of Sonos sales and their premium status, the article details deals on products like the Sonos Arc and Sonos Beam Gen 2, recommending them for home theater upgrades. The sale includes individual speakers and immersive sets, but the duration and inventory are limited.",Men's Health,0.217591,Somewhat-Bullish
AAPL,2023-02-07,BioSig Appoints Steve Buhaly as CFO,"BioSig Technologies, Inc. has announced the retirement of its long-serving CFO, Steve Chaussy, after 12 years of service. Steve Buhaly, with 15 years of public company CFO experience, including a significant tenure at Qorvo, has been appointed as his successor. Buhaly's expertise in financial leadership, corporate expansion, and value creation is expected to support BioSig's commercial rollout of its PURE EP™ System and national scaling efforts.",citybiz,0.210973,Somewhat-Bullish
AAPL,2023-02-07,元宇宙烧了 137 亿美元，还得 Facebook 救 Meta,"Meta Platforms reported a Q4 2022 earnings beat, with its stock surging 23% despite a $13.7 billion loss in its metaverse division Reality Labs for the full year. The unexpected positive market reaction is attributed to lower investor expectations, positive signals from management regarding social advertising, and a $40 billion share buyback program. While the metaverse remains a long-term goal, Meta's immediate focus is on optimizing its core Facebook platform, pursuing short-video growth, and leveraging AI for advertising, coupled with significant cost-cutting measures including layoffs.",新浪财经,0.11536,Neutral
AAPL,2023-02-08,Apple Stock Versus Microsoft Stock: Which Is the Better Buy Now?,"This article analyzes whether Apple or Microsoft is the better stock to buy based on Morningstar's metrics, including price/fair value, uncertainty, economic moat, and capital allocation. While both companies are giants facing economic headwinds, Morningstar finds Microsoft stock to be more attractive due to it being 17% undervalued with a lower uncertainty rating, earning it a 4-star rating compared to Apple's 3-star rating. Both companies have wide economic moats and exemplary capital allocation.",Morningstar,0.30139,Somewhat-Bullish
AAPL,2023-02-08,Exclusive: Hearing startup Tuned adds more employers with fresh funds,"Hearing startup Tuned has successfully raised $3.5 million in a seed extension round, bringing their total seed funding to $6 million. This new investment, led by Distributed Ventures, will fuel the expansion of Tuned's commercial team and its goal to position hearing support as a vital component of employee health benefits. The company also announced new leadership additions and plans to launch a pediatric vertical while continuing to target employers with its tech-agnostic hearing solutions.",Axios,0.143652,Neutral
AAPL,2023-02-08,"Mobile App Development market, it is estimated to increase at the rate of more than 23.80% from 2020 to the end of the year 2030","The global mobile app development market is projected to reach approximately USD 366.93 billion by 2030, growing at a CAGR of 23.80% from 2022 to 2030. This growth is driven by the increasing use of smartphones and other gadgets, the leveraging of mobile applications by e-commerce and social media platforms, and the declining cost of data services coupled with rising internet penetration. North America is expected to generate the highest revenues, while the Asia Pacific region is anticipated to show the highest CAGR.",vocal.media,0.441065,Bullish
AAPL,2023-02-09,"AMD wins nearly a third of processor market, Arm's climb slows: analyst report","AMD has significantly increased its market share in central processor units, capturing nearly a third of the x86 processor market from Intel, according to a recent analyst report from Mercury Research. This growth occurred during the worst PC chip market downturn since the 1980s. Meanwhile, Arm's rise in the PC market, primarily driven by Apple's Mac computers, slowed in the fourth quarter of 2022.",Reuters,0.042431,Neutral
AAPL,2023-02-10,Cartões Bradesco seguem pontuando em compras com Apple Pay,"Bradesco credit card holders were concerned about a recent change in the bank's loyalty program regulations indicating that transactions made through digital wallets would no longer accrue points. However, MacMagazine clarified with Bradesco that NFC payment services like Apple Pay, Google Pay, and Samsung Pay, as well as PayPal, will continue to be eligible for point accumulation. The new rules, which exclude app-based payment platforms like PicPay and Mercado Pago, will take effect on March 6th.",MacMagazine,0.062804,Neutral
AAPL,2023-02-10,Navigate 2023 With Recession-Resistant ETF ZECP,"The Zacks Earnings Consistent Portfolio ETF (ZECP) is presented as a recession-resistant strategy for investors concerned about a potential economic downturn in 2023. ZECP, Zacks Investment Management's first ETF, identifies companies with strong balance sheets and consistent earnings, having demonstrated resilience through past recessions. The fund seeks to offer an active approach to navigate market volatility, focusing on quality companies with stable historic and forecasted earnings per share.",ETF Trends,0.28003,Somewhat-Bullish
AAPL,2023-02-11,Apple hires its first Chief People Officer in executive reshuffle,"Apple has appointed Carol Surface as its first chief people officer, a move that shifts human resources responsibilities from retail chief Deirdre O'Brien. Surface, previously with Medtronic Plc, will report directly to CEO Tim Cook and oversee Apple’s 164,000 employees. This reshuffle aims to give more prominence to the HR role and allow O'Brien to focus more fully on Apple's expanding and increasingly challenging retail operations.",ETHRWorld.com,0.161622,Somewhat-Bullish
AAPL,2023-02-13,Wall Street ends sharply higher as investors eye inflation data,"Wall Street closed sharply higher as investors awaited key inflation data, which is expected to influence the Federal Reserve's future interest rate decisions. Tech-related heavyweights, including Meta Platforms, Microsoft, Nvidia, Apple, and Amazon, significantly contributed to the S&P 500's gains, with Meta jumping after news of potential further layoffs. Fidelity National Information Services slumped after announcing a spinoff of its merchant payments business.",Reuters,0.101085,Neutral
AAPL,2023-02-14,T-Mobile suffers major network outage across US,"T-Mobile experienced a significant network outage across the United States on Monday night, affecting thousands of customers who reported issues with calls, texts, and data. The disruption, which coincided with network chief Neville Ray's retirement announcement, was attributed to a ""third-party fiber interruption."" Although the carrier seemed to be resolving the issue by late evening, customers were frustrated by the service interruption.",The Verge,-0.081493,Neutral
AAPL,2023-02-15,Qualcomm introduces new Snapdragon X75 mobile modem chip,"Qualcomm has unveiled its new Snapdragon X75 5G modem chip, expected to power future flagship smartphones. This new chip features an enhanced AI processor that is 2.5 times faster than its predecessor, designed to optimize 5G connections and consider sensory data for improved performance. The Snapdragon X75 also supports 5G Advanced and Qualcomm Satellite technology, aiming to reduce hardware costs, improve internet coverage, and enable satellite connectivity for handsets.",SiliconANGLE,0.575335,Bullish
AAPL,2023-02-15,These Stocks Are Leading the Growth Rebound,"Growth stocks, particularly in the tech sector, have seen a significant rebound in early 2023 after a difficult 2022, outperforming value stocks. This surge is likely driven by investor expectations that the Federal Reserve may soon pause interest rate hikes. Despite strong recent gains, the Morningstar US Growth Index still needs a substantial rally to recover fully from last year's losses.",Morningstar,0.439955,Bullish
AAPL,2023-02-16,Exclusive: SoftBank's Arm China profit drops over 90% in 2022,"Arm China, a joint venture of SoftBank's Arm Ltd, experienced a more than 90% drop in net profit in 2022, falling to $3.2 million despite a significant revenue increase to nearly $890 million. This decline occurred during the first year of new management appointed by SoftBank, following a two-year battle to oust the previous CEO. The profit slump is attributed in part to a $37 million loss in foreign exchange, though it reportedly will not impact Arm Ltd's overall financial performance as its royalty and licensing fees come before profit calculation.",Reuters,0.075246,Neutral
AAPL,2023-02-16,Forget Milk and Eggs: Supermarkets Are Having a Fire Sale on Data About You,"Supermarkets like Kroger are making significant profits by collecting and selling extensive data on their customers' purchasing habits and personal information to brands and advertisers. This data, which includes demographics, financial information, and even in-store movements, is enriched with third-party data and used for targeted advertising. The proposed merger between Kroger and Albertsons would significantly expand this data pool, raising privacy concerns among regulators and lawmakers.",The Markup,-0.189337,Somewhat-Bearish
AAPL,2023-02-16,"Microsoft Now Supporting Windows Virtualization on Mac M1, M2, via Parallels Desktop 18","Microsoft has officially announced full support for running Windows 11 virtually on Apple Mac Silicon-powered computers (M1, M2, Pro, Ultra chips) via Alludo's Parallels Desktop 18. This integration offers Mac users a legitimate and hassle-free way to operate Windows 11 without requiring hard drive partitioning. Users can purchase or subscribe to Parallels Desktop for Mac to enable this functionality.",Tech Times,0.123478,Neutral
AAPL,2023-02-17,Familiar Faces Powering Growth Stock Resurgence,"Growth stocks are experiencing a resurgence in early 2023, primarily driven by large- and mega-cap names like Apple, Amazon, and Tesla, according to Morningstar research. This trend is significantly boosting ETFs such as the Invesco QQQ Trust (QQQ) and the Invesco NASDAQ 100 ETF (QQQM). The rally is further supported by the strong performance of tech sectors like software infrastructure, software applications, and semiconductors, alongside investor optimism that the Federal Reserve may soon conclude its interest rate hikes, potentially averting a recession.",ETF Trends,0.335759,Somewhat-Bullish
AAPL,2023-02-17,Garmin Ltd. stock outperforms competitors despite losses on the day,"Garmin Ltd. (GRMN) stock declined by 0.14% to $97.01 on Friday, marking its second consecutive day of losses. Despite the overall market's mixed performance and Garmin's losses, the stock outperformed competitors like Apple Inc. (AAPL) and Alphabet Inc. (GOOG, GOOGL) which saw larger drops. The trading volume for Garmin exceeded its 50-day average.",MarketWatch,-0.166124,Somewhat-Bearish
AAPL,2023-02-17,Groupon Outsources Legal Executive Role to Winston & Strawn (1),"Groupon's general counsel, Dane Drobny, is stepping down next week to rejoin Winston & Strawn as a partner. Drobny will continue to serve as Groupon's outside general counsel through the end of the year, as the company undergoes restructuring and workforce reductions. His departure follows two rounds of layoffs at the e-commerce marketplace.",Bloomberg Law News,-0.055954,Neutral
AAPL,2023-02-17,"UBS recommends its clients grab a full serving of Buffett's incredible, UNDERVALUED Berkshire Hathaway","UBS is recommending its clients buy shares of Berkshire Hathaway (BRK), considering it undervalued by over 20% compared to its intrinsic value. The article highlights BRK's strong performance during past recessions, its diverse business mix, robust balance sheet, and substantial liquidity as reasons for its potential to outperform in an uncertain economic outlook. It also notes Buffett's historically aggressive share buybacks when the stock trades at such discounts and details recent portfolio moves, including the sale of Taiwan Semi shares and the success of BYD investments.",Stockhead,0.243201,Somewhat-Bullish
AAPL,2023-02-20,Trump’s Truth Social Dilemma,"This article examines Donald Trump's dilemma regarding his social media platform, Truth Social, one year after its launch. Despite having his Twitter and Meta accounts reinstated, Trump primarily uses Truth Social, but faces pressure to return to mainstream platforms for his 2024 presidential campaign's reach and fundraising, potentially impacting Truth Social's viability and his exclusivity deal.",Newsweek,-0.034367,Neutral
AAPL,2023-02-21,Apple HomePod 2 vs Sonos One: is it worth paying more?,"This article compares the Apple HomePod 2 and the Sonos One smart speakers, evaluating their price, design, sound quality, and smart features. While the HomePod 2 is significantly more expensive, the review concludes it offers superior performance and a more premium experience, especially for users integrated into the Apple ecosystem. The Sonos One remains a strong contender for those outside the Apple ecosystem or looking for a more affordable option.",What Hi-Fi?,0.179197,Somewhat-Bullish
AAPL,2023-02-21,Major League Soccer and RBC Wealth Management Announce Multi-Year Partnership,"Major League Soccer (MLS) and RBC Wealth Management have partnered in a multi-year deal aimed at engaging MLS's diverse fanbase and raising the profile of soccer in the lead-up to the 2026 World Cup. The partnership will include RBC Wealth Management's presence at MLS Player Engagement events, brand integration across various platforms, and a joint initiative with MLS WORKS to support the U.S. Soccer Foundation’s Soccer for Success program for approximately 500 children annually. This collaboration seeks to help RBC Wealth Management expand its business and connect with a new generation of investors while growing the game and strengthening community impact.",MLSsoccer.com,0.544775,Bullish
AAPL,2023-02-21,Microsoft teams up with Nvidia and Nintendo in 10-year deal to stream Xbox games,"Microsoft has secured 10-year agreements with Nvidia and Nintendo to stream Xbox games as part of its strategy to address antitrust concerns regarding its proposed acquisition of Activision Blizzard. This partnership aims to make Xbox and potential Activision titles available on Nvidia's GeForce Now cloud gaming service and Nintendo platforms, covering various devices. The move is intended to placate regulators scrutinizing the $69 billion deal.",MarketWatch,0.242288,Somewhat-Bullish
AAPL,2023-02-22,"AMD Puts Hopes on Packaging, Memory on Logic, Optical Comms for Decade Ahead","AMD outlined its decade-long strategy for continued performance and efficiency gains in computing at ISSCC 2023. The company aims to overcome tapering process technology benefits through advanced architecture, packaging technologies like 3D CPU & GPU silicon, and tighter integration of compute and memory, including processing-in-memory solutions. Additionally, AMD plans to leverage optical communications integrated with compute dies for efficiency boosts, continuing its fierce competition in the semiconductor industry with ever faster and more efficient chips.",Tom's Hardware,0.161266,Somewhat-Bullish
AAPL,2023-02-22,Dexcom G6 Continuous Glucose Monitoring System Launches in Singapore,"Dexcom, Inc. has officially launched its G6 Continuous Glucose Monitoring (CGM) System in Singapore for individuals aged two and older, including pregnant women. This system eliminates the need for routine fingersticks by continuously measuring and wirelessly sending glucose levels to a receiver or compatible smart device, offering real-time data and customizable alerts. The launch marks Dexcom's first CGM availability in Southeast Asia, with DKSH Singapore Pte Ltd appointed as the sales, marketing, and distribution service provider.",ANTARA News,0.37779,Bullish
AAPL,2023-02-23,2023 Clean200,"The 2023 Clean200 report identifies the top 200 public companies globally leading in sustainable practices and clean energy transition. These companies, from 35 countries, demonstrate that prioritizing sustainability can lead to strong financial performance, outperforming broad market and fossil fuel indices. The report highlights the growing importance of clean energy investment and the need for significant financial shifts to meet climate goals.",As You Sow,0.43242,Bullish
AAPL,2023-02-23,7 Super Speculative Stocks That Could Make You Very Rich,"This article identifies seven highly speculative stocks—Materion (MTRN), Magnite (MGNI), Lithium America (LAC), Sunrun (SUN), Allegro MicroSystems (ALGM), iCAD (ICAD), and Stem (STEM)—that have the potential for significant long-term gains. The author argues that despite their high risk, these stocks are well-positioned to capitalize on strong, ongoing market trends such as the growth of EVs, renewable energy, and digital advertising, especially as institutional investors increasingly re-enter growth sectors.",InvestorPlace,0.341234,Somewhat-Bullish
AAPL,2023-02-23,All 47 Warren Buffett Portfolio Stocks Now | Current 2023 Holdings List,"This article details Warren Buffett's 2023 portfolio, highlighting the top 20 holdings from Berkshire Hathaway's equity investments, valued at over $300 billion. It provides an overview of how investors can use Buffett's 13F filings to identify quality dividend stocks, listing key metrics and insights for each of the top companies. The article also categorizes all 47 stocks by GICS sector, offering analysis on their recent financial performance and competitive advantages.",The Kenyan Wall Street,0.276963,Somewhat-Bullish
AAPL,2023-02-23,Apple shareholder moves to boot Al Gore from board of directors,"An activist shareholder, the National Legal and Policy Center (NLPC), is calling for the removal of Al Gore from Apple Inc.'s board of directors, citing his political activism and perceived lack of qualifications. The NLPC argues that Gore's two-decade tenure is unwarranted and that his climate change advocacy poses a reputational risk to Apple. They also filed a separate exempt solicitation to oppose CEO Tim Cook's re-upping to the board and are sponsoring a shareholder proposal regarding Apple's business risks in China.",Fox Business,-0.110178,Neutral
AAPL,2023-02-23,Mercedes-Benz’s Superscreen Will Bring TikTok and Zoom to E-Class EVs,"Mercedes-Benz is integrating TikTok and Zoom into the entertainment system of its 2024 E-Class EVs via its new Superscreen display. The company has implemented safety measures to prevent distracted driving, such as disabling video transmission while the car is in motion and a visual shield to prevent the driver from seeing the passenger's screen. While the integration of productivity apps like Zoom caters to professionals, the inclusion of TikTok and games like Angry Birds also allows for entertainment during stationary periods.",Inverse,0.169994,Somewhat-Bullish
AAPL,2023-02-23,Unity Software stock slides nearly 20% as mobile-ad spending dries up and annual forecast weighs,"Unity Software Inc. shares fell nearly 20% after the company released its full-year forecast, which Wall Street found skeptical due to a currently weak quarter and declining mobile ad spending. This drop marked the worst decline for Unity stock since May 2022, when an advertising tool flaw was revealed. The company's struggles are attributed to a difficult annual forecast and the drying up of mobile ad spending.",MarketWatch,-0.30285,Somewhat-Bearish
AAPL,2023-02-24,How does Spotify’s new AI powered DJ work?,"Spotify has launched a new AI-powered DJ feature designed to personalize the listening experience by curating music alongside commentary in a realistic voice. This new tool, currently in beta and using OpenAI technology, analyzes users' past listening habits to suggest music and rediscover old tracks, functioning similarly to ""Discover Weekly"" but with greater specificity. The feature is rolling out first in the US and Canada, aiming to enhance user engagement through tailored music selection and spoken insights.",Diario AS,0.202733,Somewhat-Bullish
AAPL,2023-02-24,"This Week in the Metaverse: BlackRock's new ETF, Titanic artifacts as NFTs, and a Snow Crash Sotheby’s auction","BlackRock has launched a new metaverse ETF, allowing investors to engage with companies contributing to virtual platforms, gaming, and AR/VR. In other news, never-before-seen photos of rapper Tupac Shakur are being released as NFTs, while artifacts from the Titanic will also be preserved and sold as NFTs. Additionally, Sotheby's is holding an auction to celebrate 30 years of Neal Stephenson's ""Snow Crash,"" featuring physical and digital items tied to the seminal metaverse novel.",Fortune,0.160505,Somewhat-Bullish
AAPL,2023-02-25,Step-By-Step Guide To Opening A moomoo Account,"This article provides a step-by-step guide to opening a moomoo securities account, highlighting the ease and speed of the process. It covers downloading the app, filling in details, waiting for confirmation, and funding the account, while also mentioning moomoo's value-added services like paper trading and a worldwide investment community. The guide aims to encourage both new and experienced Singaporean investors to try the moomoo platform due to its low trading fees and useful features.",DollarsAndSense.sg,0.475717,Bullish
AAPL,2023-02-26,How Reuters used AirTags to reveal Dow’s false recycling promises,"Reuters conducted an investigation into Dow Inc.'s recycling claims by embedding Apple AirTags into donated shoes. The investigation revealed that none of the shoes were recycled as promised by Dow, instead being tracked to an Indonesian flea market and other unexpected destinations. This highlights the clever use of AirTags to expose inconsistencies in corporate recycling initiatives.",9to5Mac,-0.254869,Somewhat-Bearish
AAPL,2023-02-27,"Apple iPhone's Clean Energy Charging causes stir on social media over battery charging times, 'shaming'","Apple's Clean Energy Charging feature, introduced in iOS 16.1, is causing a stir on social media among iPhone users. The feature aims to reduce carbon footprint by only charging devices when lower carbon-emission electricity is available, leading to some users experiencing slower charging times. Some users are critical, questioning the feature's environmental benefits and claiming Apple ""shames"" them when it's deactivated.",FOX 10 Phoenix,-0.112698,Neutral
AAPL,2023-02-27,Apple pays $12.1 mln fine for alleged app market abuse in Russia - Antimonopoly Service,Apple has paid a 906 million rouble ($12.12 million) fine to Russia's Federal Antimonopoly Service (FAS) over alleged abuse of its dominant position in the mobile apps market. The FAS had ruled in August 2020 that Apple's control over app distribution via its iOS operating system gave its own products a competitive advantage. This settlement follows a previous complaint from cybersecurity company Kaspersky Lab and comes after Apple paused product sales in Russia a year ago due to the conflict in Ukraine.,Reuters,-0.262744,Somewhat-Bearish
AAPL,2023-02-27,How Have the Top U.S. Asset Managers Voted in 2022?,"This article analyzes how the top U.S. asset managers voted on key environmental and social shareholder resolutions in 2022, comparing trends across 2020-2022. It highlights a significant increase in social and environmental resolutions and varying support levels among major asset managers, especially the ""Big Three"" (Vanguard, BlackRock, State Street). The report also examines how sustainable funds within these managers voted compared to their wider fund ranges.",The Harvard Law School Forum on Corporate Governance,0.058186,Neutral
AAPL,2023-02-27,"If I'd invested $1,000 in Berkshire Hathaway shares 25 years ago, here's how much I'd have now!","This article explores the hypothetical returns of investing $1,000 in Berkshire Hathaway B shares 25 years ago. The investment would have grown to $8,208.54, an increase of 713%, outperforming the S&P 500. The author also discusses Berkshire Hathaway's current portfolio, Warren Buffett's views on share buybacks, and the company's succession plans as key considerations for potential investors.",The Motley Fool UK,0.278558,Somewhat-Bullish
AAPL,2023-02-28,BBLU Top Holdings List & Exposure (EA Bridgeway Blue Chip ETF),"This article details the top holdings and exposure breakdown for the EA Bridgeway Blue Chip ETF (BBLU). It lists the top 25 stock holdings by weight, including Broadcom, NVIDIA, and JPMorgan Chase & Co., which collectively comprise over 73% of the fund. Additionally, the article provides a comprehensive analysis of BBLU's geographic, currency, sector, and industry exposure, revealing a 100% focus on the United States and USD, with significant allocations to Technology and Financials.",MarketBeat,0.039206,Neutral
AAPL,2023-02-28,DGRW Top Holdings List & Exposure (WisdomTree U.S. Quality Dividend Growth Fund),"This article details the top holdings and exposure of the WisdomTree U.S. Quality Dividend Growth Fund (DGRW), an equity fund focusing on high dividend yield strategies within North America. It lists the top 25 stock holdings by weight, including NVIDIA, Apple, and Microsoft, which collectively account for over 62% of the fund. Additionally, the article breaks down DGRW's geographic, currency, sector, and industry exposures, showing a predominant focus on the United States and the Technology sector.",MarketBeat,0.245896,Somewhat-Bullish
AAPL,2023-02-28,FTEC Top Holdings List & Exposure (Fidelity MSCI Information Technology Index ETF),"This article details the top holdings and exposure of the Fidelity MSCI Information Technology Index ETF (FTEC). FTEC's portfolio is heavily concentrated in major technology companies like NVIDIA, Apple, and Microsoft, with its top 25 holdings accounting for over 72% of the fund. The ETF shows significant exposure to the United States geographically, and primarily to the Technology sector, particularly Semiconductors & Semiconductor Equipment.",MarketBeat,-0.128202,Neutral
AAPL,2023-02-28,JGRO Top Holdings List & Exposure (JPMorgan Active Growth ETF),"This article details the top holdings and exposure of the JPMorgan Active Growth ETF (JGRO). It provides a list of the top 25 stock holdings by weight, including major technology companies like NVIDIA, Apple, and Alphabet. The article also breaks down JGRO's geographic, currency, sector, and industry exposures, highlighting its significant allocation to the United States and the technology sector.",MarketBeat,0.106906,Neutral
AAPL,2023-02-28,Lightsource bp Places Multi-Year Order for 4GW of First Solar Modules,"Lightsource bp has placed a multi-year order for 4 gigawatts (GW) DC of advanced thin film solar modules from First Solar, to be delivered between 2026 and 2028 for projects in the US. This marks a significant commitment, building on a previous 4.3 GW order, and highlights the companies' collaboration in advancing US solar manufacturing and sustainability efforts. The deal includes First Solar’s Series 6 Plus and next-generation Series 7 modules, with Lightsource bp also committing to First Solar’s advanced high-value recycling program.",Lightsource bp,0.616857,Bullish
AAPL,2023-02-28,PRF Top Holdings List & Exposure (Invesco RAFI US 1000 ETF),"This article provides a detailed breakdown of the Invesco RAFI US 1000 ETF (PRF) holdings. It lists the top 25 stock holdings, including Alphabet, Apple, and Microsoft, which collectively account for 34.92% of the fund. The report also outlines PRF's geographic, currency, sector, industry, and sub-industry exposures, with a primary focus on the United States and the Technology and Financials sectors.",MarketBeat,0.121779,Neutral
AAPL,2023-03-01,IWV Top Holdings List & Exposure (iShares Russell 3000 ETF),"This article details the top holdings of the iShares Russell 3000 ETF (IWV), an equity fund investing in publicly traded companies primarily in North America. The top 25 holdings are listed by weight, with NVIDIA, Apple, and Microsoft leading. It also provides a breakdown of IWV's geographic, currency, sector, and industry exposures, showing a significant concentration in the United States and the Technology sector.",MarketBeat,0.239436,Somewhat-Bullish
AAPL,2023-03-01,Why Target says 2022 was rougher than 2020,"Target Coo John Mulligan stated that 2022 was the most challenging operating environment of his career, even more so than 2020 during the height of the pandemic. Soaring inflation, supply chain issues, and changing consumer patterns led to significant drops in operating income and gross margins. In response, Target plans to cut $2 billion to $3 billion in costs, invest in customer-facing upgrades, expand owned brands and retail media, focus on price points and loyalty programs, and enhance convenience with expanded drive-up returns and store remodels.",Supermarket News,0.097035,Neutral
AAPL,2023-03-02,PNC Bank ends business relationship with Donald Trump Jr's MxM News app company 'without cause',"PNC Financial Services Group Inc. has terminated its business relationship with MxM News, Donald Trump Jr.'s news aggregation app company, without cause. MxM News co-founder Taylor Budowich stated that PNC cited terms and conditions allowing them to re-evaluate business relationships at any time. Trump Jr. criticized the move, calling it another example of ""woke corporations"" targeting conservatives, but confirmed the issue was quickly resolved for MxM News.",Fox News,0.064228,Neutral
AAPL,2023-03-02,The 10 most innovative companies in augmented and virtual reality of 2023,"Fast Company has released its list of the 10 most innovative companies in augmented and virtual reality for 2023, highlighting AR and VR advancements despite a decrease in consumer headset sales. The article discusses how companies like Unity, Meta, Google, Niantic, and Varjo are pushing the boundaries of spatial computing for both consumer and enterprise applications. It also notes Apple's secretive efforts in mixed reality and the overall steady improvement in hardware and software for spatial computing experiences.",Fast Company,0.274868,Somewhat-Bullish
AAPL,2023-03-03,British chip giant Arm chooses New York listing in a blow to London,"British chip designer Arm, owned by Japan's SoftBank, and building materials group CRH have opted for U.S. stock market listings, delivering a blow to London's efforts to attract major companies. Arm stated that a U.S.-only listing in 2023 is the ""best path forward,"" while CRH aims for increased commercial and acquisition opportunities in New York. This decision reinforces concerns that the U.K. stock market is struggling to compete with international rivals despite the British government's lobbying efforts and reforms to capital market rules.",CNBC,0.058652,Neutral
AAPL,2023-03-03,IBM Stock: What Is the Highest Price It Has Ever Been?,"IBM stock reached its all-time high of $148.74 on December 13, 2022, primarily driven by its acquisition of Red Hat and expansion into AI technology. Despite a recent decline and traditionally underperforming compared to some tech giants, its investments in hybrid cloud services and AI suggest potential for future growth, making it a possible long-term investment due to being undervalued.",GOBankingRates,-0.035036,Neutral
AAPL,2023-03-03,IOO: Some Reasons To Stay Faithful Despite The Long Fall Ahead (NYSEARCA:IOO),"The iShares Global 100 ETF (IOO) is an international equity ETF with a diversified portfolio, including major tech companies like Apple and Microsoft. Although the ETF may face a challenging medium term, the author believes it has long-term profit potential. Investors should consider its alternatives as economic recovery in the US could benefit IOO.",Seeking Alpha,-0.067485,Neutral
AAPL,2023-03-03,VT vs ACWI ETF: Which is the Best World ETF?,"This article compares two popular World ETFs, Vanguard's Total World Stock Index Fund ETF (VT) and iShares' MSCI ACWI ETF (ACWI), to help investors decide which is best for their portfolio. It delves into their differences in expense ratios, underlying indices, geographical breakdown, number of constituents, dividend yields, and fund managers, as well as their similarities in strategy, purpose, returns, liquidity, and sector breakdown. The author concludes that VT offers a lower expense ratio and exposure to smaller-cap companies, which might appeal to investors seeking that longer-tail exposure.",Dr Wealth,0.178467,Somewhat-Bullish
AAPL,2023-03-03,WEBTOON and LINE Studio Announce March 14 Launch Date for the True Beauty Mobile Puzzle Game,"WEBTOON and LINE Studio have announced that the ""True Beauty"" mobile puzzle game will launch globally on March 14, available on Google Play and Apple App Store. The game is based on the popular webcomic ""True Beauty,"" which has accumulated over six billion views, and will feature puzzle-style gameplay, fan-favorite characters, and customizable upgrades. Pre-registration for the game is currently open, offering limited edition in-game rewards.",Business Wire,0.26389,Somewhat-Bullish
AAPL,2023-03-05,"Apple Readies Its Next Range of Macs, Including — Finally — a New iMac","Apple is preparing to release a new lineup of Mac computers, notably including an updated iMac model. In addition to hardware news, the company is also facing changes in its executive team with the departure of its cloud chief, progressing with iOS and iPadOS updates, and recently secured an antitrust victory.",Bloomberg.com,0.237774,Somewhat-Bullish
AAPL,2023-03-07,"Sonos CEO Patrick Spence on right to repair, spatial audio and those never-ending lawsuits","Sonos CEO Patrick Spence discusses the company's new Era 100 and Era 300 speakers, focusing on the emergence of spatial audio and its mainstream adoption challenges. He also addresses Sonos' commitment to right-to-repair principles, its premium pricing strategy, the future of the smart home market, and ongoing lawsuits with Google.",TechCrunch,0.092522,Neutral
AAPL,2023-03-07,TSMC customer billed NT$529bn,"TSMC's largest customer, widely believed to be Apple Inc., generated NT$529.65 billion (US$17.32 billion) in revenue for the company last year, marking the first time a single customer contributed over NT$500 billion. Despite this record revenue, the customer's share of TSMC's total sales decreased from 26% in 2021 to 23% in 2022. This shift is attributed to significant growth in TSMC's automotive chip sales, which outperformed those for high-performance computing and smartphones.",Taipei Times,0.103687,Neutral
AAPL,2023-03-07,Virtual try-on is being hit by class actions. Should brands worry?,"Fashion and beauty brands like Dior, Louis Vuitton, and Estée Lauder are facing class-action lawsuits over their use of biometric data collected through virtual try-on technology under the Illinois Biometric Information Privacy Act (BIPA). These lawsuits highlight the need for brands to prioritize clear disclosure and consent regarding customer data, particularly sensitive biometric information, even as virtual try-on continues to grow in popularity and benefits. While legal challenges may represent ""teething problems"" for the industry, experts emphasize the importance of robust security and transparency practices to navigate evolving privacy regulations.",Vogue Business,-0.074017,Neutral
AAPL,2023-03-09,Apple and Foxconn efforts win labour reforms to advance Indian production plans - FT,"Apple and its supplier Foxconn successfully lobbied for significant labor law reforms in India's southern state of Karnataka. These new laws permit 12-hour shifts and night work for women, aligning with practices in China. This move is part of Apple's broader strategy to diversify its production away from China due to COVID-19 disruptions and geopolitical tensions, with new iPhone assembly plants planned for Karnataka.",Reuters,0.440477,Bullish
AAPL,2023-03-09,Sonos Bets on Spatial Audio as a Key Brand Differentiator,"Sonos is positioning spatial audio as a critical differentiator with its new Era 100 and Era 300 speakers. The Era 300 is the first Sonos speaker to support spatial audio, delivering an immersive 3D audio experience tailored for movie and TV content, and is anticipated to be a definitive way to listen to spatial audio mixes. The company believes embracing spatial audio will solidify its leadership in the premium audio market, even as wider streaming support for the technology is still developing.",TechNewsWorld,0.221409,Somewhat-Bullish
AAPL,2023-03-10,Apple Inc. to Launch Apple Music Classical App,"Apple Inc. is launching a new standalone app called Apple Music Classical, specifically designed for classical music enthusiasts. This app will feature over 5 million tracks, immersive spatial audio, curated playlists, composer biographies, and complete metadata for accurate displays. It will be available for pre-order and officially launch on March 28, 2023, at no extra cost for existing Apple Music subscribers.",The Violin Channel,-0.076871,Neutral
AAPL,2023-03-12,Four Ways to Cluster based on Correlation,"This article explores four methods to cluster 20 companies based on the correlation of their stock prices. It aims to see if these methods can accurately classify companies into categories like tech or oil and gas, as an alternative to clustering based on raw stock prices. The objective is to validate whether correlation-based clustering reveals meaningful industry groupings.",DataDrivenInvestor,0.112995,Neutral
AAPL,2023-03-12,"From Apple to Boeing, India is being put to the test as China manufacturing alternative","India is emerging as a potential manufacturing alternative to China, attracting major companies like Boeing and Apple. While significant deals, such as Boeing's record-breaking aircraft order, signal growing ties, India faces substantial hurdles including bureaucracy, lagging infrastructure, and red tape in its ambition to become a global manufacturing hub. Despite these challenges, India's economic growth projections and strategic partnerships indicate a strong push towards self-reliance and increased integration into global supply chains.",CNBC,0.216394,Somewhat-Bullish
AAPL,2023-03-12,Super-investor Mohnish Pabrai’s value investing principles,"Mohnish Pabrai, founder and CEO of Pabrai Investment Funds, is a value investor inspired by Warren Buffett. He has amassed a significant net worth by focusing on undervalued stocks for the long term, despite only holding a few select companies. The article outlines five of Pabrai's key investment strategies, including minimizing downside risk, avoiding shorting, approaching retail investments cautiously, buying at ""maximum pessimism,"" and understanding a company's ""DNA structure.""",Daily Investor,0.085383,Neutral
AAPL,2023-03-14,Fall Detection Systems Market Current Status and Future,"The Fall Detection Systems market is experiencing significant growth driven by an aging global population and increased chronic diseases. These systems are crucial for quickly alerting caregivers or emergency services in the event of a fall, providing peace of mind for seniors and their families, and helping to maintain independence. The market is segmented by type, technology, and end-user, with key players like Koninklijke Philips N.V., ADT Security Services, and Apple Inc. involved in developing these essential health monitoring solutions.",openPR.com,0.595893,Bullish
AAPL,2023-03-14,Federal Circuit Allows Apple’s Fintiv Challenge To Proceed,"The Federal Circuit Court of Appeals has revived Apple's challenge to the PTAB's Fintiv practice of discretionary denials, allowing it to proceed to the district court. This decision questions the USPTO's ability to issue rules through precedential decisions rather than traditional notice-and-comment rulemaking. The resolution of this case could significantly impact how the USPTO operates regarding Inter Partes Review practices.",Crowell & Moring LLP,0.332898,Somewhat-Bullish
AAPL,2023-03-16,MLBN and Apple TV+ national broadcasts to show Zoom Replay Operations Center live under new deal,"Major League Baseball (MLB) and Zoom Video Communications (NASDAQ: ZM) have announced a new partnership that will enhance the fan viewership experience by showing the Zoom Replay Operations Center live on MLB Network and Apple TV+ national broadcasts. This collaboration aims to create a more transparent replay review process, allowing fans to see the decision-making in action and hear from expert rules analysts. Beyond broadcasts, the deal also includes standardizing replay reviews with Zoom technology for on-field umpires and broader league-wide Zoom integration for secure information transmission, including the MLB Draft.",Awful Announcing,0.269879,Somewhat-Bullish
AAPL,2023-03-17,Los avisos de consumo que implementó el BBVA en la app (incluye débito),"BBVA has implemented an immediate consumption alert system in its banking app, including for debit card transactions, which was not previously available through traditional card services like Visa Home or MasterConsultas. This new feature provides real-time notifications for purchases, improving security and enabling better tracking of expenses, especially for travelers. The author discusses the system's effectiveness, contrasting it with the outdated notifications from card networks, and hopes other banks will adopt similar immediate alert systems.",Sir Chandler,0.230316,Somewhat-Bullish
AAPL,2023-03-19,Buffett's Berkshire Hathaway speeds up stock buybacks,"Warren Buffett's Berkshire Hathaway Inc. has significantly increased its stock buybacks, repurchasing over $1.8 billion worth of its shares this year. This move suggests that Buffett and Charlie Munger believe Berkshire's stock is undervalued, following nearly $60 billion in buybacks between 2020 and 2022. The company sees repurchases as a prudent use of its substantial cash reserves, despite a proposed quadrupling of the 1% excise tax on buybacks.",Reuters,0.097618,Neutral
AAPL,2023-03-21,"Consider CVLC for Broad-Based, Large-Cap ESG Exposure","The Calvert US Large-Cap Core Responsible Index ETF (CVLC) offers investors broad exposure to environmental, social, and governance (ESG) principles, particularly focusing on climate change and net-zero trends. Launched in February by Morgan Stanley Investment Management, CVLC includes companies like Apple, Amazon, and Tesla that are actively pursuing net-zero goals. The ETF helps investors identify companies genuinely committed to ESG, making it a relevant option as net-zero becomes an increasingly important investment criterion.",ETF Trends,0.402861,Bullish
AAPL,2023-03-21,"For Broad-Based Large-Cap ESG Exposure, See CVLC","The article highlights the Calvert US Large-Cap Core Responsible Index ETF (CVLC) as a significant option for investors seeking broad-based large-cap ESG exposure, particularly focusing on climate change and net-zero goals. It emphasizes CVLC's ability to identify companies taking actual steps towards net-zero objectives, citing examples like Apple, Amazon, and Tesla. The ETF offers a tangible way for investors to align their portfolios with values related to environmental sustainability and responsible investing.",ETF Database,0.341368,Somewhat-Bullish
AAPL,2023-03-21,"Raja Koduri, Main Driver Of Intel’s GPU Efforts, To Leave Company","Raja Koduri, Intel's chief architect and the main driver behind its discrete GPU efforts, is leaving the company at the end of March to start a new software company focused on generative AI for gaming, media, and entertainment. Koduri had been with Intel for over five years, leading the buildout of its graphics capabilities and serving as chief architect for most of his tenure. His departure comes as Intel announced cuts to its data center GPU roadmap and delays to Falcon Shores.",CRN Magazine,-0.051423,Neutral
AAPL,2023-03-22,AB US Low Volatility Equity ETF Holdings,"This article details the holdings of the AB US Low Volatility Equity ETF (LOWV), which was established on March 22, 2023. The ETF focuses on large- and mid-cap US stocks, actively managed to achieve lower volatility than the broader market. Key holdings include major technology companies like Alphabet, Microsoft, Apple, NVIDIA, and Amazon, alongside diversified investments across various sectors.",Quiver Quantitative,0.135867,Neutral
AAPL,2023-03-24,Friday Q&A: Movano takes on the women’s wearables market with a smart ring,"Movano Health is launching the Evie ring, a smart ring specifically designed for women's health, focusing on metrics like heart rate, blood oxygen, menstrual symptoms, and sleep patterns. The company aims for FDA clearance of its heart rate and blood oxygen monitoring features and is developing a radio frequency-enabled sensor for blood pressure and glucose monitoring. Movano's unique approach to accuracy, especially in glucose monitoring, utilizes millimeter wave technology to overcome limitations of light-based methods.",MedTech Dive,0.223709,Somewhat-Bullish
AAPL,2023-03-24,Taiwan PCB makers moving production to Southeast Asia,"Taiwanese Printed Circuit Board (PCB) manufacturers are relocating production from China to Southeast Asian countries like Thailand, Malaysia, and Vietnam. This move is driven by factors such as investment incentives and lower manufacturing costs in these regions, despite challenges including wastewater management and anti-Chinese sentiment in some areas. Companies like Unimicron, Kinsus Interconnect Technology, and Tripod Technology are establishing or expanding facilities, capitalizing on the growing semiconductor supply chain in Malaysia and Vietnam.",digitimes,0.139294,Neutral
AAPL,2023-03-25,Beloved clothing store closes - leaving customers scrambling for new options,"The clothing retailer Buckle is closing one of its North Carolina stores at Northlake Mall on March 26, following Apple's recent departure from the same location. This closure is linked to a period of scrutiny for the mall due to a series of shootings, which council members say has led to 25% vacancy rates. Despite not citing the shootings as a reason, Buckle will continue operating in nearby malls.",The Sun,-0.189432,Somewhat-Bearish
AAPL,2023-03-25,Skip Big Tech And Buy Bank of America (NYSE:BAC),"The article suggests investors consider Bank of America (BAC) over large tech stocks, particularly in light of recent banking sector pressures. It highlights the significant opportunities created by these pressures for both regional and large banks. Bank of America is presented as an attractive investment due to its strong dividend growth record, with a five-year DGR of 15% and nine consecutive years of dividend increases.",Seeking Alpha,0.288426,Somewhat-Bullish
AAPL,2023-03-27,Apple CEO Tim Cook meets with China's commerce minister on supply chain,"Apple CEO Tim Cook met with China's minister of commerce, Wang Wentao, to discuss industrial and supply chain stabilization. This meeting took place while Cook was in China to attend the China Development Forum, and follows a period of strict lockdowns and supply chain disruptions in the country. The discussion also occurred as Apple is reportedly working to diversify its production away from a heavy reliance on China, with major supplier Foxconn planning a new factory in India.",CNBC,-0.109169,Neutral
AAPL,2023-03-28,Apple introduces Apple Pay Later to allow consumers to pay for purchases over time,"Apple has introduced Apple Pay Later in the U.S., allowing users to split purchases between $50 and $1,000 into four payments over six weeks with no interest or fees. Designed with financial health in mind, the service integrates into Apple Wallet for easy tracking and management of loans, with repayment via linked debit cards. Apple Financing LLC, a subsidiary of Apple Inc., is responsible for credit assessment and lending, and will report loans to U.S. credit bureaus starting in the fall, while Mastercard and Goldman Sachs facilitate the program.",Apple,0.34454,Somewhat-Bullish
AAPL,2023-03-28,"Apple launches 'buy now, pay later' service in US","Apple Inc. has launched its ""buy now, pay later"" (BNPL) service, Apple Pay Later, in the United States, posing a threat to established fintech firms like Affirm and Klarna. The service allows users to split purchases into four interest-free payments over six weeks for amounts between $50 and $1,000 on Apple Pay-enabled online and in-app purchases. This move has already impacted competitors' stock, with Apple directly underwriting, funding, and collecting on the loans.",Reuters,0.053253,Neutral
AAPL,2023-03-28,AutoCAD for Mac 2024: New Collaboration Enhancements and Improved Performance With M-Series Chips,"AutoCAD for Mac 2024 and AutoCAD LT for Mac 2024 have been released, introducing significant performance enhancements, particularly for Apple Silicon M-series chips, which can double performance compared to the previous version. The new release focuses on improving collaboration and automation with features like Markup Import and Markup Assist, Smart Blocks for automatic block placement, and updates to the Trace environment. Additionally, it includes 3D Color Background customization, 3D Connexion device support, and new language support for Italian and Spanish.",Autodesk,0.319855,Somewhat-Bullish
AAPL,2023-03-29,"Apple Introduces Buy Now, Pay Later Service. Here's How It Will Work.","Apple is launching a ""buy now, pay later"" service, integrated with Apple Pay and Mastercard, which will require debit card and bank account payments rather than credit cards, and will not charge late fees. The loans will be interest-free, but missed payments could lead to loss of access to the service and be reported to credit bureaus. This service aims to provide a flexible payment option, especially for consumers seeking alternatives to traditional credit, though experts advise caution regarding potential debt accumulation and lack of consumer protections compared to credit cards.",NBC Bay Area,0.127983,Neutral
AAPL,2023-03-29,Investment Giant Fidelity Offers New Metaverse and Crypto Payments ETFs,"Fidelity Investments, managing over $4.2 trillion in assets, has launched two new ETFs: the Fidelity Crypto Industry and Digital Payments ETF (FDIG) and the Fidelity Metaverse ETF (FMET). These new offerings aim to expand Fidelity's presence in the digital ecosystem, catering to growing investor demand, especially from younger demographics, for exposure to crypto and metaverse industries. While FDIG does not offer direct crypto exposure, it invests in companies supporting the digital asset ecosystem, and FMET focuses on companies building out the metaverse.",Coin Bureau,0.335386,Somewhat-Bullish
AAPL,2023-03-29,Live Nation head says ‘speculative ticketing’ to blame for difficulty with buying event tickets,"Live Nation Entertainment President and Chief Financial Officer Joe Berchtold attributes difficulties in buying event tickets to ""speculative ticketing"" by secondary sellers. He explained that these sellers list tickets they don't yet possess and use bots to acquire them when sales officially open. Berchtold also highlighted Live Nation's push for a ""Fair Ticketing Act"" to combat these practices, make speculative ticketing illegal, and ensure transparent ""all-in pricing"" for consumers.",The Hill,-0.148775,Neutral
AAPL,2023-03-31,Apple lawsuit claims company fails to pay overtime compensation at correct rate,"A class action lawsuit has been filed against Apple Inc. alleging that the company fails to properly compensate its non-exempt employees for overtime. The lawsuit claims Apple does not include the value of vested restricted stock units in the regular rate of pay when calculating overtime, thereby violating the Fair Labor Standards Act (FLSA). The plaintiff, Francis Costa, seeks to represent a nationwide class of current and former non-exempt Apple employees who were awarded and vested restricted stock units.",Class Action Lawsuits,-0.43012,Bearish
AAPL,2023-03-31,Apple wins appeal against UK's decision to investigate its mobile browser,"Apple Inc. has successfully appealed the UK's Competition and Market Authority (CMA) decision to investigate its mobile browser and cloud gaming services. The Competition Appeal Tribunal ruled that the CMA had no power to launch the probe so late, as it should have been initiated at the time of a related report in June. The CMA expressed disappointment, stating the ruling limits its ability to investigate markets efficiently.",Reuters,0.325604,Somewhat-Bullish
AAPL,2023-03-31,Is Google ending?,"This article explores whether Google's dominance in search and AI is coming to an end, citing challenges like failed product launches (Duplex), internal scandals, and a talent drain. The rise of competitors like OpenAI's ChatGPT and increased competition from Amazon and Apple in online search are highlighted as significant threats. Despite these setbacks, the article concludes that Google's vast resources, default search engine status, and strategic investments in AI mean it is still too early to write the company off.",Sify News,-0.053676,Neutral
AAPL,2023-03-31,SPDR S&P 500 (SPY) Stock: Breakout Leveraging Tech Stocks Rally?,"The SPDR S&P 500 (SPY) ETF has shown a positive resurgence in 2023, largely driven by gains in tech and semiconductor stocks, which comprise a significant portion of its portfolio. Technical analysis suggests a potential bullish breakout for SPY, with indicators pointing to an upcoming rally. Investors are advised to watch support levels and anticipate a rise leveraging the strength of its underlying tech holdings.",The Coin Republic,0.373485,Bullish
AAPL,2023-03-31,Top and Flop ETFs of March,"The U.S. stock market experienced extreme volatility in March, characterized by bank failures and a tech-driven rally. This article highlights the top and flop ETFs of the month, with technology and gold-related funds performing well, while regional bank and natural gas ETFs saw declines.",Nasdaq,0.302118,Somewhat-Bullish
AAPL,2023-04-03,12 Most Advanced Countries in the World In 2023,"This article identifies the 12 most technologically advanced countries in the world for 2023, based on internet and LTE usage, innovation capacity, and GDP allocated to R&D. South Korea, the USA, and Denmark lead the list, recognized for their robust tech sectors, strong educational systems, and significant investments in research and development. The article highlights that no single region dominates technological progress, underscoring the collaborative and diverse nature of global innovation.",WorldAtlas,0.41666,Bullish
AAPL,2023-04-03,Garmin Forerunner 265 review: Brilliant but far too expensive,"The Garmin Forerunner 265 is praised for its accuracy, new AMOLED screen, and improved training features like Training Readiness. However, the review criticizes its significant price increase of £130 over its predecessor, the Forerunner 255, making it a difficult recommendation despite its excellent performance. The article suggests that consumers might be better off with the older, cheaper model or other Garmin alternatives.",Expert Reviews,-0.061567,Neutral
AAPL,2023-04-03,"ProShares Ultra QQQ 2x Shares (QLD) Stock Price, Holdings, Dividend Yield","This article provides a detailed overview of ProShares Ultra QQQ 2x Shares (QLD), including its stock price, key statistics, top holdings, and dividend information. It highlights QLD's current portfolio value of $6.70 billion with top holdings like NVIDIA, Microsoft, and Apple, and details its performance and historical data. The article also lists recent trades and key fundamental data.",GuruFocus,0.178387,Somewhat-Bullish
AAPL,2023-04-03,"Schwab 1000 Index ETF (SCHK) Stock Price, Holdings, Dividend Yield","This article provides a comprehensive overview of the Schwab 1000 Index ETF (SCHK), detailing its stock price, holdings, dividend yield, and key financial statistics. As of November 30, 2025, SCHK held 994 stocks with a total value of $4.83 billion, with top holdings including NVIDIA, Apple, and Microsoft. The ETF also shows various performance metrics, key statistics, and historical data like PE and PB ratios, and dividend information.",GuruFocus,0.225306,Somewhat-Bullish
AAPL,2023-04-03,"iShares MSCI USA Quality Factor ETF (QUAL) Stock Price, Holdings, Dividend Yield","This article provides a detailed overview of the iShares MSCI USA Quality Factor ETF (QUAL), including its stock price, key statistics, top holdings, dividend data, and historical performance. As of the latest N-PORT filing on 2025-07-31, QUAL holds 125 stocks with NVIDIA, Microsoft, and Apple as its top positions. The ETF has a current dividend yield of 0.94% and a P/E ratio of 26.81.",GuruFocus,0.223797,Somewhat-Bullish
AAPL,2023-04-04,"iShares Russell Top 200 Growth ETF (IWY) Stock Price, Holdings, Dividend Yield","This article provides a detailed overview of the iShares Russell Top 200 Growth ETF (IWY), covering its stock price, holdings, dividend yield, and key financial statistics. It highlights the ETF's top holdings as of December 31, 2025, which include NVIDIA, Apple, Microsoft, Amazon, and Alphabet. The report also details the ETF's performance, asset allocation, and historical data like price-to-earnings and dividend yields.",GuruFocus,0.198495,Somewhat-Bullish
AAPL,2023-04-05,Apple and global suppliers expand renewable energy to 13.7 gigawatts,"Apple announced that its manufacturing partners now support over 13 gigawatts of renewable electricity globally, a 30% increase from the previous year. More than 250 suppliers across 28 countries are committed to using 100% renewable energy for Apple production by 2030, covering over 85% of its direct manufacturing spend. Apple also highlighted its $4.7 billion Green Bonds, which fund clean energy solutions, low-carbon design, energy efficiency, and carbon removal, contributing to the avoidance of 17.4 million metric tons of carbon emissions last year.",Apple,0.476857,Bullish
AAPL,2023-04-05,EMBD Stock Price | Global X Emerging Markets Bond ETF,"This article provides detailed information about the Global X Emerging Markets Bond ETF (EMBD), including its current stock price, trading exchange (NYSE), and various key statistics such as dividend yield, expense ratio, and holdings. It also covers technical analysis ratings and performance metrics, offering a comprehensive overview for potential investors.",Investing.com,0.326833,Somewhat-Bullish
AAPL,2023-04-05,"Flaherty & Crumrine Total Return Fund Inc. (FLC) Stock Live Price, Chart & News","This article provides live stock price, chart, and news for Flaherty & Crumrine Total Return Fund Inc. (FLC). It details current trading information, performance statistics, and fundamental data for FLC, which is trading on the NYSE. The article also includes a list of recent news headlines related to FLC from Seeking Alpha, highlighting past analysis and outlooks on the fund.",CoinCodex,0.108328,Neutral
AAPL,2023-04-05,Frontdoor App Changes the Game of Home Repair and Maintenance,"Frontdoor, Inc. has launched a new app that aims to revolutionize home repair and maintenance by connecting homeowners with pre-qualified experts via video chat. The app, available in mid-April, offers various features including DIY tips, maintenance reminders, and discounts. A new campaign from Fallon and Chemistry supports the launch, which also marks a reunion of brand and agency leaders.",Little Black Book | LBBOnline,0.27014,Somewhat-Bullish
AAPL,2023-04-05,"Green Visor Financial Technology Acquisition Corp. I (GVCI) Stock Live Price, Chart & News","This article provides live stock price, chart, and news for Green Visor Financial Technology Acquisition Corp. I (GVCI). It shows the current stock price, market capitalization, trading volume, and performance metrics. The company's stock trades on NASDAQ and currently has a bullish price prediction according to the site.",CoinCodex,0.086268,Neutral
AAPL,2023-04-05,"PGIM High Yield Bond Fund, Inc. (ISD) Stock Forecast & Price Prediction 2026–2030","This article provides a comprehensive stock forecast for PGIM High Yield Bond Fund, Inc. (ISD) from 2026 to 2030 and beyond, utilizing technical analysis. It shows short-term predictions for the next five days and long-term monthly predictions up to 2057, indicating a generally bearish sentiment with expected price decreases over time. The forecast, based on moving averages and other indicators, suggests ISD will not reach significantly higher price targets like $100.",CoinCodex,-0.235215,Somewhat-Bearish
AAPL,2023-04-06,Apple says 'Hello Mumbai' at first India store launch,"Apple Inc. has revealed the appearance of its first retail store in India, located in Mumbai, which is expected to open in April. India has become a significant market for Apple, leading to the launch of an online retail store in 2020 and plans to expand manufacturing operations for products like iPhones, iPads, and AirPods within the country. The new store's design is inspired by Mumbai's iconic black and yellow taxis.",Reuters,0.19923,Somewhat-Bullish
AAPL,2023-04-06,General Motors hates your iPhone,"General Motors has decided to remove CarPlay and Android Auto support from its future electric vehicles, opting instead for its own Android Automotive-based infotainment system. This decision, driven by GM's desire for increased control over data and subscription revenues, is criticized for prioritizing corporate interests over user convenience and potentially degrading the in-car experience. The article raises concerns about app compatibility, data syncing, and the long-term software quality in GM vehicles, questioning whether other automakers will follow suit or leverage CarPlay as a competitive advantage.",Six Colors,-0.392116,Bearish
AAPL,2023-04-06,"iShares Global 100 ETF (IOO) Stock Price, Holdings, Dividend Yield","This article provides a comprehensive overview of the iShares Global 100 ETF (IOO), detailing its stock price, current holdings, and dividend yield. As of its latest N-PORT filing on September 30, 2025, IOO primarily invests in major tech companies like NVIDIA, Microsoft, Apple, Amazon, and Broadcom. The ETF manages $7.30 billion in common equities with a 0% turnover rate, offering key statistics and historical performance data.",GuruFocus,0.190748,Somewhat-Bullish
AAPL,2023-04-08,Apple sued to stop App Store clones of Baidu's Ernie AI chatbot,"Baidu has initiated legal action against Apple and various app developers in Beijing, seeking the removal of numerous unauthorized ""Ernie bot"" applications from the App Store. The Chinese tech giant claims that these apps are fake, as Baidu has not yet released an official application for its Ernie AI chatbot, which is similar to ChatGPT. Baidu has warned users that any Ernie app currently available is counterfeit and has urged caution against selling access codes for the bot.",AppleInsider,-0.170746,Somewhat-Bearish
AAPL,2023-04-09,Social Livestreaming Platform Bigo Live Removed From App Store,"Bigo Live, a social livestreaming platform, has been removed from the App Store. The article by Pandaily reports on this development.",Pandaily,-0.144906,Neutral
AAPL,2023-04-10,"Baidu sues Apple, app developers over fake Ernie bot apps","Baidu has filed lawsuits against app developers and Apple Inc. over counterfeit versions of its AI-powered Ernie bot app appearing on Apple's App Store. The Chinese search engine giant clarified that no official Ernie app currently exists and warned against purchasing access codes. Baidu's Ernie bot, launched last month, is considered China's answer to ChatGPT.",Reuters,-0.238133,Somewhat-Bearish
AAPL,2023-04-10,Domino’s Introduces In-Car Ordering,"Domino's Pizza has launched a new in-car ordering system through its iOS app on Apple CarPlay, allowing customers to place orders without waiting in drive-thru lines. This new feature, part of Domino's AnyWare ordering platforms, offers ""Tap to Order"" for saved meals or ""Call to Order"" for hands-free placement. Domino's is among the first quick-service restaurants to offer this convenient on-the-go ordering method.",QSR Magazine,0.384773,Bullish
AAPL,2023-04-10,Introducing Domino's® on Apple CarPlay®: The Easiest Way to Order Pizza on the Go,"Domino's Pizza has launched a new ordering feature through its iOS app on Apple CarPlay, allowing customers to easily order pizza on the go through ""Tap to Order"" or ""Call to Order"" options. This integration highlights Domino's leadership in combining technology with pizza ordering convenience, aiming to enhance customer experience and offering an alternative to traditional drive-thru waiting. The company reported global retail sales exceeding $17.5 billion in 2022, with a substantial portion from digital channels, underscoring its strong market presence and reliance on tech-driven solutions for ordering.",Stock Titan,0.315174,Somewhat-Bullish
AAPL,2023-04-12,"Apple iPhone 15 Pro, iPhone 15 Pro Max Might Stick To Physical Instead Of Solid State Buttons","Apple analyst Ming-Chi Kuo reports that the iPhone 15 Pro and 15 Pro Max will likely retain physical buttons instead of moving to solid-state buttons due to unresolved technical challenges. This change might negatively impact Taptic Engine component suppliers like Cirrus Logic and AAC Technologies. However, it is not expected to delay mass production or shipments, and the solid-state button concept may be pushed to the iPhone 16 series.",Mashable India,-0.087231,Neutral
AAPL,2023-04-12,"TSMC’s Taiwan factory plans have not changed, says minister","Taiwan's Economy Minister Wang Mei-hua stated that TSMC's investment plans for its new chip factory in Kaohsiung, Taiwan, remain unchanged, despite a media report suggesting a slowdown in expansion. Wang emphasized that TSMC continues to view Taiwan as its global R&D and manufacturing hub. TSMC had previously postponed plans to build advanced 7-nanometre chips at the Kaohsiung plant, though the facility will still produce 28-nanometre semiconductors.",Al Jazeera,0.152928,Somewhat-Bullish
AAPL,2023-04-13,"10 up-and-coming stocks, according to Gen Z","A Piper Sandler report highlights ten stocks popular with Gen Z, who spend an estimated $67 billion annually. These companies, including Crocs, e.l.f. Cosmetics, and Lululemon, are favored by teens for their products and services, leading analysts to give them ""overweight"" ratings and strong price targets. The article details why each company resonates with Gen Z and their current stock performance.",Fortune,0.364555,Bullish
AAPL,2023-04-13,Apple Triples India iPhone Output to $7 Billion in China Shift,"Apple Inc. significantly increased its iPhone production in India last fiscal year, reaching over $7 billion, which represents a nearly threefold increase. This expansion underscores Apple's strategy to diversify its manufacturing base and reduce its reliance on China, with India now producing almost 7% of global iPhones. This marks a substantial jump from 2021, when India contributed only an estimated 1% of the world's iPhones.",Bloomberg.com,0.430779,Bullish
AAPL,2023-04-13,Apple will use 100 percent recycled cobalt in batteries by 2025,"Apple announced a significant acceleration of its efforts to use recycled materials in its products, setting a goal to use 100% recycled cobalt in all Apple-designed batteries by 2025. By the same year, magnets in Apple devices will use entirely recycled rare earth elements, and all Apple-designed printed circuit boards will incorporate 100% recycled tin soldering and gold plating. This initiative is part of Apple's broader commitment to eventually make all products with only recycled and renewable materials and achieve carbon neutrality by 2030.",Apple,0.479276,Bullish
AAPL,2023-04-13,Legal Briefs: News From Around NH,"This article provides a round-up of legal news from New Hampshire. Key updates include the launch of a new cloud-based child support system by Conduent Inc. for the NH Department of Health and Human Services, the nomination of Associate Attorney General Anne M. Edwards for a Superior Court judgeship, and upcoming oral arguments before the Supreme Court regarding gerrymandering challenges. Additionally, three new attorneys have joined the Devine Millimet law firm.",NH Business Review,0.107993,Neutral
AAPL,2023-04-16,Apple Plans to Launch More Than Just Its New Headset at WWDC,"Apple's upcoming Worldwide Developers Conference in June 2023 is expected to be a major product launch event, featuring not only the anticipated mixed-reality headset but also new Macs, watchOS 10, and iOS 17. The article highlights other recent Apple news, including the passing of its communications chief, new Mac testing, and the opening of its first India stores.",Bloomberg.com,0.314433,Somewhat-Bullish
AAPL,2023-04-17,Autodesk Technology Engagement Center breaks ground at CSUN,"California State University, Northridge has broken ground on the $50-million Autodesk Technology Engagement Center, which will house the Global Hispanic Serving Institution Equity Innovation Hub. This new facility aims to steer Latinos and other underserved communities into STEM careers through research labs, a maker space, and student showcase areas. Funded by Autodesk, the State of California, and Apple, the center will leverage XR technology and address the underrepresentation of the Latino community in the tech industry.",Urbanize LA,0.40222,Bullish
AAPL,2023-04-17,Ben & Jerry's ice cream 'scoopers' launch union drive,"Workers at the flagship Ben & Jerry's scoop shop in Burlington, Vermont, have initiated a union drive over concerns regarding pay, health benefits, and having a voice in staffing decisions. They are organizing with Workers United, the same union involved in the Starbucks organizing campaign. This move comes as the ice cream maker, known for its social justice values, faces increased unionization efforts across various companies.",Fortune,-0.112906,Neutral
AAPL,2023-04-17,Magna to engineer and build off-road electric vehicle for industrial group Ineos,"Magna International Inc. will engineer and build electric off-road vehicles for U.K.-based industrial conglomerate Ineos Group Ltd. Production is expected to start in 2026 at Magna's facility in Graz, Austria, expanding on their previous collaboration for Ineos's fossil-fuel powered Grenadier. Magna is also investing significantly in Canada to increase its EV-related production capacity.",TownAndCountryToday.com,0.089027,Neutral
AAPL,2023-04-18,Samsung competes with Apple on rising non-terrestrial network market,"Samsung is entering the non-terrestrial network (NTN) market, developing a modem chip for its Galaxy smartphones to rival Apple, Qualcomm, and MediaTek. The global NTN market, which enables communication via satellites in remote areas, is projected to grow significantly to $8.8 billion by 2026. Samsung's Exynos Modem 5300 will offer 5G NTN capabilities, competing with Apple's iPhone 14 series and upcoming solutions from Qualcomm and MediaTek.",KED Global,0.251231,Somewhat-Bullish
AAPL,2023-04-18,YieldMax APLY ETF Seeks Income Through Call Options on Apple Stock,"The YieldMax APLY Option Income Strategy ETF (APLY) has launched, aiming to generate monthly income by selling call options on Apple (AAPL) stock. APLY, managed by Toroso Investments and ZEGA Financial, uses a synthetic covered call strategy to provide exposure to AAPL’s returns and income from option premiums, without directly investing in the stock. It operates with an expense ratio of 0.99% and maintains its strategy regardless of market conditions.",ETF Trends,0.172101,Somewhat-Bullish
AAPL,2023-04-20,"Big Tech Illegally Uses NDAs to Silence Would-Be-Whistleblowers, SEC Tips Allege","The SEC has received whistleblower tips alleging that major tech companies, including an Apple Inc. subcontractor, Electronic Arts Inc., and Block Inc., are using illegally restrictive non-disclosure agreements (NDAs). These NDAs reportedly forbid employees from reporting misconduct to the SEC, in violation of Rule 21F-17 of the SEC Whistleblower Program. The law firm Kohn, Kohn & Colapinto LLP filed these complaints, highlighting a perceived willful disregard for the law given previous SEC enforcement actions against such agreements.",Whistleblower Network News,-0.277436,Somewhat-Bearish
AAPL,2023-04-20,Semiconductor industry electricity consumption to more than double by 2030: study,"A Greenpeace East Asia report projects that global semiconductor manufacturing will consume 237 terawatt hours of electricity by 2030, more than doubling current levels and equating to Australia's 2021 electricity consumption. This energy-intensive industry, critical to the tech supply chain, is also set to emit 86 million tonnes of CO2e by 2030, exceeding Portugal's 2021 total emissions. The report criticizes major manufacturers like Samsung and TSMC for their reliance on fossil fuels and lack of ambitious 100% renewable energy commitments by 2030, urging them to accelerate renewable energy development in East Asia.",Greenpeace,-0.259151,Somewhat-Bearish
AAPL,2023-04-20,TSMC seeks $15B in U.S. support despite ‘unacceptable’ conditions,"Taiwan Semiconductor Manufacturing Co. (TSMC) is seeking $15 billion in U.S. government aid for its Arizona chip plants but finds some of the conditions attached to the CHIPS Act funding ""unacceptable."" The primary concern involves rules requiring profit-sharing if returns exceed projections, which TSMC chairman Mark Liu fears could complicate profit calculations and make the Arizona investment less attractive. Other conditions, like providing affordable childcare and restrictions on expanding manufacturing in ""countries of concern"" such as China, also pose challenges for chipmakers.",Fortune,-0.051454,Neutral
AAPL,2023-04-21,Evaluating ESG’s Role in Creating Value,"This article examines the increasing demand for ESG commitments from companies and evaluates their impact on financial performance. A Bain & Company study suggests that while not always directly correlated, ESG activities are associated with positive financial outcomes like revenue growth and improved EBITDA margins. The article emphasizes that ESG efforts, particularly in social and governance areas like diversity, contribute to the overall success and profitability of companies.",ETF Trends,0.377177,Bullish
AAPL,2023-04-24,Eye on Tap to Pay: MagicCube Teams Up With ACI; Fiserv Offers Tap to Pay on Clover,"MagicCube and Fiserv are expanding the adoption of tap-to-pay technology on smartphones for merchants. MagicCube partnered with ACI Worldwide to enable small and mid-sized merchants to accept contactless payments with or without a PIN, enhancing payment acceptance without additional POS terminals. Simultaneously, Fiserv introduced Tap to Pay on iPhone for its Clover merchants, allowing them to accept contactless payments via the Clover Go iOS app, increasing flexibility and customer engagement.",Digital Transactions,0.318313,Somewhat-Bullish
AAPL,2023-04-25,3 reasons why the Vanguard MSCI Index International Shares ETF (VGS) could be an excellent investment for beginners,"The Vanguard MSCI Index International Shares ETF (VGS) is presented as an excellent investment option for beginners due to its significant diversification across major developed markets and sectors, its strong long-term performance, and its low management fees. The ETF offers exposure to over 1,400 businesses globally, including tech giants, and has historically delivered solid returns while keeping costs down.",The Motley Fool Australia,0.328565,Somewhat-Bullish
AAPL,2023-04-27,Elon Musk Threatens to Sue Microsoft Over Alleged Illegal Data Usage,"Elon Musk is threatening to sue Microsoft, alleging unauthorized use of Twitter's data for training its AI models. This comes after Microsoft stopped supporting Twitter on one of its advertising platforms due to Musk's high asking price for API access. Musk claims Microsoft ""trained illegally using Twitter data"" and sees this as an opportune moment for legal action, especially given Microsoft's $10 billion investment in OpenAI and the integration of GPT-4 into Bing.",Vision Times,-0.060993,Neutral
AAPL,2023-04-27,"In Masimo v. Apple Trial Twist, Jurors Suddenly Learn Apple Hired Many Masimo Employees","During the Masimo v. Apple trade secrets trial, a dramatic turn occurred when an Apple witness violated a pre-trial order, leading the judge to reverse his decision and allow Masimo to introduce new evidence. Jurors subsequently learned that Apple had hired at least seven Masimo employees, not just the two initially disclosed. This revelation, along with evidence of Apple's ""Project Everest"" targeting Masimo, allowed Masimo to present a fuller picture of Apple's hiring practices amidst closing arguments in the high-stakes $3 billion trial.",Strata-gee.com,0.157308,Somewhat-Bullish
AAPL,2023-04-27,Webull expands to Japan,"Webull Corporation has launched a local version of its trading app in Japan through Webull Securities (Japan) Co. Ltd., offering Japanese investors access to thousands of U.S. listed stocks and ETFs, including fractional shares. This expansion follows successful launches in Singapore and Australia, with plans to introduce Japanese securities, U.S. options, and Chinese and Hong Kong S.A.R. securities later in the year. The platform aims to attract both experienced and new investors with its convenient mobile trading tools and low commissions.",PR Newswire,0.385695,Bullish
AAPL,2023-04-30,"Starbucks, Ford, Apple Lead Another Busy Earnings Week","Starbucks, Apple, Marriott, Uber, Ford, and CVS Health are among the major companies scheduled to report their quarterly earnings in the coming days. These reports will provide insights into consumer spending habits amid a slowing economy and persistent inflation. Most companies have already exceeded Wall Street's expectations for the quarter.",The Wall Street Journal,0.123195,Neutral
AAPL,2023-05-01,"Forerunner 965, 265, 265S: Everything to know about Garmin’s first AMOLED display-toting running watches in India","Garmin has launched its first AMOLED display running watches in India, including the Forerunner 965, 265, and 265S. These watches offer extensive tracking features for runners and triathletes, with the 965 boasting advanced mapping and longer battery life. The prices are Rs 67,490 for the Forerunner 965 and Rs 50,490 for the 265 series, and they are available both online and offline.",The Financial Express,0.212702,Somewhat-Bullish
AAPL,2023-05-02,Apple fights $2 billion London lawsuit for 'throttling' millions of iPhones,"Apple is facing a substantial $2 billion lawsuit in London, accused of ""throttling"" millions of iPhones by covertly installing software updates to manage defective batteries. Consumer advocate Justin Gutmann, representing UK iPhone users, claims Apple concealed battery issues and limited performance. Apple denies these allegations, calling the lawsuit ""baseless"" and stating that their power management update only minimally affected performance for certain older models, while offering free battery replacements for a small number of iPhone 6s models.",Reuters,-0.306228,Somewhat-Bearish
AAPL,2023-05-02,"If Expense Ratio Really Mattered, Most of These ETFs Would Dominate","Despite investors consistently indicating that expense ratio is the most important factor in selecting an ETF, several low- or no-cost ETFs with significant assets remain under the radar. Examples include the BNY Mellon US Large Cap ETF (BKLC) with a 0.00% expense ratio, the JPMorgan BetaBuilders US Equity ETF (BBUS) at 0.02%, and the SoFi Select 500 ETF (SFY) also at 0.00%. The article suggests advisors should investigate these cost-effective options for client portfolios given their stated preference for low expense ratios.",ETF Trends,0.068474,Neutral
AAPL,2023-05-02,Masimo v. Apple – Judge Declares a Mistrial as Jury Hopelessly Deadlocked,"A mistrial has been declared in the $1.8 billion trade secret lawsuit between Masimo Corp. and Apple Inc. after the jury became hopelessly deadlocked, leaning significantly towards Apple's defense. Both companies are expected to pursue a new trial, with Masimo planning to retry the case and Apple seeking to dismiss the remaining claims. The article suggests Masimo may have been overconfident due to previous wins against Apple, while Apple's legal team presented a strong defense.",Strata-gee.com,0.051511,Neutral
AAPL,2023-05-03,Qualcomm outlook grim as smartphone sales stay weak,"Qualcomm Inc. forecast third-quarter revenue and profit below Wall Street estimates due to weak smartphone sales and excess chip inventory. The company's CEO noted a lack of meaningful recovery, particularly in China, and faces increased competition and a rise in used phone sales impacting premium device demand. Qualcomm's shares fell nearly 7% after the announcement.",Reuters,-0.336121,Somewhat-Bearish
AAPL,2023-05-04,Amkor Technology seeks to open Vietnam factory in fourth quarter,"U.S.-based Amkor Technology Inc. expects its mega facility in Bac Ninh, Vietnam, to begin first-phase manufacturing in the fourth quarter of this year. This factory, covering 1.9 million square feet, will be among Amkor's largest globally and represents a $1.6 billion investment until 2035. The move highlights Vietnam's growing importance as a manufacturing and R&D hub for major foreign electronics manufacturers.",Theinvestor,0.196716,Somewhat-Bullish
AAPL,2023-05-04,CEO Tim Cook says layoffs are a 'last resort' and not something Apple is considering right now,"Apple CEO Tim Cook stated that large-scale layoffs are a ""last resort"" and not currently being considered by the company, contrasting with many other Big Tech firms that have cut thousands of jobs. While not ruling out future job cuts, Apple is focusing on cost-cutting measures and a slower rate of hiring. The company remains highly profitable, reporting $24 billion in net income on $95 billion in revenue for its March quarter.",CNBC,0.315889,Somewhat-Bullish
AAPL,2023-05-04,"Joe Kiani, Co-founder and CEO of Masimo, Talks About Fighting Corporate Giants and His Fixation on Reducing Preventable Hospital Deaths","Joe Kiani, co-founder and CEO of Masimo, discusses his journey from an immigrant to a medtech innovator. He recounts how he started Masimo to create a more reliable pulse oximeter after encountering disinterest from his previous employer. Kiani also touches on Masimo's legal battles with Apple, its acquisition of Sound United, and his ongoing advocacy for reducing preventable hospital deaths and addressing homelessness.",Grit Daily News,-0.132107,Neutral
AAPL,2023-05-05,"Apple stakes future growth on emerging markets, starting with India","Apple CEO Tim Cook is betting on emerging markets, particularly India, for future growth after iPhone sales surprisingly rose despite a global smartphone slump. The company sees significant opportunity in these markets due to their youthful populations and low iPhone penetration, with India showing strong double-digit growth and becoming a major focus for Apple. The booming used iPhone market also contributes to Apple's market share gains in these regions.",Reuters,0.408539,Bullish
AAPL,2023-05-05,Warren Buffett's Berkshire Hathaway has been a fortress stock during recessions and bear markets. Here's how,"Warren Buffett's Berkshire Hathaway has proven to be a resilient investment, consistently outperforming the S&P 500 during recessions and bear markets due to its long-term focus and conservative investment strategies. The conglomerate's significant stake in Apple, coupled with its substantial cash reserves and insurance ventures, underscores its ""fortress stock"" reputation. This approach has led to impressive compounded annual gains for Berkshire shareholders over decades.",CNBC,0.239979,Somewhat-Bullish
AAPL,2023-05-06,Buffett says Apple is Berkshire portfolio's best business,"Warren Buffett stated that Apple Inc. is a better business than any other in Berkshire Hathaway Inc.'s portfolio, citing its dominant consumer product, the iPhone. Berkshire Hathaway's stake in Apple grew from $1 billion in 2016 to $151 billion by March 2023, accounting for 46% of its equity portfolio, and Buffett indicated the company could buy more shares. He views Apple primarily as a consumer products company rather than a technology company.",Reuters,0.725913,Bullish
AAPL,2023-05-08,CEO pay continues to soar – new study,"A new study by Equilar reveals that median CEO pay at top US public companies increased by 7.7% to a record $22.3 million in 2022, despite negative S&P 500 returns. This rise was primarily driven by stock awards, leading to a median ""pay ratio"" of 288 times the median employee's compensation, significantly outpacing the 3.6% increase in average US private sector employee earnings. The study highlights a trend of incentivizing executives through substantial stock awards during uncertain economic times.",Human Resources Director,0.246779,Somewhat-Bullish
AAPL,2023-05-08,My Favorite BlackBerry of All Time Is One That Everyone Hated,"The author reminisces about the BlackBerry PlayBook, a 7-inch tablet launched in 2011, which he believes was ahead of its time despite being largely panned by critics. He highlights its innovative hardware design, multitasking-focused QNX software, and gestures that foreshadowed features in modern tablets. The article concludes that while the PlayBook was ultimately doomed by poor strategic decisions like the lack of core apps and third-party developer support, many of its ideas live on in today's successful tablets.",Inverse,-0.072734,Neutral
AAPL,2023-05-09,This Popular Brand Has Better Profit Margins Than Apple or Nike. Is the Stock a Buy?,"The article analyzes Yeti Holdings (NYSE: YETI), highlighting its impressive gross profit margins, which surpass those of Apple and Nike. The author examines Yeti's pricing power and quality products but expresses concerns about the unpredictable nature of future sales and potential growth limitations due to the durability of its products. Ultimately, the author concludes that Yeti's long-term outlook isn't inspiring enough to warrant an investment at this time.",The Globe and Mail,0.085117,Neutral
AAPL,2023-05-10,IonQ Appoints Pat Tang as VP of Research & Development,"IonQ, a quantum computing leader, announced the appointment of Pat Tang as Vice President of Research and Development. Tang, previously an Engineering Vice President at Amazon Lab126 and a team lead at Apple, will lead the company's technical exploration with a focus on developing impactful technologies for IonQ's systems. His extensive experience in building and scaling innovative technologies is expected to be invaluable as IonQ continues to advance quantum computing.",citybiz,0.37731,Bullish
AAPL,2023-05-11,"YieldMax™ Launches NVDY, the YieldMax™ NVDA Option Income Strategy ETF","YieldMax™ has launched NVDY, the YieldMax™ NVDA Option Income Strategy ETF, which seeks to generate monthly income through a synthetic covered call strategy on NVIDIA Corporation (NVDA). This actively managed ETF由ZEGA Financial aims to provide substantial monthly income to investors, joining other YieldMax™ ETFs like TSLY, OARK, and APLY, and adheres to a gross expense ratio of 0.99%.",GlobeNewswire,0.3765,Bullish
AAPL,2023-05-12,Best Buy Announces New Membership Programs to Save You Money,"Best Buy is introducing three new membership tiers, ""My Best Buy,"" ""My Best Buy Plus,"" and ""My Best Buy Total,"" replacing its previous Totaltech program. These options cater to different customer needs, ranging from a free basic membership to a premium plan offering comprehensive tech support and extended protection. The changes aim to provide more flexible benefits to consumers, with current Totaltech members transitioning to the new tiers upon renewal.",Market Realist,0.201913,Somewhat-Bullish
AAPL,2023-05-15,Layoffs may cause organizational drag: Gartner,"According to Gartner research, layoffs can negatively impact shareholder returns within three years by leading to reduced employee morale, increased turnover, and loss of customers, despite initial cost savings. The report highlights that businesses often face immediate costs like severance payments and long-term issues such as higher contractor costs and demands for increased compensation from remaining staff. Gartner suggests alternative cost-cutting measures like voluntary reduced hours, executive pay cuts, hiring freezes, and internal redeployment to avoid ""organizational drag.""",CFO Dive,-0.135539,Neutral
AAPL,2023-05-16,Apple investments with European suppliers surpass €20 billion annual spend,"Apple announced that its investments with European suppliers exceeded €20 billion in 2022, reaching a total of €85 billion over the last five years. These investments support over 4,000 European suppliers, fostering innovation in Apple products and advancing the green transition of European industry, while also supporting more than 2.6 million jobs across the region. The company is committed to achieving carbon neutrality across its supply chain by 2030, with many European partners joining its Supplier Clean Energy Program.",Apple,0.474319,Bullish
AAPL,2023-05-16,"Apple previews Live Speech, Personal Voice, and more new accessibility features","Apple announced new accessibility features including Assistive Access for cognitive disabilities, Live Speech and Personal Voice for speech accessibility, and Point and Speak in Magnifier for users who are blind or have low vision. These features leverage advances in hardware and software, including on-device machine learning for privacy, and are part of Apple's ongoing commitment to making technology inclusive for everyone. The company also detailed various initiatives and events celebrating Global Accessibility Awareness Day, showcasing applications of these features and broader accessibility efforts across its products and services.",Apple,0.428626,Bullish
AAPL,2023-05-21,"What you need to know about Temu, the online shopping app dominating download charts","Online shopping app Temu, owned by Chinese company PDD Holdings Inc., has quickly risen to popularity in Canada with its aggressive marketing, low prices, and gamified shopping experience. While it offers bargain deals, experts caution consumers about product quality, potential environmental impact from shipping and returns, and data privacy concerns given its sister app's issues. The platform's ""growth-at-all-costs"" approach and referral schemes are disrupting the e-commerce market, leading to a ""race to the bottom"" that could hurt local businesses.",CBC,-0.044495,Neutral
AAPL,2023-05-22,Steve Jobs: Apple Cofounder and Tech Innovator,"Steve Jobs, co-founder of Apple Inc., was an American inventor, designer, and entrepreneur responsible for pioneering revolutionary technologies like the iPhone and iPad. The article details his life from adoption and early education to co-founding Apple, his departure and subsequent ventures with NeXT and Pixar, and his triumphant return to Apple, ultimately shaping modern technology. It also covers his personal life, battle with pancreatic cancer, and lasting legacy after his death in 2011.",Biography,0.276749,Somewhat-Bullish
AAPL,2023-05-23,Apple announces multibillion-dollar deal with Broadcom for components made in the USA,"Apple has announced a new multiyear, multibillion-dollar agreement with Broadcom to develop 5G radio frequency and wireless connectivity components. These components, including FBAR filters, will be designed and built in the USA, notably in Fort Collins, Colorado. This investment aligns with Apple's 2021 commitment to invest $430 billion in the U.S. economy, supporting American manufacturing and job growth while expanding 5G technology.",Apple,0.357411,Bullish
AAPL,2023-05-23,Apple inks multi-billion-dollar deal with Broadcom for U.S.-made chips,"Apple has announced a multi-billion-dollar deal with Broadcom to source U.S.-made chips. Under the multi-year agreement, Broadcom will develop 5G radio frequency components, including FBAR chips, at facilities in the U.S., including Fort Collins, Colorado. This move signifies Apple's continued efforts to diversify its supply chains and invest in domestic manufacturing.",Reuters,0.382819,Bullish
AAPL,2023-05-23,"Burney U.S. Factor Rotation ETF ETF Price, Holdings, & News (NASDAQ:BRNY) $BRNY","This article provides details on the Burney U.S. Factor Rotation ETF (BRNY), including its current price, key statistics, holdings, and recent news. As of March 13, 2026, BRNY is trading at $48.24, with assets under management of $476.48 million and a net expense ratio of 0.79%. The ETF is an actively managed fund that dynamically shifts US equity exposure based on market phases and includes major holdings like NVIDIA, Apple, and Microsoft.",MarketBeat,0.208661,Somewhat-Bullish
AAPL,2023-05-23,Examining the Importance of Dividend Growth,"This article contrasts dividend growth investing with high-yield strategies, highlighting its benefits like reduced volatility and steadily rising payouts. It uses Warren Buffett's investments in companies like Coca-Cola and American Express to demonstrate the long-term efficacy of reinvesting growing dividends. The piece concludes by suggesting dividend growth ETFs, such as the T. Rowe Price Dividend Growth ETF (TDVG), as an accessible option for retail investors.",ETF Trends,0.437875,Bullish
AAPL,2023-05-23,"Fidelity Metaverse ETF ETF Price, Holdings, & News (NASDAQ:FMET)","This article provides an overview of the Fidelity Metaverse ETF (FMET), including its price, holdings, and recent news. FMET tracks a market cap-weighted index of equities related to the metaverse, launched on April 19, 2022, and is managed by Fidelity. The ETF has seen a significant increase in share price since the beginning of 2025 and lists its top institutional shareholders and key holdings.",MarketBeat,0.302781,Somewhat-Bullish
AAPL,2023-05-24,"Wahed FTSE USA Shariah ETF ETF Price, Holdings, & News (NASDAQ:HLAL) $HLAL","The Wahed FTSE USA Shariah ETF (HLAL) tracks the FTSE USA Shariah index, focusing on Sharia-compliant US equities. The ETF, launched in 2019 and managed by Wahed, had a market capitalization of $736.85 million and assets under management of $758.04 million at the time of the article. Its top holdings include major tech companies like Apple, Microsoft, and Alphabet, and it recently declared quarterly distributions.",MarketBeat,0.031839,Neutral
AAPL,2023-05-25,New HP and Sonos Devices Accentuate the Ultimate Home Office Workstation,"This article reviews the HP E45c G5 DQHD Curved Monitor and Sonos Era 100 Speakers, highlighting how they enhance productivity in a home office setup. The author praises the monitor's ultrawide display and Device Bridge feature for seamless multi-system operation, and the Sonos speakers for their superior sound quality and easy integration. Both devices are presented as valuable investments for improving the efficiency and enjoyment of hybrid work environments.",TechNewsWorld,0.214761,Somewhat-Bullish
AAPL,2023-05-25,Why Is Wearable Devices (WLDS) Stock Up 250%?,"Shares of Wearable Devices (WLDS) surged by 250% after the company announced preorders for its Mudra Band, a neural input interface that allows users to control digital devices via subtle finger movements. This technology has potential applications beyond the Apple Watch, including smartphones and AR/VR devices, addressing a key concern among investors regarding its market viability. Additionally, the company received a 180-day extension from Nasdaq to regain compliance with its minimum bid price rule.",InvestorPlace,0.366076,Bullish
AAPL,2023-05-28,Cadence Stock vs Synopsys Stock: The Winner Is?,"The article compares Cadence (CDNS) and Synopsys (SNPS), two leading electronic design automation (EDA) software providers, to determine which stock is a better investment. It analyzes their market share, financial performance, valuation, and their use of AI in a mature, well-penetrated market. The authors conclude that Synopsys has a slight edge due to its higher EDA market share, strong position in intellectual property, and marginally better valuation, despite both being considered overvalued.",Nanalyze,0.053412,Neutral
AAPL,2023-05-31,American Express Is Approaching Generative AI Technology with Caution,"American Express is cautiously approaching generative AI technology, aiming to integrate it for enhanced personalization, proactivity, and predictive capabilities through partnerships rather than developing its own large language models. This cautious stance aligns with broader industry concerns, highlighted by an open letter from tech leaders urging a pause in ""giant AI experiments"" to establish safety protocols. Amex Digital Labs, established in 2017, serves as the company's innovation hub for product prototypes and predictive analytics.",PaymentsJournal,-0.098753,Neutral
AAPL,2023-05-31,Apple Dominates Berkshire’s Portfolio. The Tech Stock Is Near a Record.,Apple stock is approaching a record high and has become the dominant holding in Berkshire Hathaway's investment portfolio. This article details the significance of Apple's performance for Warren Buffett's company.,Barron's,0.111192,Neutral
AAPL,2023-05-31,Everything you need to know about Salesforce’s Q1 2024 financial results,"Salesforce, Inc. reported increased first-quarter adjusted earnings in Q1 2024 ($1.69 per share) and revenue growth of 11% year-over-year to $8.25 billion. All key operating segments showed growth, driven by its generative AI ecosystem including Einstein GPT, Slack GPT, and Tableau GPT. CEO Marc Benioff highlighted the role of the Salesforce GPT Trust Layer in securing customer data and enhancing enterprise automation.",AlphaStreet,0.107214,Neutral
AAPL,2023-05-31,Garmin debuts Pro versions of Fenix 7 and Epix 7 adventure smartwatches,"Garmin has launched Pro versions of its Fenix 7 and Epix 2 smartwatches, introducing new sizes and features. Both Pro models include a redesigned, more accurate heart-rate sensor, a built-in LED flashlight with variable intensities, and enhanced mapping features. The Fenix 7 Pro adds endurance and hill scores, while the Epix 2 Pro, which features an AMOLED display, gains additional activity options and a Red Shift mode.",www.stuff.tv,0.251987,Somewhat-Bullish
AAPL,2023-06-01,Apple Bets On The Emerging Markets Growth Story,"Apple is increasingly focusing on emerging markets, particularly India, to drive growth amidst a challenging global smartphone market. The company achieved marginal growth in iPhone sales despite overall industry decline, with India seeing significant retail and manufacturing expansion plans. While services and financial technology offer long-term opportunities, the emerging markets strategy is a key component of Apple's immediate growth narrative, alongside ongoing share repurchases and dividend increases.",Forbes,0.14775,Neutral
AAPL,2023-06-01,"Apple, Microsoft Boost the S&P 500 Amid Tech Comeback","Apple and Microsoft have significantly contributed to the S&P 500's gains in 2023, accounting for nearly half of the index's rise and reaching an all-time high combined weight of 14%. This tech rally, driven by robust earnings, has left many mutual funds underweight in major tech stocks. The article suggests leveraged ETFs like AAPU, MSFU, and TECL for traders looking to capitalize on the continued bullish trend in the tech sector.",ETF Trends,0.350949,Bullish
AAPL,2023-06-01,High Beta ETF 'SPHB' Lifted by Heavy Tech Sector Tilt,"The Invesco S&P 500 High Beta ETF (SPHB) performed strongly in May, driven by its significant allocation to the information technology sector. While the broader S&P 500 saw modest gains, the S&P 500 High Beta index climbed 2.4% due to the tech sector's 9.5% rally. SPHB has also demonstrated strong long-term performance, outpacing the S&P 500 over a three-year period.",ETF Database,0.360948,Bullish
AAPL,2023-06-02,"In challenge to Meta, Apple expected to unveil mixed-reality headset","Apple is expected to announce a new mixed-reality headset at its annual software developer conference, positioning itself against Meta Platforms in the emerging market for virtual and augmented reality. While Meta's CEO Mark Zuckerberg has championed the ""metaverse"" and has products out, Apple has been more private about its augmented-reality efforts, which so far have been limited to existing devices. Analysts suggest Apple's device, rumored to cost around $3,000, is an interim step toward transparent augmented-reality glasses and aims to encourage software developers to create compelling ""XR"" applications where no ""killer app"" currently exists.",Reuters,0.157855,Somewhat-Bullish
AAPL,2023-06-02,PayPal and Venmo users shouldn't store money on the apps long term,"The Consumer Financial Protection Bureau (CFPB) has warned users against storing money long-term on payment apps like PayPal, Venmo, and CashApp, citing potential risks during a financial crisis. Unlike traditional bank accounts, funds held in these apps are generally not covered by FDIC insurance, leaving them vulnerable if the platform experiences financial distress. While some specific features like PayPal Savings or Apple Cash with identity verification may offer insurance, the default accounts typically do not.",Fortune,0.131433,Neutral
AAPL,2023-06-02,Vimeo is tuning out its streaming TV apps,"Vimeo is discontinuing its dedicated streaming TV apps for Apple TV, Android TV, Amazon Fire TV, and Roku starting June 27th. Users can still watch Vimeo content on their TVs by casting from the Vimeo mobile app via Apple AirPlay 2 or Google Chromecast. This move aligns with Vimeo's strategic shift in recent years from a consumer-facing streaming destination to focusing on video-streaming services for businesses.",TechHive,0.039213,Neutral
AAPL,2023-06-05,Introducing Apple Vision Pro: Apple’s first spatial computer,"Apple has unveiled Apple Vision Pro, its first spatial computer, which blends digital content with the physical world using a three-dimensional user interface controlled by eyes, hands, and voice. Running on the new visionOS, Vision Pro features an ultra-high-resolution display system, custom Apple silicon, and offers new ways to interact with apps, enjoy entertainment, relive memories, and connect via FaceTime. The device is designed with advanced materials, focuses on privacy, and will be available early next year starting at $3,499 (U.S.).",Apple,0.445155,Bullish
AAPL,2023-06-05,Is Temu Shopping App a Communist China-Based Scam That Spies on Users?,"This article investigates claims that the Temu shopping app, owned by Chinese company PDD Holdings, is a scam that spies on users. It critically examines assertions made in a widely shared USA Today column, confirming that while concerns about product quality, data practices, and the company's Chinese ties are valid, some claims about the app's ability to access phone data without consent are imprecise or relate to its sister app, Pinduoduo, which was found to contain malware. The article concludes that Temu offers legitimate cheap products but its parent company's business ethics and data privacy record raise significant concerns.",Snopes.com,-0.20999,Somewhat-Bearish
AAPL,2023-06-06,Cisco Shows Breakthrough Innovation Towards AI-First Security Cloud,"Cisco is advancing its AI-driven Security Cloud with new innovations designed to simplify cybersecurity operations and enhance security efficacy. Key announcements include the launch of Cisco Secure Access, a new Security Service Edge (SSE) solution for hybrid work, and a preview of generative AI capabilities for threat response and policy management. Additionally, Cisco is bolstering network security with the new Secure Firewall 4200 Series and Multicloud Defense, alongside new cloud-native application security features in Panoptica.",Cisco Newsroom,0.388388,Bullish
AAPL,2023-06-08,Big Tech Is Outpacing Small-Caps Amid Market Rally,"Big Tech is significantly outperforming small-cap stocks in the current market rally, with the Direxion Daily Technology Bull 3X ETF (TECL) up nearly 120% compared to the Direxion Daily Small Cap Bull 3X Shares (TNA) 3.7% gain year-to-date. This outperformance, particularly by companies like Microsoft, Apple, and Nvidia, is despite lingering recession concerns. The article questions the sustainability of Big Tech's rally while suggesting that small-cap funds like TNA could offer future upside.",ETF Trends,0.414955,Bullish
AAPL,2023-06-09,"Apple, Amazon must face consumer lawsuit over iPhone, iPad prices, US judge rules","A federal judge in Seattle has ruled that Apple and Amazon must face a consumer antitrust lawsuit accusing them of conspiring to artificially inflate the price of iPhones and iPads sold on Amazon's platform. The lawsuit alleges that a 2019 agreement between the two companies restricted the number of competitive resellers, a claim that will now proceed to evidence-gathering. Apple contends the agreement was to minimize counterfeit goods and is procompetitive.",Reuters,-0.203032,Somewhat-Bearish
AAPL,2023-06-12,Apple Vision Pro’s External Displays from LG Display; Internal Displays from Sony,"Apple's new Vision Pro extended reality device will feature internal micro-OLED displays supplied by Sony and external regular OLED displays supplied by LG Display. While Sony secured the more lucrative internal display contract, South Korean companies like Samsung Display and LG Display are actively developing their own micro-OLED technologies to compete in the growing XR market. Displays are the most expensive component of the Vision Pro, accounting for 48.1% of its retail price.",Businesskorea,0.173148,Somewhat-Bullish
AAPL,2023-06-12,Bank of America execs blew $93.6 billion. Here’s how they did it.,"Bank of America spent $93.6 billion on stock buybacks over the past five years, but its stock price declined slightly during that period, leading analyst Dick Bove to critique the strategy. The article suggests that while buybacks can benefit shareholders of consistently profitable and expanding companies like Apple, they were a wasteful expense for Bank of America. The author argues that corporations and analysts should stop referring to stock buybacks as a ""return of capital"" to shareholders.",MarketWatch,-0.097616,Neutral
AAPL,2023-06-13,The 3 Best ETFs to Buy to Balance Risk and Reward,"This article recommends three ETFs for a balanced portfolio, particularly for those interested in a 60/40 equity-to-bond split. The suggested ETFs are the Vanguard Total World Stock Fund ETF (VT) for global equity diversification, the VanEck Morningstar SMID Moat ETF (SMOT) for small and mid-cap stocks with competitive advantages, and the Fidelity Total Bond ETF (FBND) for fixed-income exposure. The author references market analysis suggesting a potential rebound for the 60/40 portfolio and provides detailed insights into each ETF's holdings, performance, and expense ratios.",InvestorPlace,0.370653,Bullish
AAPL,2023-06-14,"""나스닥 떨어질 것""…서학개미 인버스 뭉칫돈","Despite the NASDAQ reaching a 13-month high driven by companies like Nvidia and Apple, South Korean individual investors (Seohak Gaemi) are increasing their bets on a market downturn. They are heavily investing in ultra-high-risk inverse ETFs, such as ProShares UltraPro Short QQQ (SQQQ) and Direxion Daily Semiconductor Bear 3X (SOXS), which aim to triple the inverse daily performance of their respective indices. However, these investors have already incurred significant losses as the market continues to rise, prompting experts to warn against the high risks associated with such leveraged inverse products for long-term investment.",한국경제,0.203292,Somewhat-Bullish
AAPL,2023-06-14,"Labor Ruling Offers Unionization Path to Uber, Lyft Drivers","A recent U.S. labor board ruling has made it easier for workers to be classified as employees rather than independent contractors, potentially opening the door for unionization efforts among gig workers at companies like Uber and Lyft. While gig companies argue this could impact their business model, the decision emboldens organizing campaigns, despite the inherent difficulties in unionizing a dispersed workforce. This ruling could lead to significant challenges for gig companies, potentially forcing them to negotiate with unions, though hurdles remain for successful organizing drives.",GovTech,-0.153719,Somewhat-Bearish
AAPL,2023-06-14,Sonos Era 300 Review: Spatial Audio Is a Game Changer,"The Sonos Era 300 is the company's first speaker designed specifically for spatial audio, aiming to revolutionize how we experience music beyond traditional stereo. While it boasts a unique design and offers good stereo performance with Wi-Fi 6 and Bluetooth 5.0 connectivity, its key selling point is the immersive spatial audio experience, particularly with services like Amazon Music Unlimited and Apple Music. Although pricey at $449 and limited in spatial audio service support at launch, the Era 300 delivers impressive sound quality that justifies the investment, especially when considering its potential as rear surround speakers for a home theater setup.",How-To Geek,0.348033,Somewhat-Bullish
AAPL,2023-06-15,Democratic Large Cap Core ETF Review and Aggregate Rating (DEMZ),"The Democratic Large Cap Core ETF (DEMZ) has an aggregate rating of ""Moderate Buy"" with a price target of $41.72, suggesting a 0.31% potential upside. This rating is based on 651 analyst ratings covering 25 of the ETF's constituent companies. Holdings with strong ratings include NVIDIA and Microsoft, while Loews has a lower rating score.",MarketBeat,0.238242,Somewhat-Bullish
AAPL,2023-06-15,"T. Rowe Price's New ETF, TCAF, Is Worthy of Appreciation","T. Rowe Price launched a new actively managed ETF, TCAF, run by experienced portfolio manager David Giroux. TCAF builds on the success of Giroux's $50 billion T. Rowe Price Capital Appreciation PRWCX mutual fund, which has consistently outperformed its peers but is closed to new investors and has incurred capital gains. TCAF differentiates itself by focusing solely on equities, holding approximately 100 stocks, and offering a more tax-efficient structure compared to mutual funds, making it an attractive option for advisors seeking active management.",ETF Database,0.249545,Somewhat-Bullish
AAPL,2023-06-16,FlexShares Quality Dividend Index Fund Review and Aggregate Rating (QDF) $QDF,"This article provides an aggregate rating and price target for the FlexShares Quality Dividend Index Fund (QDF), evaluating its holdings based on Wall Street analyst ratings from the past year. QDF received a ""Moderate Buy"" aggregate rating and an aggregate price target reflecting the average potential upside of its constituent stocks. The report also details the top 25 companies held by QDF, including their individual ratings and price targets.",MarketBeat,0.272645,Somewhat-Bullish
AAPL,2023-06-16,JPMorgan U.S. Research Enhanced Large Cap ETF Review and Aggregate Rating (JUSA),"This article provides a detailed review and aggregate rating for the JPMorgan U.S. Research Enhanced Large Cap ETF (JUSA). MarketBeat calculates the ETF's ""Moderate Buy"" aggregate rating and a price target of $61.93 by analyzing the weight and individual analyst ratings of its underlying stock holdings. The review also lists the top 25 holdings with their respective analyst ratings, price targets, and potential upside.",MarketBeat,0.43923,Bullish
AAPL,2023-06-16,Roundhill Ball Metaverse ETF Review and Aggregate Rating (METV),"This article provides an aggregate rating and price target for the Roundhill Ball Metaverse ETF (METV) based on Wall Street analyst ratings of its holdings. METV has an aggregate rating of ""Moderate Buy"" and a price target of $16.79, derived from 595 analyst ratings covering 18 companies within its portfolio. The top holdings include tech giants like Apple, Roblox, NVIDIA, Alphabet, and Meta Platforms, along with their individual analyst ratings and potential upsides.",MarketBeat,0.299645,Somewhat-Bullish
AAPL,2023-06-16,Schwab US Large-Cap ETF Review and Aggregate Rating (SCHX),"MarketBeat reports an aggregate ""Moderate Buy"" rating for the Schwab US Large-Cap ETF (SCHX), with an aggregate price target of $26.09. This rating is based on 849 analyst ratings covering 25 companies, representing 46.8% of the ETF's portfolio. The analysis highlights that the majority of underlying stock holdings are rated as ""Buy"" or ""Moderate Buy.""",MarketBeat,0.246371,Somewhat-Bullish
AAPL,2023-06-16,iShares MSCI ACWI ETF Review and Aggregate Rating (ACWI),"MarketBeat provides an aggregate rating and price target for the iShares MSCI ACWI ETF (ACWI) based on Wall Street analyst ratings of its holdings. As of March 3, 2026, ACWI holds a ""Moderate Buy"" aggregate rating with an average price target of $143.68. The report details the consensus ratings and individual analyst price targets for the top holdings within the ETF, including major tech companies like NVIDIA, Apple, Microsoft, and Amazon.",MarketBeat,0.270095,Somewhat-Bullish
AAPL,2023-06-20,"Analysts highlight Masimo’s advantages over Apple, Fitbit ahead of proxy vote","Ahead of a crucial shareholder vote, analysts at Stifel have bolstered Masimo's position by highlighting the potential of its W1 watch to improve patient outcomes and significantly reduce costs. Despite Masimo ceding early ground in wearables to Apple and Fitbit, Stifel's conversations with clinicians suggest that W1's clinically validated pulse oximetry technology offers superior accuracy for patient monitoring, positioning it as a durable solution for hospital-to-home care. While the device's battery life and connectivity need improvement, its discreet design and Masimo's reputation may enable it to become a major player in the wearables market.",MedTech Dive,0.101749,Neutral
AAPL,2023-06-20,"Sonos Five review: is Sonos' biggest, priciest wireless speaker its best?","The Sonos Five is reviewed as a solid wireless speaker, praised for its bold, expansive sound and multi-room potential within the Sonos ecosystem. While it delivers room-filling audio, the review notes it can be overly bassy and lacks Bluetooth, suggesting that the newer Era 300 offers a more refined and expressive sound despite the Five's louder output.",What Hi-Fi?,0.068279,Neutral
AAPL,2023-06-21,Spotify has higher-priced subscription plan in the pipeline: report,"Spotify is reportedly planning to introduce a higher-priced ""Supremium"" subscription tier that will offer high-fidelity audio and additional audiobooks. This new plan, which was previously delayed, is expected to roll out to non-U.S. users in 2023, with American users gaining access later. The company recently increased its monthly active users to 515 million and premium subscribers to 210 million in the first quarter, and also announced an AI DJ feature.",Fox Business,0.207042,Somewhat-Bullish
AAPL,2023-06-24,MUSQ Global Music Industry Index ETF Review and Aggregate Rating (MUSQ),"The MUSQ Global Music Industry Index ETF (MUSQ) has an aggregate rating of ""Moderate Buy"" based on analyst ratings for its holdings. The ETF's aggregate price target is $27.39, with its portfolio composed of companies like Live Nation Entertainment, Spotify Technology, and Tencent Music Entertainment Group. This review details the methodology for calculating ETF ratings and provides a breakdown of ratings for MUSQ's top holdings.",MarketBeat,0.214646,Somewhat-Bullish
AAPL,2023-06-28,Road to UEFA Euro 2024™ Ramps up With European Qualifiers on FOX Sports and Fubo,"FOX Sports and Fubo have announced their comprehensive coverage plans for the third and fourth rounds of the UEFA European Qualifiers, critical for the UEFA Euro 2024™ tournament. From June 12-20, FOX Sports will broadcast 15 qualifying matches and three friendly matches across its various channels, while Fubo will exclusively stream 31 qualifying matches and two friendly matches. The coverage includes major national teams like England, France, Portugal, and Belgium, with FOX Sports employing a seasoned team of commentators and Fubo offering interactive features like FanView and Multiview for an enhanced viewing experience.",FOX Sports,0.344303,Somewhat-Bullish
AAPL,2023-06-28,Top 10 LGBT manufacturing leaders,"This article highlights the top 10 LGBTQ+ leaders in the manufacturing sector, emphasizing the positive impact of diversity and inclusion on business performance. It showcases leaders from companies like Apple, Dow, and Land O’Lakes who are advocating for an inclusive workplace culture. The piece underscores how LGBTQ-inclusive policies lead to increased employee commitment, job satisfaction, and improved company reputation.",Manufacturing Digital,0.477169,Bullish
AAPL,2023-06-29,Lenovo ‘overall winner’ of UK FRAND trial as InterDigital confirms appeal,"The UK High Court has declared Lenovo the 'overall winner' in its FRAND dispute with InterDigital, determining a FRAND rate of $138.7 million plus $46.2 million in interest, making the total $184.9 million. The court found Lenovo's proposed per-unit rate much closer to the final decision than InterDigital's, and the payable lump sum 'substantially lower' than InterDigital's offer. Both parties have been granted permission to appeal this decision, indicating the case is not yet concluded.",JUVE Patent,-0.119029,Neutral
AAPL,2023-06-30,Apple Is the World’s First $3 Trillion Company,"Apple Inc. achieved a historic milestone by becoming the first company to close with a market value above $3 trillion, demonstrating the enduring strength and resilience of the iPhone. This achievement highlights Apple’s significant growth from its origins, now valued at double Google and seven times Exxon Mobil, despite various global challenges.",The Wall Street Journal,0.354166,Bullish
AAPL,2023-06-30,"Apple, world's most valuable public company, is first to hit $3 trillion in market value","Apple has become the first publicly-traded company to achieve a market value of $3 trillion or more at the close of Wall Street's trading day, with its stock price rising 2.21% to $193.78 on Friday. This historic milestone was attributed to its popular products and strong profits, with an analyst from Wedbush Securities suggesting its fair valuation could reach $3.5 trillion, potentially even $4 trillion by FY25, especially with upcoming products like the Vision Pro VR headset. The article also lists the world's ten largest companies by market cap, with Apple leading the pack.",USA Today,0.045027,Neutral
AAPL,2023-06-30,Apple’s market value ends above $3 trillion for the first time,"Apple Inc.'s market value surpassed $3 trillion for the first time at the close of a trading session, driven by positive inflation data and confidence in its market expansion strategies. This milestone reflects a 49 percent gain in Apple shares for 2023, amid a tech stock rebound fueled by expectations of slower interest rate hikes from the US Federal Reserve and buzz around artificial intelligence. The company's financial resilience, strong balance sheet, and a recent augmented-reality headset launch contribute to its success, making it one of only five US companies with a valuation exceeding $1 trillion.",Al Jazeera,0.414733,Bullish
AAPL,2023-06-30,How Apple Became a $3 Trillion Company,"This article chronicles Apple's journey from its founding in 1976 to becoming a $3 trillion company. It highlights key product launches like the Apple I, Macintosh, iPod, and iPhone, emphasizing the iPhone's central role in its financial success. The article also touches on leadership changes, challenges like supply-chain disruptions, and future innovations such as the Apple Vision Pro.",WSJ,0.899563,Bullish
AAPL,2023-06-30,Oakmark Equity and Income Fund: Second Calendar Quarter 2023,"The Oakmark Equity and Income Fund gained 5.3% in Q2 2023, outperforming the Lipper Balanced Fund Index, despite market concentration in large-cap tech stocks. The fund adjusted its portfolio by reducing technology exposure and initiating new positions, primarily in the healthcare sector, based on a value-driven investment philosophy. The article also reflects on the foundational principles of diversification in portfolio construction, influenced by economist Harry Markowitz, and the fund's approach to asset allocation.",Oakmark Funds,0.168229,Somewhat-Bullish
AAPL,2023-06-30,Proposal for new Costco store in region takes a step forward,"A proposal to bring a new Costco Wholesale Corp. store to Indian Land, S.C., has moved closer to reality after a second reading of a rezoning request was approved. The Lancaster County Council approved the request for a 28-acre site adjacent to The Exchange at Indian Land, a mixed-use development by Crosland Southeast. Three readings are required for final approval of the rezoning request.",WSOC TV,0.078911,Neutral
AAPL,2023-07-03,Apple makes history as first $3 trillion company amid tech stock surge,"Apple Inc. achieved a historic milestone, becoming the first company to reach a $3 trillion market value, driven by investor optimism about its expansion into new markets and a projected easing of interest rate hikes. This accomplishment is set against a backdrop of a broader tech stock surge, with other companies like Tesla and Nvidia also seeing significant gains due to advancements in AI and strategic partnerships. The article highlights Apple's strong financial performance and its reputation as a safe investment, alongside the success of other tech giants.",Reuters,0.34612,Somewhat-Bullish
AAPL,2023-07-03,"Settlement checks in the mail from Roundup, EpiPen, Zoom, others","Readers of Top Class Actions are reporting the receipt of settlement checks from seven different class action lawsuits. These settlements address various claims including false advertising for Roundup, spam calls from Bath Saver, privacy issues related to Yahoo data breaches, antitrust violations by EpiPen manufacturers, price-fixing for lithium-ion batteries, Apple iCloud storing data on third-party servers, and security failures by Zoom that led to ""Zoom bombing."" Claimants are receiving payments ranging from small amounts to several thousands of dollars depending on the settlement terms and individual claims.",Class Action Lawsuits,-0.209548,Somewhat-Bearish
AAPL,2023-07-05,Apple loses London appeal in 4G patent dispute with Optis,"London's Court of Appeal dismissed Apple's appeal in a patent dispute with Optis Cellular Technology LLC, ruling that Apple infringed two 4G telecommunications patents. Texas-based Optis sued Apple in 2019, alleging that the patents are essential to certain technological standards used in devices like iPhones and iPads. This ruling is the latest decision in a legal battle that has involved multiple trials and appeals in Britain.",Reuters,-0.297945,Somewhat-Bearish
AAPL,2023-07-06,Kopin Corp is the Technology Seen Behind Smart AR Glasses,"Kopin Corp (NASDAQ: KOPN), a high-resolution microdisplay maker, is highlighted as a key technology provider for smart AR glasses, including supplying displays for Vuzix and Alphabet. Despite an 80% drop from 2021 highs, the company has made significant advancements, such as achieving 3 million nits brightness for its 2K x 2K MicroLED displays, essential for AR in bright conditions. Kopin's Q1 2023 results showed increased product revenues, especially in defense, and the new CEO emphasized renewed focus on quality and efficiency to improve margins and achieve cash flow breakdown by year-end.",The Globe and Mail,0.178236,Somewhat-Bullish
AAPL,2023-07-09,"Apple’s Vision Pro Will Take Far Longer Than iPad, Watch to Spur Big Revenue","Apple's Vision Pro headset is expected to take significantly longer than products like the iPod, iPhone, and iPad to become a major revenue driver for the company. The rollout plan for the device is anticipated to be slow, involving appointments and head scans for customers. This indicates a cautious approach from Apple regarding the market penetration and financial impact of the Vision Pro.",Bloomberg,-0.240731,Somewhat-Bearish
AAPL,2023-07-10,Apple executives fight subpoenas in shareholders' lawsuit against Qualcomm,Apple Inc.'s chief operating officer and a top corporate lawyer are attempting to quash subpoenas in a private securities class action lawsuit against chipmaker Qualcomm. They argue that their previous testimony and documents provided in an FTC antitrust case against Qualcomm make further questioning irrelevant to the current shareholder litigation. Apple contends that Qualcomm is using the subpoenas to harass the company.,Reuters,0.112186,Neutral
AAPL,2023-07-10,"If You Like JEPI, You’ll Love This ETF With an 11.9% Dividend Yield","This article introduces the JPMorgan Nasdaq Equity Premium Income ETF (JEPQ) as an alternative to the JPMorgan Equity Premium Income ETF (JEPI), highlighting its 11.9% dividend yield. JEPQ invests in Nasdaq 100 stocks, focusing on tech giants, and uses a covered-call strategy similar to JEPI to generate income. While offering a high yield and potential downside protection, JEPQ has lagged behind a comparable Nasdaq ETF (QQQ) in total return during a bull market.",Yahoo Finance,0.301336,Somewhat-Bullish
AAPL,2023-07-11,Apple opens store on China's WeChat platform,"Apple has opened an official store on Tencent's WeChat platform in China, expanding its retail presence in the country's second-largest economy. This move allows WeChat users to purchase Apple products directly through the dominant messaging app, following a trend of Chinese consumers increasingly using social media for shopping. The expansion comes as Apple recorded a significant market share in China's smartphone market despite an overall decline in sales.",Reuters,0.305424,Somewhat-Bullish
AAPL,2023-07-12,"First-of-its-Kind App, TheStreet Powered by Tornado, Launches One-Stop Investing Experience","TheStreet and Tornado have launched a new app specifically designed to provide a comprehensive investing experience for all levels of investors. The app integrates TheStreet's news and investing ideas with Tornado's technology and community, offering tools like expert Q&A, tailored notifications, S&P Capital IQ data, and portfolio optimization. This collaboration aims to empower investors with knowledge and tools, expanding reach to a new audience.",Business Wire,0.2437,Somewhat-Bullish
AAPL,2023-07-12,SIT Investment Associates Inc Acquires Stake in Neuberger Berman High Yield Strategies Fund,"SIT Investment Associates Inc acquired 2,043,847 shares of Neuberger Berman High Yield Strategies Fund on July 12, 2023. The transaction, valued at $7.59 per share, had a 0.42% impact on SIT's portfolio. Despite the target company's stock being deemed significantly overvalued with poor financial health indicators by GuruFocus, SIT's investment may represent a long-term strategic move.",GuruFocus,0.100602,Neutral
AAPL,2023-07-13,"For Long-Term EM Growth, India Answers the Bell","India is projected to become the world's second-largest economy by 2075 and is already a leader in emerging markets. Investors can access this growth through ETFs like the VanEck India Growth Leaders ETF (GLIN), which focuses on companies with strong growth prospects and adheres to a growth-at-a-reasonable-price (GARP) methodology. India's economic growth, large democracy, and increasing role as a manufacturing hub—potentially surpassing China—further enhance its long-term appeal for investors.",ETF Trends,0.374935,Bullish
AAPL,2023-07-13,RSPT: Right Idea for More Balanced Approach to Tech,"The article discusses the growing concentration risk in the technology sector, highlighted by the outperformance of a few mega-cap stocks in the cap-weighted S&P 500 Information Technology Index. It presents the Invesco S&P 500 Equal Weight Technology ETF (RSPT) as a solution for investors seeking a more diversified approach, noting its strong year-to-date performance despite its equal-weighting strategy. The article suggests that historical trends of tech concentration reversing could favor equal-weighted strategies like RSPT.",ETF Trends,0.145014,Neutral
AAPL,2023-07-13,Unlocking Business Potential with Apple’s Vision Pro,"This eBook explores the revolutionary potential of Apple's Vision Pro headset for businesses, akin to the impact of the original iPhone. It delves into how the device can create enhanced human-centric digital experiences, improve user engagement, and foster new business models through spatial computing. The authors provide insights into navigating Apple's software and hardware integration to develop seamless, intuitive interactions for this new technology.",EPAM,0.422793,Bullish
AAPL,2023-07-14,Apple Inc. stock underperforms Friday when compared to competitors despite daily gains,"Apple Inc. (AAPL) stock saw a modest gain of 0.08% on Friday, closing at $190.69, marking its third consecutive day of increases. Despite this, the stock underperformed compared to its competitors, even as the Dow Jones Industrial Average rose and the NASDAQ Composite Index experienced a slight decline. The trading session was mixed overall for the stock market.",MarketWatch,0.03749,Neutral
AAPL,2023-07-17,A breakdown of the changes to the Nasdaq-100 and what it means for mega-cap tech stocks,"Nasdaq announced a special rebalance of the Nasdaq-100 Index to dilute the weightings of mega-cap tech stocks that have outperformed in 2023. The seven largest stocks in the Nasdaq-100 will see their combined weighting reduced from 56% to 44%, with Nvidia and Microsoft being most affected. Historically, similar rebalances have not had a significant impact on stock prices.",CNBC,0.118064,Neutral
AAPL,2023-07-17,Preparing for Upcoming QQQ Changes,"Nasdaq is implementing a special rebalance of its Nasdaq-100 Index (NDX), impacting ETFs like Invesco QQQ (QQQ) and Invesco NASDAQ 100 ETF (QQQM). This rebalance, effective July 24, aims to address concentration risk due to the large percentage holdings of tech giants like Microsoft and Apple. Investors can expect lower allocations to these mega-cap growth names, though the overall changes are not anticipated to be monumental, and the ETF structure should help avoid capital gains distributions for investors.",ETF Trends,0.155564,Somewhat-Bullish
AAPL,2023-07-19,"Apple maintains its spot as the world’s most valuable brand, per Kantar BrandZ","Apple has retained its position as the world's most valuable brand according to Kantar BrandZ, valued at $880,455M, despite a 7% decline from 2022. The company's resilience is attributed to its strong brand equity, diversification into services, and ability to justify premium pricing. Apple's differentiation, purpose-driven initiatives, distinctive products, and iconic advertising are highlighted as key factors in its sustained success amidst challenging market conditions.",Kantar,0.625764,Bullish
AAPL,2023-07-19,Report: Apple built ‘Apple GPT’ chatbot using internal AI development framework,"Apple Inc. has reportedly developed an internal AI framework called Ajax for building large language models and a ChatGPT-like chatbot internally known as ""Apple GPT."" Ajax, based on Google's open-source Jax technology and running on Google Cloud, has already been used to enhance features in Apple Maps, Siri, and search tools. Although employees are prohibited from using Apple GPT for customer-facing features, it's used for product prototyping, and the company plans a significant AI announcement next year.",SiliconANGLE,0.304728,Somewhat-Bullish
AAPL,2023-07-20,How will the metaverse change our lives?,"This article explores the concept of the metaverse, its origins, and its potential impact on our lives, particularly within financial services. It delves into how the metaverse, driven by emerging technologies like Augmented Reality and Blockchain, could revolutionize banking with new e-commerce experiences and personalized financial assistance. The author also discusses the challenges and considerations, such as identity and fraud prevention, that need to be addressed as the metaverse develops.",Lloyds Banking Group plc,0.154516,Somewhat-Bullish
AAPL,2023-07-20,Nasdaq Is Reducing the Influence of Giant Tech Firms in a Popular Stock Market Index,"Nasdaq is implementing a ""special rebalance"" of its Nasdaq 100 index to reduce the dominance of giant tech firms like Apple and Microsoft. This move addresses the historic rally of a few mega-cap tech stocks, which have caused overconcentration in the index and potentially increased diversification risk for investors. The rebalance, effective July 24, will prompt funds tracking the index to adjust their portfolios, potentially leading to trading costs and minor market volatility.",Money,0.190364,Somewhat-Bullish
AAPL,2023-07-20,Netflix Strategic Changes Led to User Base Expansion & Record Revenues in Q2 2023,"Netflix's strategic changes, including a crackdown on password sharing and the introduction of an ad-supported tier, significantly boosted its user base and revenue in Q2 2023. The company added 5.89 million subscribers and achieved record revenues of $8.187 billion, demonstrating the positive impact of these initiatives despite increasing competition in the direct-to-consumer market. Even with these successes, challenges remain, such as intense competition and the absence of live sports content, which are critical for long-term growth and investor satisfaction.",FXCM Markets,0.167524,Somewhat-Bullish
AAPL,2023-07-24,Apple faces $1 billion UK lawsuit by apps developers over app store fees,"Apple is facing a 785-million-pound ($1 billion) class action lawsuit in the UK brought by over 1,500 app developers. The lawsuit alleges that Apple's App Store fees, ranging from 15% to 30% for in-app purchases, are excessive and abusive due to its monopoly on app distribution. Sean Ennis, a former OECD economist, is leading the legal action, claiming the charges harm both developers and app buyers.",Reuters,-0.417388,Bearish
AAPL,2023-07-25,Introducing Norton Genie - Real-Time AI-powered Scam Detection at Your Fingertips,"Norton has launched Norton Genie, a real-time AI-powered scam detection tool designed to help users identify and avoid increasingly sophisticated scams in texts, emails, websites, and social media posts. Available now in early access in the US, Genie combines Norton's cybersecurity expertise with advanced AI trained on millions of scam messages. The tool offers fast, free, and easy scam analysis, evolving protection, and trusted advice on how to respond to potential threats.",PR Newswire,0.383923,Bullish
AAPL,2023-07-26,"Apple, Meta, Google argue they're not 'bookies' in casino app appeal","Apple, Meta, and Google are appealing a 2022 ruling that found them potentially liable for facilitating purchases of virtual chips in casino game apps, arguing that this interpretation of Section 230 could jeopardize the entire internet economy. They contend that holding platforms liable for payment processing related to third-party content would force extensive monitoring and is a misinterpretation of existing legal precedents. The companies emphasize they act as publishers offering payment services, not creators of the allegedly illegal apps or chips, and that their conduct in these cases is distinct from prior rulings.",Reuters,-0.083658,Neutral
AAPL,2023-07-26,Why is Netflix lagging FAANG stocks?,"While other FAANG stocks have seen significant rallies in 2023, Netflix has lagged, raising questions about its inclusion in the group. Despite a subscriber boost from a password crackdown, the company faces challenges from ongoing strikes and has not highlighted AI in its earnings, unlike its tech counterparts. The article discusses investment approaches for FAANG stocks through ETFs.",CMC Markets,0.265385,Somewhat-Bullish
AAPL,2023-07-27,Mutual Fund Top Trumps – TMT,"This article compares two TMT mutual funds, the BlackRock Next Generation Technology fund and the Janus Henderson Global Technology and Innovation fund, using the ""Top Trumps"" card game format. The comparison focuses on factors like 3-year performance, assets under management, alpha, volatility, ongoing charges, and information ratio. Ultimately, the Janus Henderson fund wins the comparison 4:2, and details on both funds' investment strategies, sector, and geographic breakdowns are provided.",Fund Selector Asia,0.22137,Somewhat-Bullish
AAPL,2023-07-27,Small Account Options Trading: How to Scale,"This article discusses strategies for scaling up trading capital in small accounts, focusing on options trading. It explores two primary approaches: increasing an individual position's risk/buying power requirement or increasing the number of contracts, while emphasizing the importance of understanding risk and probability of loss. The author advises widening the spread while keeping the number of contracts low to balance premium and risk, ensuring sustainable growth rather than just profitability.",tastylive,0.143315,Neutral
AAPL,2023-07-28,Is QYLD ETF’s 11.3% Dividend a High-Yield Trap?,"This article examines the Global X NASDAQ 100 Covered Call ETF (QYLD) which offers an impressive 11.3% monthly dividend yield. While appealing for income investors, the article suggests that QYLD's covered call strategy, despite holding top tech stocks, leads to significantly lower long-term total returns compared to a standard Nasdaq 100 ETF like QQQ, primarily due to capping upside potential and higher fees. It concludes that while QYLD provides consistent income, QQQ is a superior long-term wealth-building investment.",Nasdaq,0.105407,Neutral
AAPL,2023-08-01,Best Augmented Reality & Virtual Reality Stocks In 2023: December List,"This article identifies top Augmented Reality (AR) and Virtual Reality (VR) stocks for 2023, acknowledging the market's slow but potential growth, similar to the early days of smartphones. It emphasizes investing in stable, well-capitalized companies that are involved in AR/VR but do not solely depend on it for revenue, such as Alphabet, Apple, Autodesk, Meta, and Microsoft. The article also highlights the importance of risk management, portfolio diversification, and continuous monitoring of emerging trends in this evolving technological landscape.",Forbes,0.313729,Somewhat-Bullish
AAPL,2023-08-01,"Pixar, Apple and Nvidia are teaming up to promote a 3D file format that could help boost Apple's upcoming Vision Pro","Pixar, Apple, Nvidia, Adobe, and Autodesk are collaborating to promote OpenUSD, a 3D file format. This initiative aims to streamline the creation of 3D content, potentially benefiting game development based on Pixar movies and boosting Apple's upcoming Vision Pro mixed-reality headset by making 3D environments more accessible.",The Business Journals,0.341534,Somewhat-Bullish
AAPL,2023-08-02,Apple’s Goldman Sachs-Backed Savings Account Tops $10 Billion in Deposits,"Apple and Goldman Sachs announced that their high-yield savings account has accumulated over $10 billion in US deposits since its launch in April. This achievement highlights the product's success, with 97% of users opting to deposit their Apple Daily Cash rewards into the account, which offers a 4.15% interest rate. The growth comes amidst rumors of a potential split between the two companies.",Bloomberg.com,0.334032,Somewhat-Bullish
AAPL,2023-08-02,Garmin Fenix 7X Pro Solar Review | A new pinnacle in ultra-premium sports smartwatches,"The Garmin Fenix 7X Pro Solar is reviewed as a robust and premium sports smartwatch, offering extensive features for outdoor activities and impressive battery life. Despite its high price, the watch stands out with its durable design, advanced tracking capabilities, and an integrated LED flashlight, making it a strong competitor in the luxury sports watch market. The review highlights its excellent battery longevity and enhanced accuracy for outdoor tracking as key selling points for sports enthusiasts.",The Hindu,0.276606,Somewhat-Bullish
AAPL,2023-08-02,S&P 500 analysis: US stocks drop after Fitch downgrade,"US stocks, particularly the S&P 500, dropped following Fitch's unexpected downgrade of the US credit rating from AAA to AA+. This marks the first such downgrade in 12 years and comes amidst fiscal deterioration and high government debt. The article highlights that while the market is in an uptrend, unlike the 2011 downgrade, the potential for a sharper sell-off exists, especially with upcoming economic data like the nonfarm payrolls report and earnings from tech giants set to influence market sentiment.",FOREX.com,-0.132278,Neutral
AAPL,2023-08-03,Haus raises $17M Series A led by Insight Partners to build the future of growth intelligence,"Haus, a growth command center utilizing causal inference, experimentation, and AI, has successfully raised $17 million in Series A funding. The round was led by Insight Partners, with participation from existing investors, to further expand its team and develop integrated causal analytical tools. This funding aims to help companies measure and drive profitable growth amid challenges like cookie depreciation and increasing consumer privacy regulations.",PR Newswire,0.122054,Neutral
AAPL,2023-08-04,Apple Loses Historic $3 Trillion Crown as Sales Disappoint,"Apple Inc. saw its market capitalization fall decisively below $3 trillion after its fourth-quarter outlook raised concerns about weak demand for its products. Shares dropped 4.8% on Friday, wiping out over $160 billion in market value, marking its largest decline since September. This follows Apple becoming the first company to hit a $3 trillion valuation in June.",Bloomberg.com,-0.464753,Bearish
AAPL,2023-08-04,Apple Pay reportedly coming to Chile this month after long delay,"Apple Pay is reportedly launching in Chile in August 2023, after several previous delays and false starts since 2021. Local banks, including Santander and Banco de Chile, are expected to support the service, though some concerns remain about meeting Apple's operational and security standards. Chile would join several other Latin American countries where Apple Pay has already launched.",9to5Mac,0.260755,Somewhat-Bullish
AAPL,2023-08-04,"Apple sees sales slump continuing, shares drop 2% despite beating sales expectations","Apple shares dropped 2% after the company forecast a continued sales slump for the current quarter, despite beating Wall Street's sales and profit targets in the fiscal third quarter. While services and China sales were strong, weaker-than-expected iPhone sales disappointed investors, raising concerns about future volume growth. Apple also revealed increased R&D spending, partly driven by generative AI development.",Reuters,-0.255153,Somewhat-Bearish
AAPL,2023-08-07,"After Earnings, Is Berkshire Hathaway Stock a Buy, a Sell, or Fairly Valued?","Morningstar analyzes Berkshire Hathaway's Q2 earnings, noting stronger insurance results offset by declines in BNSF and other segments. The article evaluates the stock's valuation, finding it fairly valued despite strong operating earnings and significant cash holdings, and discusses the economic moat, risks, and bull/bear cases for BRK.B.",Morningstar,0.098581,Neutral
AAPL,2023-08-07,Exploring two covered call strategies by Global X ETFs,"This article explores two covered call ETF strategies offered by Global X ETFs, designed to provide alternative income solutions in a potentially rising-rate environment. It details the Global X S&P 500 Covered Call UCITS ETF (XYLU LN) and the Global X Nasdaq 100 Covered Call UCITS ETF (QYLD LN), explaining how they generate income through option premiums and their potential benefits in volatile or sideways markets. The strategies aim to offer higher yields than traditional fixed income while potentially reducing volatility compared to underlying stocks.",ETF Stream,0.234549,Somewhat-Bullish
AAPL,2023-08-08,BlackRock Inc. Boosts Stake in Moelis & Co,"BlackRock Inc. significantly increased its stake in independent investment bank Moelis & Co, acquiring over 1.5 million shares on July 31, 2023. This transaction now gives BlackRock a 10.40% stake in Moelis & Co. The article analyzes both firms and discusses potential implications for value investors, noting Moelis & Co's overvaluation but strong profitability and momentum.",Yahoo Finance,0.068011,Neutral
AAPL,2023-08-08,"Carlyle buys into Quest Global, invests $500 million","Private equity firm Carlyle Group is investing $500 million to acquire a 28% stake in Quest Global Services, an engineering and R&D services provider, at a valuation of $1.8 billion. This investment will buy out existing stakeholders like Bain Capital, Advent Capital, and GIC of Singapore. Quest Global, which counts Airbus, BMW, and Rolls Royce among its clients, plans to use the funds for acquisitions and to prepare for an initial public offering within the next three to five years, with founder Ajit Prabhu also increasing his stake.",The Economic Times,0.138248,Neutral
AAPL,2023-08-08,LAFFER|TENGLER Equity Income ETF Review and Aggregate Rating (TGLR) $TGLR,"The LAFFER|TENGLER Equity Income ETF (TGLR) has an aggregate rating of ""Moderate Buy"" with an aggregate price target of $37.82, based on 707 analyst ratings for its 25 underlying companies, which comprise 86.9% of its portfolio. The ETF's holdings include major companies like Lam Research, Walmart, Goldman Sachs, and American Express, with various individual stock ratings from ""Hold"" to ""Buy"" and ""Moderate Buy."" Investors can access detailed consensus ratings and price targets for each of the top holdings.",MarketBeat,0.315845,Somewhat-Bullish
AAPL,2023-08-09,¿Eres cliente de Banco de Chile? Conoce cómo añadir tus tarjetas a Apple Pay,"This article explains how Banco de Chile customers can add their credit and debit cards to Apple Pay, which recently launched in Chile. It details the steps for setting up cards via the Apple Wallet app or directly through the Banco de Chile's Mi Banco app, highlighting the security and convenience of using Apple Pay for transactions both domestically and internationally.",Chócale,0.239033,Somewhat-Bullish
AAPL,2023-08-11,TechInsights Teardown: Apple iPhone 14 Plus,"This article details a partial teardown of the Apple iPhone 14 Plus conducted by TechInsights, outlining its key specifications and components. It examines the main board, sensor flex board, and RF board, identifying various manufacturers like Apple, Samsung, Qualcomm, and others that supply parts for the device. The article concludes with a breakdown of the major component costs within the smartphone.",Electronics360,0.141537,Neutral
AAPL,2023-08-15,Dropbox review: Still the best at syncing and sharing,"This PCWorld review reaffirms Dropbox's position as a top choice for fast, reliable file synchronization and sharing, despite its limited free storage and lack of intermediate subscription tiers. While it excels in its core functionality and offers business-oriented features, its pricing model lacks options between the free 2GB and the paid 2TB. The article highlights its strengths for collaborative file access and its backup capabilities.",PCWorld,0.079291,Neutral
AAPL,2023-08-15,Ford taps Apple exec to build high-margin digital services,"Ford Motor has appointed former Apple executive Peter Stern as president of its new Ford Integrated Services unit to develop high-margin digital and subscription services. This move aligns with Ford's strategy to generate recurring revenue from vehicle-connected services, similar to Apple's model with its hardware. Stern will focus on integrating hardware, software, and services across Ford's various units, with a particular emphasis on expanding its BlueCruise hands-free driving package.",Reuters,0.246536,Somewhat-Bullish
AAPL,2023-08-15,What To Consider When Using Generative AI,"The article discusses the considerations for using generative AI tools in a business context, focusing on security risks like data leakage and accuracy issues such as hallucinations. It highlights how consumer generative AI tools can pose dangers for sensitive corporate information and accuracy, leading many companies to restrict their use. The piece concludes by advocating for enterprise-specific generative AI solutions, like C3 Generative AI, that are designed for secure and reliable data handling to mitigate these risks.",C3 AI,-0.056519,Neutral
AAPL,2023-08-16,Production of Apple iPhone 15 reportedly kicks off in India,"Apple has reportedly started the production of its upcoming iPhone 15 in India through its main manufacturer, Foxconn, at a facility in Tamil Nadu. This move is part of Apple's strategy to reduce its reliance on China for manufacturing and aims to shorten the lag time between Indian and Chinese assembled iPhones. The iPhone 15 is anticipated to be unveiled in September, with other manufacturers like Pegatron also expected to begin production in India soon.",Fox Business,0.348485,Somewhat-Bullish
AAPL,2023-08-17,Apple Card named Best Co-Branded Credit Card for Customer Satisfaction with No Annual Fee by J.D. Power,"Apple Card, issued by Goldman Sachs, has been recognized for the third consecutive year as the Best Co-Branded Credit Card for Customer Satisfaction with No Annual Fee by J.D. Power. This award highlights Apple Card's commitment to user financial health, including features like Daily Cash rewards and the recently launched Savings account, which has accumulated over $10 billion in deposits. Apple and Goldman Sachs continue to collaborate on expanding the value and benefits offered to Apple Card users.",Apple,0.580395,Bullish
AAPL,2023-08-17,WEBTOON is ready to take on Apple and Amazon (and win),"WEBTOON's CEO, Kim Junkoo, is confident his company can compete with tech giants like Apple and Amazon in the digital comic space, citing their unique creator economy and extensive user data. Despite Amazon and Apple Japan launching their own vertical scroll comic formats, Junkoo believes these companies cannot replicate WEBTOON's developed ecosystem and massive user base of 85.6 million, largely under 30, and nearly a million creators. He suggests that if big tech were serious about the IP-creating business, they would have to acquire WEBTOON.",Popverse,0.069656,Neutral
AAPL,2023-08-20,Nine million and counting: The controversial shopping app sweeping Australia,"Temu, a Chinese-owned online marketplace, has rapidly become Australia's fastest-growing shopping app, amassing over 9.2 million users since its April launch. Despite its popularity driven by low prices and strong advertising, Temu faces controversy regarding alleged forced labor, counterfeit goods, and a lack of financial transparency from its parent company, PDD Holdings. The article highlights Temu's significant market presence and the ethical questions surrounding its operations.",Forbes Australia,0.158178,Somewhat-Bullish
AAPL,2023-08-22,Congress Large Cap Growth ETF Holdings,"The Congress Large Cap Growth ETF (CAML), established on August 22, 2023, is an actively managed fund investing in large-cap companies for long-term capital growth. With $333.49 million in assets under management and 41 holdings, its top investments include NVIDIA, Apple, and Alphabet. The ETF focuses on companies anticipated to experience earnings growth.",Quiver Quantitative,0.297651,Somewhat-Bullish
AAPL,2023-08-23,"Arm, the Chip Designer, Files for an I.P.O. Expected to Be Among the Largest (Published 2023)","Arm, the chip design company owned by SoftBank, has filed for an initial public offering (IPO) on the Nasdaq exchange, which is anticipated to be one of the largest in recent years. This move follows Nvidia's abandoned bid to acquire Arm for $40 billion 18 months prior. The IPO will provide SoftBank with additional capital for investments, and SoftBank will retain its position as Arm's controlling shareholder.",The New York Times,0.173228,Somewhat-Bullish
AAPL,2023-08-23,NVIDIA Announces Financial Results for Second Quarter Fiscal 2024,"NVIDIA reported record revenue of $13.51 billion for the second quarter of fiscal 2024, a 101% increase from a year ago, driven by strong growth in Data Center revenue at $10.32 billion. The company also announced a new $25.00 billion share repurchase authorization and provided a positive outlook for the third quarter, expecting revenue of $16.00 billion. The CEO highlighted the ongoing transition to accelerated computing and generative AI as key drivers for NVIDIA's success.",NVIDIA Newsroom,0.570043,Bullish
AAPL,2023-08-23,The best ETFs for retirement income,"This article explores the best ETFs for retirement income, focusing on conservative asset allocation ETFs and tactical overlays for retirees. It discusses how these ETFs can help reduce volatility, hedge inflation, and generate income, with insights from financial experts on their suitability for different risk tolerances and financial situations. The author also delves into defensive sector ETFs and low-volatility ETFs as additional strategies for Canadian retirees.",MoneySense,0.203915,Somewhat-Bullish
AAPL,2023-08-24,"Invesco S&P 500 Revenue ETF (RWL) Stock Price, Holdings, Dividend Yield","This article provides a detailed overview of the Invesco S&P 500 Revenue ETF (RWL), including its current stock price, key financial metrics like PE ratio and dividend yield, and its top holdings as of November 30, 2025. It also covers the ETF's performance data, asset allocation, and recent trades. The fund holds 502 stocks with Walmart, Amazon, and Apple among its largest positions.",GuruFocus,0.171591,Somewhat-Bullish
AAPL,2023-08-24,"John Warnock, Inventor of the PDF, Dies at 82","John Warnock, co-founder of Adobe Systems and inventor of the ubiquitous Portable Document Format (PDF), died on August 19 at the age of 82. His innovations in computer graphics, including PostScript and PDF, were instrumental in enabling modern personal computing and visually rich digital experiences. Warnock's persistent goal was to ensure consistent document rendering across different computers and printers.",The New York Times,0.145991,Neutral
AAPL,2023-08-25,Early Apple computer that helped launch $3T company sells at auction for $223K,"One of the first Apple-1 personal computers, signed by co-founder Steve Wozniak, recently sold at auction for over $223,000. This fully operational vintage computer was one of about 200 manufactured in Apple co-founder Steve Jobs' garage in the 1970s, contributing to the launch of the now multi-trillion dollar company. The auction also included the sale of an original handwritten advertisement by Jobs and an early Apple company check signed by both Jobs and Wozniak.",The National News Desk,0.324797,Somewhat-Bullish
AAPL,2023-08-27,'Not just money and math': Young people are willing to sacrifice returns for ESG,"New data reveals that young investors are increasingly willing to sacrifice investment returns to align their portfolios with environmental, social, and governance (ESG) causes they care about. This trend is particularly strong among Gen Z and millennials, with many prepared to underperform market averages for values-aligned investments. Behavioral scientists suggest this reflects a need for young people to signal their values and identity through their investment choices.",CNBC,0.058388,Neutral
AAPL,2023-08-27,"Corporate America’s Chief Critic, Carl Icahn, Gets His Comeuppance (Published 2023)","Carl Icahn, a notorious activist investor, recently faced a challenge from short seller Nathan Anderson, who questioned the financial stability of Icahn Enterprises, Icahn's publicly traded company. This led to Icahn Enterprises cutting its dividend by half. The situation is seen as an embarrassing turn for Icahn, as he experienced tactics similar to those he has often used against other companies.",The New York Times,-0.104872,Neutral
AAPL,2023-08-28,"Hedge fund exposure to 7 biggest tech stocks at record high, Goldman Sachs says","Hedge funds have reached record exposure to the seven largest tech stocks by market capitalization, according to Goldman Sachs data, driven by strong performance and the artificial intelligence theme. These seven stocks, including Nvidia, Apple, and Microsoft, now constitute about 20% of the total net market value held by hedge funds tracked by Goldman Sachs. Despite the concentration risk, investment managers rationalize these allocations due to the significant returns generated by these companies this year.",Reuters,0.419695,Bullish
AAPL,2023-08-29,"Apellis to lay off 25% of staff, trim research in major restructuring","Apellis Pharmaceuticals announced a major restructuring, including a 25% workforce reduction (about 225 employees) and trimmed research spending, to focus resources on its newly approved vision loss drug, Syfovre. This move is expected to save up to $300 million through 2024, helping to extend its operational runway. The restructuring follows a sudden stock price decline spurred by reports of rare but potentially blinding side effects associated with Syfovre, though the company suggests these issues might be unrelated to the drug itself.",BioPharma Dive,0.154314,Somewhat-Bullish
AAPL,2023-08-29,Apple partner Globalstar taps former Qualcomm executive Paul Jacobs as CEO,"Globalstar, the satellite firm partnering with Apple for emergency communication services, has appointed former Qualcomm CEO Paul Jacobs as its new chief executive, replacing David Kagan. The announcement led to a nearly 20% surge in Globalstar's shares. Jacobs' appointment also involves a deal between Globalstar and XCOM Labs, a wireless tech startup he co-founded, for exclusive access to certain technologies and personnel.",The Economic Times,0.340587,Somewhat-Bullish
AAPL,2023-08-29,Globalstar Names XCOM Labs Founder Paul Jacobs as CEO,"Globalstar, an international telecom infrastructure provider, has appointed Paul Jacobs, founder and CEO of XCOM Labs and former CEO of Qualcomm, as its new CEO. Jacobs brings extensive experience and a proven track record in the wireless industry, with a focus on innovation and growth. The appointment coincides with a strategic perpetual licensing agreement with XCOM Labs, granting Globalstar exclusive access to key XCOM technologies and personnel to drive strategic initiatives and deliver innovative solutions.",PYMNTS.com,0.279144,Somewhat-Bullish
AAPL,2023-08-29,Globalstar hires former Qualcomm CEO for 'next phase',"Globalstar has appointed Paul Jacobs, former Qualcomm CEO, as its new CEO and will license technology from his XCOM Labs startup. Jacobs will lead Globalstar during a crucial period, as the company's satellites power Apple's iPhone emergency calling functions and it prepares to expand its IoT services and leverage its Band 53 spectrum. The licensing agreement with XCOM Labs, valued at approximately $64 million in stock, grants Globalstar exclusive access to XCOM's capacity-multiplying technology for its Band 53 spectrum.",Light Reading,0.26901,Somewhat-Bullish
AAPL,2023-08-29,How space traffic in orbit could spell trouble on Earth,"The increasing number of satellites in Earth's orbit, particularly large constellations like Starlink, significantly raises the risk of catastrophic collisions and the generation of more space debris. Such collisions could disrupt vital services on Earth, including GPS, communication, weather forecasting, and intelligence gathering. The current patchwork of international regulations is insufficient to manage this growing traffic, highlighting the urgent need for a formal, coordinated global system to prevent disasters and maintain the functionality of orbital infrastructure.",Coda Story,-0.174059,Somewhat-Bearish
AAPL,2023-08-30,Apple announces next Impact Accelerator class for businesses advancing environmental innovation,"Apple has announced its third Impact Accelerator class, a cohort of 12 Black-, Hispanic/Latinx-, and Indigenous-owned businesses focused on environmental solutions and green technology. This program is part of Apple's Racial Equity and Justice Initiative, aiming to help diverse businesses scale their impact and contribute to a greener, more equitable future. The participating companies offer solutions addressing climate change, resource management, and smarter chemistry, and will receive extensive support and mentorship from Apple.",Apple,0.485733,Bullish
AAPL,2023-08-30,"The Fishbowl: Lydia Parker, Samsung Ads Europe","This article features an interview with Lydia Parker, Head of International Agencies at Samsung Ads Europe, as part of The Media Leader's ""Fishbowl"" series. She discusses her career progression, professional experiences, leadership strategies in a hybrid work environment, changes in client conversations due to the booming CTV market, and her favorite ad.",The Media Leader,0.133662,Neutral
AAPL,2023-08-31,Details on InvestigateTV+,"InvestigateTV+ launched its new weekday news magazine program on September 11, featuring groundbreaking investigations from Gray’s award-winning team, national reporters, and stories on consumer issues, health, and inspiration. Full episodes are available on their website and dedicated apps (Roku, Amazon Fire, AppleTV), alongside their weekend show focusing on longform investigative journalism. The article also lists recent topics covered by InvestigateTV+.",www.investigatetv.com,0.199815,Somewhat-Bullish
AAPL,2023-09-01,An Apple-leased building in Sunnyvale sold for $41M,"A Miami real estate firm, BentallGreenOak, purchased an Apple-leased office-and-research building in Sunnyvale for $41 million. This transaction highlights ongoing commercial real estate activity in Silicon Valley. The article briefly mentions the high price paid for the property.",The Business Journals,0.175738,Somewhat-Bullish
AAPL,2023-09-01,Globalstar taps SpaceX to launch Apple's Emergency SOS satellites,"Globalstar has partnered with SpaceX to launch satellites for Apple's Emergency SOS iPhone feature by 2025, with Apple funding 95% of the costs, including the $64 million launch fee. This agreement is notable given an ongoing regulatory dispute where Globalstar accuses SpaceX of attempting to secure radio spectrum vital for its own satellite services. The Emergency SOS feature, exclusively reliant on Globalstar's network for iPhone 14 and newer models, allows users to connect to satellites for emergency help without cellular or Wi-Fi.",AppleInsider,0.111683,Neutral
AAPL,2023-09-01,IXN: Not A True Global Tech Play,"The iShares Global Tech ETF (IXN) is criticized for its misleading name, as it is heavily concentrated in U.S.-based tech giants like Apple, Microsoft, and Nvidia, comprising nearly two-thirds of its portfolio. Despite its ""global"" designation, over 80% of its holdings are U.S. companies, limiting true international exposure and sector diversification. This article highlights that IXN is not a genuinely global technology investment, potentially making investors vulnerable if they seek diversified international tech exposure.",Seeking Alpha,-0.385057,Bearish
AAPL,2023-09-01,"SAP nabs new global AI head from Microsoft, Walter Sun","SAP has appointed Walter Sun, formerly VP of Copilot Applied Artificial Intelligence at Microsoft, as its new global head of AI. This strategic hire underscores SAP's commitment to prioritizing AI, following recent collaborations with Microsoft and Google Cloud to integrate generative AI into its enterprise offerings. Sun, with his extensive background in AI and machine learning, is tasked with leveraging SAP's broad applications and customer base to transform business operations through innovative AI solutions.",ERP Today,0.260866,Somewhat-Bullish
AAPL,2023-09-05,"Claim Construction – We Agree . . . Or Do We? – One-E-Way, Inc. v. Apple Inc.","This article discusses the Federal Circuit's decision in *One-E-Way v. Apple*, highlighting a dispute over a previously agreed-upon claim construction for ""unique user code."" The case illustrates that even agreed-upon claim constructions can lead to significant disagreements regarding their application to accused products, with Apple successfully arguing that the code must be associated with a user, not just a device. The ruling serves as a cautionary tale for litigants to ensure proposed claim constructions provide absolute clarity and are well-supported by intrinsic evidence.",Crowell & Moring LLP,-0.200601,Somewhat-Bearish
AAPL,2023-09-06,Qualcomm CEO says AI may breathe new life into smartphones: 'It could create a new upgrade cycle',"Qualcomm CEO Cristiano Amon believes artificial intelligence could spark a new upgrade cycle for smartphones, revitalizing a market that saw a significant sales decline in 2022. Amon indicated that the company's upcoming Snapdragon Summit in October would showcase new AI-driven use cases from smartphone manufacturers. Unlike Nvidia's focus on data centers, Qualcomm aims to bring AI capabilities directly to devices, enhancing user experience and driving demand for new models.",CNBC,0.125105,Neutral
AAPL,2023-09-07,India's policy contradictions are making it harder for investors to crack its market,"India's apparent policy contradictions, such as import restrictions on electronics despite efforts to attract foreign investment, are complicating the market for global investors. While Prime Minister Modi's ""Make in India"" initiative and production-linked incentives aim to boost domestic manufacturing and attract companies like Apple and Foxconn, protectionist measures and capital controls create uncertainty. These challenges exist even as India seeks to enhance its global reputation and capitalize on shifting geopolitical alliances and supply chain diversification away from China, potentially limiting its full economic growth and investment appeal.",CNBC,0.136227,Neutral
AAPL,2023-09-07,Nvidia Says It Will Invest In Arm’s IPO After Failed Acquisition,"Nvidia has confirmed its intention to invest in Arm's initial public offering, despite its failed acquisition attempt of the company. The GPU giant was named as a potential ""cornerstone investor"" in Arm's updated IPO filing, alongside other tech companies like Intel, AMD, Apple, and Google. This investment highlights the continued importance of Arm's architecture to Nvidia's products and the broader tech ecosystem.",CRN,0.183543,Somewhat-Bullish
AAPL,2023-09-07,Why Goldman Sachs believes that Spotify will remain the world’s dominant music streaming service in 2030,"Goldman Sachs predicts that Spotify will remain the dominant music streaming service globally through 2030, maintaining its market share around the mid-30% level outside of China. Despite facing competition from larger tech conglomerates and new services like TikTok Music, Spotify's market share outside of China has remained broadly stable since 2017. Goldman Sachs also anticipates YouTube Music will become the second-largest DSP by 2030, surpassing Apple Music, and foresees consolidation among smaller streaming platforms.",Music Business Worldwide,0.128382,Neutral
AAPL,2023-09-08,"Everything Apple Plans to Show on Sept. 12: iPhone 15, Watches, AirPods","Apple Inc. is set to unveil its latest products on September 12, including the iPhone 15 line, new smartwatches, and the latest AirPods. The event is expected to highlight the titanium iPhone 15 Pro, camera improvements, a switch to USB-C chargers, and faster smartwatches. This launch represents Apple's most significant new product unveiling of the year.",Bloomberg.com,0.32289,Somewhat-Bullish
AAPL,2023-09-08,"If You Like SPHQ, Check Out Quality ETFs XMHQ and XSHQ","The article highlights the growing popularity of quality ETFs, specifically discussing the Invesco S&P 500 Quality ETF (SPHQ) and suggesting that investors also consider mid-cap and small-cap quality ETFs like XMHQ and XSHQ for broader exposure. It emphasizes that quality factors are significant across all market capitalizations and details how these Invesco funds select their holdings based on quality scores. The piece also provides insights into the AUM and recent inflows for each ETF, noting the key differences and similarities in how they track quality within their respective market segments.",ETF Trends,0.168801,Somewhat-Bullish
AAPL,2023-09-08,"Self-care products set to grow big; no downtrading in healthcare, says Haleon CEO","Haleon CEO Brian McNamara states that the self-care products market is poised for significant growth, driven by an increased focus on preventive healthcare post-pandemic and consumers' unwillingness to compromise on health. He notes that governments worldwide are also promoting self-care to alleviate pressure on healthcare systems. India is identified as a crucial growth market for Haleon, where the company sees little ""downtrading"" in healthcare products, including brands like Sensodyne.",The Economic Times,0.24093,Somewhat-Bullish
AAPL,2023-09-10,"History of Apple in Photos, From Steve Jobs Era to $3 Trillion","This article chronicles the history of Apple, from its founding by Steve Jobs and Steve Wozniak to its recent achievement of a $3 trillion market cap under Tim Cook. It details key product launches like the Apple II, Macintosh, iPod, and iPhone, as well as leadership changes and challenges such as the recent DOJ lawsuit and declining iPhone sales in China. The article also touches upon Apple's expansion into services and new product categories like the Apple Watch and Vision Pro, alongside its pivot towards generative AI.",Business Insider,-0.038577,Neutral
AAPL,2023-09-11,Paul Jacobs Tapped to Lead Globalstar,"Former Qualcomm Technologies CEO Paul Jacobs has been named the new CEO of Globalstar, coinciding with a licensing agreement that gives Globalstar exclusive access to certain XCOM Labs technologies and personnel. This deal, valued at approximately $63.6 million, aims to leverage Globalstar's terrestrial spectrum with XCOM's high-performance wireless technology. The move is expected to drive innovation in satellite communications and enhance value for Globalstar shareholders.",San Diego Business Journal,0.327282,Somewhat-Bullish
AAPL,2023-09-11,Qualcomm to supply Apple Inc with 5G chips until 2026 under new deal,"Qualcomm has signed a new deal with Apple to supply 5G chips for iPhones until at least 2026, extending their previous agreement which was set to expire this year. While the financial terms are similar to the prior deal, Qualcomm's financial projections assume that only 20% of iPhones will use its chips by 2026, as Apple continues to develop its own modem technology. A patent licensing deal between the companies, signed in 2019, remains in place and could be extended beyond its 2025 expiration.",Business Standard,0.386162,Bullish
AAPL,2023-09-11,"Qualcomm will make Apple’s iPhone modems until 2026, and its stock surges","Qualcomm Inc. will continue to supply modem chips for Apple Inc.’s iPhones until at least 2026. This extended partnership suggests Apple's efforts to develop its own 5G modem chips are progressing slower than anticipated. Following the announcement, Qualcomm's stock (QCOM) experienced a significant surge of approximately 4%.",MarketWatch,0.320001,Somewhat-Bullish
AAPL,2023-09-11,"Qualcomm, Meta Platforms rise; J.M. Smucker, RTX fall, Monday, 9/11/2023","This article details the stock performance of several companies on Monday, September 11, 2023. Qualcomm and Meta Platforms saw their stock prices rise due to specific company news, while J.M. Smucker and RTX experienced declines following significant announcements. Other notable movers include Alibaba, FuelCell Energy, Carlisle Cos., and Freeport-McMoRan.",Quartz,0.05537,Neutral
AAPL,2023-09-11,The hottest back-to-school accessory? A location sharing app,"Location sharing apps are becoming increasingly popular among American families, with Life360 reporting a significant surge in sign-ups this year. While many parents use these apps to track their children for safety, especially as kids gain independence, experts debate whether this constant surveillance truly reduces anxiety or hinders a child's development of self-reliance. Life360's founder, Chris Hulls, was inspired to create the app after Hurricane Katrina highlighted the need for family tracking technology, aiming to provide peace of mind for loved ones.",Fast Company,0.186311,Somewhat-Bullish
AAPL,2023-09-11,The pros and cons of the Vanguard FTSE All-World ex-US ETF (VEU),"The Vanguard FTSE All-World ex-US ETF (VEU) offers extensive geographic and business diversification with over 3,700 holdings and a low annual management fee of 0.08%. While it provides exposure to many strong global companies outside the US, its exclusion of US businesses means it misses out on some top performers like Apple and Microsoft, which have driven higher returns in US-inclusive international ETFs. Despite this, VEU remains a strong choice for investors seeking broad non-US market exposure.",The Motley Fool Australia,-0.08101,Neutral
AAPL,2023-09-12,All else being equal: Making the case for equal-weight ETFs,"This article discusses the advantages and disadvantages of equal-weight ETFs compared to market-cap-weighted ETFs, particularly in the context of the S&P 500's concentration in a few large tech companies. It highlights how equal weighting can manage concentration and valuation risk, offer a value investment style tilt, and increase exposure to smaller, well-established companies. While equal-weight strategies may underperform when market gains are driven by a select few, they can offer diversification benefits and a ""buy-low, sell-high"" approach through rebalancing.",Investment Executive,0.13411,Neutral
AAPL,2023-09-12,Apple Inc. stock outperforms competitors despite losses on the day,"Shares of Apple Inc. (AAPL) fell by 1.71% to $176.30 on Tuesday, despite outperforming competitors on a day that saw general market losses with the NASDAQ Composite Index and Dow Jones Industrial Average also declining. This drop ended Apple's two-day winning streak.",MarketWatch,-0.238763,Somewhat-Bearish
AAPL,2023-09-12,Apple introduces the advanced new Apple Watch Series 9,"Apple introduced the Apple Watch Series 9, featuring the new S9 SiP chip, a brighter display, faster on-device Siri, and a magical new double tap gesture. This release marks Apple's first carbon-neutral products, aligning with its Apple 2030 goal to be carbon neutral across its entire business, manufacturing, and product life cycle by 2030. The new watch also runs watchOS 10 and introduces FineWoven bands as a leather alternative, along with new Nike and Hermès band collections.",Apple,0.637699,Bullish
AAPL,2023-09-12,Apple unveils iPhone 15 Pro and iPhone 15 Pro Max,"Apple has unveiled the iPhone 15 Pro and iPhone 15 Pro Max, featuring a strong and lightweight titanium design, a new customizable Action button, significant camera upgrades, and the A17 Pro chip for enhanced performance and gaming. The new models also support USB-C with faster speeds and introduce new safety features like Roadside Assistance via satellite. Pre-orders begin September 15, with availability starting September 22.",Apple,0.442929,Bullish
AAPL,2023-09-12,"Apple unveils iPhone 15 Pro with titanium case, holds line on prices","Apple announced a new series of iPhones, including the iPhone 15 Pro with a titanium shell and improved features, while maintaining prices despite a global smartphone slump. The launch comes amidst economic uncertainty and increased competition in crucial markets like China. Apple also highlighted new watches and its commitment to becoming carbon neutral.",Reuters,0.028075,Neutral
AAPL,2023-09-12,Apple unveils its first carbon neutral products,"Apple announced its first carbon neutral products, primarily the new Apple Watch lineup, marking significant progress towards its Apple 2030 goal of making every product carbon neutral. The company detailed innovations in design, clean energy use in manufacturing and product use, reduced transportation emissions, and the development of new materials like FineWoven which replaces leather. Apple also introduced a new tool called Grid Forecast to help users choose cleaner energy times for electricity consumption.",Apple,0.518134,Bullish
AAPL,2023-09-12,Trading the Treasury Bond ETF (TLT) in Different Markets,"Historically, the TLT ETF had lower options premiums due to its low implied volatility compared to SPY. However, post-2020 economic changes, including the Fed's interest rate hikes, significantly increased TLT's implied volatility, making selling premium potentially more profitable. Research suggests that while lower-IV environments didn't yield substantial profits, higher-IV periods, especially with management at 21 DTE, show enhanced performance for selling premium in TLT.",tastylive,0.08781,Neutral
AAPL,2023-09-13,"Arm, the Chip Designer, Raises $4.87 Billion in the Year’s Largest I.P.O. (Published 2023)","Arm, the British chip design company, successfully raised $4.87 billion in the largest initial public offering of the year, valuing the company at $54.5 billion. This I.P.O. is a significant event for SoftBank, which acquired Arm in 2016 and aims to capitalize on the tech industry's focus on artificial intelligence, following a failed acquisition bid by Nvidia. Arm's return to public markets under the ticker symbol ARM is being closely watched as a gauge of investor interest in new tech offerings.",The New York Times,0.35699,Bullish
AAPL,2023-09-13,Chipmaker Arm is valued at $55 billion after a blockbuster IPO that is this year's biggest by far,"Arm Holdings successfully priced its IPO at the top of its range, raising $4.87 billion and achieving a valuation of approximately $54.5 billion. This marks the largest listing of the year globally and is expected to invigorate the equity markets and a pipeline of other tech IPOs. SoftBank will retain about 90% ownership after the offering, which saw significant investment from major tech companies like Intel, Apple, and Nvidia.",Fortune,0.331166,Somewhat-Bullish
AAPL,2023-09-13,Netgear's Nighthawk MK93S Mesh Router Arrives As iPhone 15 Readies A Big Wi-Fi 6E Push,"Netgear has launched its Nighthawk MK93S, a tri-band Wi-Fi 6E mesh router system, timed with the release of the iPhone 15 series. This system offers speeds up to 50% faster than its predecessor and covers homes up to 7,500 square feet. Netgear anticipates that the iPhone 15's adoption of Wi-Fi 6E will significantly boost the technology's market presence and consumer adoption.",HotHardware,0.271474,Somewhat-Bullish
AAPL,2023-09-14,Apple: Streamlining Sustainability For Every Buyer's Perfect Product,"Apple is prioritizing sustainability, aiming for all products to be carbon-neutral by 2030, a goal already achieved by the Apple Watch. The company's strategy involves significant emission reductions, increased use of renewable energy, and incorporating recycled materials, ensuring sustainability without compromising product features for consumers. Apple seeks to lead the tech industry towards a more responsible and environmentally conscious future.",Forbes,0.480738,Bullish
AAPL,2023-09-14,Arm climbs 25% in Nasdaq debut after pricing IPO at $51 a share,"Arm Holdings saw its stock jump nearly 25% on its first day of trading on the Nasdaq after pricing its IPO at $51 per share, valuing the company at almost $60 billion. SoftBank, which took Arm private in 2016, retains about 90% of the company's outstanding shares. Despite its high valuation relative to its current growth, Arm's unique royalty-based business model, including revenue from decades-old designs, and its strategic importance in AI and chip design, are key factors in investor interest.",CNBC,0.346094,Somewhat-Bullish
AAPL,2023-09-15,Equal Weight ETF EQL Hits Key Buy Signal,"The article highlights the Alps Equal Sector Weight ETF (EQL) as an intriguing tool to mitigate concentration risk in the S&P 500, particularly due to the dominance of a few tech firms. EQL, an equal-weight ETF, assigns equal weight to each sector and then to stocks within those sectors, offering diversification and strong performance. The fund hit a key buy signal as its price rose above its 50-day simple moving average.",ETF Trends,0.02874,Neutral
AAPL,2023-09-15,Infosys Only Indian Firm On TIME World's 100 Best Companies List,"Infosys is the only Indian company to be featured in the top 100 of TIME Magazine and Statista's World's Best Companies of 2023 list, securing the 64th spot. The ranking, which included 750 companies, was based on revenue growth, employee satisfaction, and ESG data. Seven other Indian companies, including Wipro, Reliance Industries, and HDFC Bank, also made it to the broader list.",NDTV,0.580339,Bullish
AAPL,2023-09-15,Infosys only Indian company in top 100 TIME World's Best Companies list,"Infosys is the sole Indian company to secure a spot in the top 100 of TIME Magazine and Statista's World's Best Companies of 2023 list, ranking 64th. The list evaluates companies based on revenue growth, employee satisfaction, and ESG data. While other Indian companies like Wipro, Mahindra Group, and Reliance Industries were present in the larger list of 750, Infosys stood out for its high growth rate and position among top professional services firms.",Mint,0.342976,Somewhat-Bullish
AAPL,2023-09-15,"Invesco MSCI USA ETF (PBUS) Stock Price, Holdings, Dividend Yield","This article provides a detailed overview of the Invesco MSCI USA ETF (PBUS), including its current stock price, key statistics like PE Ratio and Dividend Yield, and its top holdings as of August 31, 2025. The ETF has a portfolio value of $8.44 billion with top holdings including NVIDIA, Microsoft, Apple, Amazon, and Meta Platforms. It also presents historical performance data and breakdowns of asset allocation and sector exposure.",GuruFocus,0.160752,Somewhat-Bullish
AAPL,2023-09-16,"JPMorgan Global Select Equity ETF ETF Price, Holdings, & News (NASDAQ:JGLO) $JGLO","This article provides details on the JPMorgan Global Select Equity ETF (JGLO), including its current price, holdings, and recent news. The ETF aims for long-term capital appreciation by investing in global equities across various market capitalizations, integrating ESG factors. Key statistics, expense ratios, major shareholders, and top holdings like NVIDIA and Microsoft are highlighted.",MarketBeat,0.021093,Neutral
AAPL,2023-09-17,"I Can't Stop Thinking About How Awkward Apple's 'Mother Nature' Ad Was, and I Finally Figured Out Why","The author discusses Apple's ""Mother Nature"" ad featuring Octavia Spencer and Tim Cook, which aired during the iPhone keynote. While initially perceived as cringe-worthy and unfunny, the author concludes that the ad was effective in highlighting Apple's environmental efforts and contrasting them with competitors, even if it wasn't a comedic success. The ad addressed skepticism about Apple's carbon-neutral goals, particularly regarding the use of carbon credits, by having the ""Mother Nature"" character voice those criticisms.",Inc.com,0.201692,Somewhat-Bullish
AAPL,2023-09-18,Everything we know so far about Project Mugen,"Project Mugen, an urban open-world RPG developed by NetEase, has generated significant buzz since its trailer release on August 24th, 2023. The game features an anime-inspired art style, a futuristic setting where humans and the supernatural coexist, team-based combat with unique characters, and multiple traversal options like parkour and wall climbing. While pre-registrations are open, a definitive release date for PlayStation, PC, Android, and iOS platforms has not yet been announced.",Pocket Gamer,0.271408,Somewhat-Bullish
AAPL,2023-09-18,SK Telecom to unveil call recording service for iPhones,"SK Telecom plans to introduce a call recording service for iPhone users through its AI app, A dot, coinciding with the iPhone 15 launch in Korea. This will address a long-standing disadvantage for iPhone users in Korea, as Samsung Galaxy phones already offer this feature natively. The company also intends to bring call summary functions to iOS users, which are currently available for Android.",Korea JoongAng Daily,0.257153,Somewhat-Bullish
AAPL,2023-09-19,Why U.S. Bancorp is investing in the static point of sale,"U.S. Bancorp's Elavon unit is investing in dedicated payment terminal technology through its talech Terminal system, despite the rise of softPOS solutions that turn smartphones into payment terminals. Elavon believes there's a significant demand for terminals that offer comprehensive business management tasks alongside payment acceptance, minimizing IT complexity and upfront costs for small businesses. While supporting softPOS, Elavon argues that dedicated devices provide greater control over software, offer more value-added services, and better cater to certain merchant needs, including longer battery life and a streamlined user interface.",American Banker,0.188263,Somewhat-Bullish
AAPL,2023-09-19,iShares MSCI ACWI ETF,"The iShares MSCI ACWI ETF (ACWI) offers investors global equity exposure to large and mid-capitalization developed and emerging markets. It tracks the MSCI All Country World Index, providing diversification across numerous countries and sectors efficiently. The ETF is marketed as a low-cost investment vehicle with potential for long-term growth, though it acknowledges inherent investment risks.",Growbeansprout.com,0.330476,Somewhat-Bullish
AAPL,2023-09-21,Expedia Group builds generative AI into multiple products in its “Fall Release”,"Expedia Group is unveiling its ""Fall Release 2023,"" introducing numerous features and products for travelers and supplier partners, heavily integrating generative AI. Key updates include AI-powered conversational capabilities within its apps, dynamic travel guides, and ""EG Labs"" for consumer feedback on new tech. The release also brings influencer content, group trip planning tools, and AI-driven recommendations for hotel partners to enhance performance and guest insights.",PhocusWire,0.266283,Somewhat-Bullish
AAPL,2023-09-22,Calix taps Jabil as part of $42B+ broadband manufacturing plan,"Jabil, a St. Petersburg-based tech company, is partnering with California-based Calix Inc. to manufacture parts for expanding broadband internet service in rural America. This collaboration is part of the Biden Administration's $42.45 billion Build America, Buy America (BABA) effort for the Broadband Equity, Access, and Deployment (BEAD) program. Jabil will produce Calix’s optical network terminals (ONTs) and optical line terminals (OLTs) in Michigan, creating over 100 new jobs.",St Pete Catalyst,0.28398,Somewhat-Bullish
AAPL,2023-09-23,T-Mobile CEO Sievert recalls the first iPhone launch on T-Mobile,"T-Mobile CEO Mike Sievert reflects on the company's transformation from a struggling ""distant fourth"" carrier that didn't offer iPhones to a leading provider. The turning point was the introduction of the iPhone 5 in 2013 and the simultaneous launch of its 4G LTE network, coupled with innovative contract-free payment plans. Sievert also credits a $3 billion breakup fee from a failed AT&T merger for helping to fund T-Mobile's growth into the ""Un-carrier"" it is today.",PhoneArena,0.269471,Somewhat-Bullish
AAPL,2023-09-25,Uniqlo picks Tacoma Mall for its next Puget Sound-area store,"Uniqlo plans to open a new store in Tacoma Mall, its latest expansion in the Puget Sound area. The Japanese retailer will occupy the space previously held by White House Black Market, directly across from the Apple Store. This move follows other recent Uniqlo openings and plans in the region, including in downtown Seattle and Bellevue.",The Business Journals,0.16599,Somewhat-Bullish
AAPL,2023-09-26,"Buy the Dip in Apple, or Has the Trend Turned Rotten?","This article discusses whether investors should ""buy the dip"" in Apple (AAPL) given its recent revenue decline for three consecutive quarters and concerns about its position in the AI race. It highlights Direxion's leveraged and inverse single-stock ETFs for AAPL (AAPD and AAPU) and broader technology ETFs (TECL and TECS) for traders with varying risk appetites and market outlooks. The article also provides important disclaimers regarding the risks associated with leveraged and inverse ETFs.",ETF Trends,0.12357,Neutral
AAPL,2023-09-26,"FNGG ETF Analysis: Dividends, Returns AMEX:FNGG","This article provides an analysis of the Direxion Daily NYSE FANG+ Bull 2X Shares (FNGG) ETF, detailing its key characteristics such as assets under management, dividend yield, expense ratio, and holdings. FNGG offers 200% leveraged exposure to the NYSE FANG+ Index, focusing on big technology and innovative companies. The report also covers its recent performance, dividend history, and answers frequently asked questions about the fund.",TradingView,0.107283,Neutral
AAPL,2023-09-26,Should Vanguard Russell 1000 Growth ETF (VONG) Be on Your Investing Radar?,"This article evaluates the Vanguard Russell 1000 Growth ETF (VONG) as a potential investment, highlighting its focus on large-cap growth stocks, low expense ratio, and strong performance. It details VONG's sector exposure, top holdings, and risk profile, while also suggesting alternative ETFs for consideration.",Nasdaq,0.349639,Somewhat-Bullish
AAPL,2023-09-27,Apple is ordered to face Apple Pay antitrust lawsuit,"Apple has been ordered to face a private antitrust lawsuit brought by payment card issuers. The lawsuit alleges that Apple exerts a 100% monopoly over the domestic market for tap-and-pay wallets on its devices, forcing banks to pay excessive fees and hindering competition and innovation. A U.S. District Judge dismissed a ""tying"" claim but ruled that plaintiffs could proceed with their claim that Apple violated federal antitrust law.",Reuters,-0.299507,Somewhat-Bearish
AAPL,2023-09-27,Qualcomm defeats consumers' antitrust claims over chip supply contracts,"Qualcomm has successfully defeated a consumer antitrust lawsuit in California federal court, which alleged that the chipmaker's contracts with device manufacturers artificially inflated mobile phone costs. U.S. District Judge Jacqueline Scott Corley ruled in favor of Qualcomm, stating that allowing the plaintiffs to revive past evidence would lead to prolonged and expensive ""do-over litigation."" This ruling follows Qualcomm's 2020 victory against a similar lawsuit brought by the U.S. Federal Trade Commission.",Reuters,0.262557,Somewhat-Bullish
AAPL,2023-09-27,Silicon Hegemon: Could China Take Over Taiwan’s Semiconductor Industry Without Invading?,"This article explores the high-impact, low-probability scenario of China taking control of Taiwan's semiconductor industry, particularly TSMC, without a full-scale military invasion. It outlines hypothetical coercion tactics short of war, such as blockades and economic pressure, that could force Taiwan into ceding control. The authors propose military, regulatory, and policy responses for Taiwan and its allies to prevent such an outcome, emphasizing deterrence and preparedness to defend free passage to and from Taiwan.",Baker Institute,-0.161201,Somewhat-Bearish
AAPL,2023-09-28,"Nvidia's French offices raided in cloud-computing competition inquiry, Wall Street Journal reports","French competition authorities raided Nvidia's offices on suspicion of anticompetitive practices related to cloud computing and graphics cards. The investigation, part of a broader inquiry into potential market dominance in cloud computing, follows Nvidia's significant growth partly due to rising demand for its AI chips. This action aligns with France's recent aggressive stance against large tech companies.",Reuters,-0.16892,Somewhat-Bearish
AAPL,2023-10-02,Dutch regulator rejects Apple’s objections to fines,"The Dutch competition watchdog ACM has rejected Apple's objections to 50 million euros ($53 million) in fines. The fines were imposed because Apple failed to fully comply with orders to allow alternative payment methods for dating apps in the Netherlands. Apple plans to appeal the decision to the Netherlands courts, maintaining that the original order degrades investment incentives and compromises user privacy and data security.",Reuters,-0.204867,Somewhat-Bearish
AAPL,2023-10-03,What the Cheesecake Factory Effect means for malls,"A new paper from Moody's Analytics identifies the ""cheesecake factor,"" suggesting that the presence of a Cheesecake Factory restaurant indicates a mall's financial health. Approximately 93% of loans backed by malls with a Cheesecake Factory are current on payments, compared to 72% for malls without one. This phenomenon highlights how specific anchor stores can serve as unofficial gauges of a mall's economic prospects.",Axios,0.364448,Bullish
AAPL,2023-10-04,"AAPU ETF Analysis: Dividends, Returns NASDAQ:AAPU","This article provides an analysis of the Direxion Daily AAPL Bull 2X ETF (AAPU), detailing its structure, investment strategy, and performance metrics. It highlights AAPU as a short-term tactical tool designed to deliver 2x the daily price return of Apple stock, emphasizing its volatility due to lack of diversification and the need for frequent rebalancing for sustained leverage. The analysis also covers key financial data such as AUM, dividend yield, expense ratio, and recent price and NAV performance.",TradingView,0.013438,Neutral
AAPL,2023-10-04,PayPal Makes Good on Its Apple Pay Card Vow,"PayPal has fulfilled its promise to integrate its PayPal and Venmo credit and debit cards with Apple Wallet, nearly a year after the initial vow. This integration allows users to add their cards to Apple Pay for in-app and Safari browser transactions. Former CEO Dan Schulman stated that this move aims to offer more choice to PayPal's merchants and increase branded transactions, citing a similar success with Google Pay in Germany.",Digital Transactions,0.267627,Somewhat-Bullish
AAPL,2023-10-04,"Scheels opens 250,000-sq.-ft. store in Phoenix","Scheels has opened a new 250,000-sq.-ft. store in Macerich’s Chandler Fashion Center in Phoenix, Arizona, nearly doubling the tenant's previous footprint. This entertainment-based sporting goods store, which features attractions like a Ferris wheel, saltwater aquarium, and wildlife mountain, significantly boosted mall traffic by over 108% on its opening day. The new location is expected to generate four times the revenue of the former tenant, Nordstrom's, and builds on Scheels' strategy of creating destination retail experiences.",Chain Store Age,0.223287,Somewhat-Bullish
AAPL,2023-10-05,Blackberry to Split in Two: Why We Like the Idea,"BlackBerry announced its intention to split into two distinct businesses: IoT and cybersecurity. Morningstar analysts view this separation positively, especially the IoT business which includes the QNX software for autonomous vehicles, as it is considered the most valuable part of the firm and an attractive investment. The cybersecurity segment, while struggling, is also expected to benefit from better execution as a separate entity and could be an attractive buyout candidate.",Morningstar,0.227658,Somewhat-Bullish
AAPL,2023-10-05,Tech spared as bond selloff buffets stocks,"Treasury yields surged to their highest levels in over a decade as traders anticipated prolonged high borrowing costs from the Federal Reserve, impacting most US stocks. However, the Nasdaq 100, driven by major technology firms like Microsoft, Apple, and Nvidia, saw gains. This market movement occurred despite a last-minute deal to avert a government shutdown, highlighting the market's primary focus on interest rate policy.",The Guam Daily Post,0.255649,Somewhat-Bullish
AAPL,2023-10-09,Moat Investing Rises Above Magnificent Seven Dominance,"The article discusses how Morningstar's Moat Index outperformed the S&P 500 year-to-date despite being underweight the ""Magnificent Seven"" mega-cap stocks. It highlights the growing concentration risk posed by these seven technology giants and explains how equal-weighted Moat strategies offer a solution through diversification and attractive valuations. The article also details the September index reconstitutions for both the Moat and SMID Moat Indexes, noting shifts away from growth stocks and into more value-oriented sectors.",VanEck,0.206868,Somewhat-Bullish
AAPL,2023-10-11,Google CEO Pichai wrote to founders Page and Brin to decry bad ‘optics’ of search engine deal with Apple when he was in charge of Chrome,"Sundar Pichai, years before becoming Google’s CEO, expressed concerns in 2007 emails to co-founders Larry Page and Sergey Brin regarding the ""bad optics"" of Google's exclusive search deal with Apple. These emails, used as evidence in a Justice Department antitrust case, revealed Pichai's discomfort with Google being the sole search provider in the Safari browser. The deals, where Google pays Apple and other smartphone makers billions, are central to the government's claim that Google maintains its search dominance through anti-competitive agreements.",Fortune,0.00838,Neutral
AAPL,2023-10-11,"REX FANG & Innovation Equity Premium Income ETF (FEPI) Price, Holdings, & News","The REX FANG & Innovation Equity Premium Income ETF (FEPI) is an actively managed exchange-traded fund launched on October 9, 2023. It aims to mirror the returns of the Solactive FANG Innovation Index while generating monthly income by investing in index securities and writing call options. The fund currently has $584.04 million in assets under management and a dividend yield of 27.49%.",MarketBeat,0.305282,Somewhat-Bullish
AAPL,2023-10-12,IWF ETF: Be Cautious Of High Valuations (NYSEARCA:IWF),"The iShares Russell 1000 Growth ETF (IWF) tracks large-cap U.S. growth stocks and has its largest holdings in Apple and Microsoft. While it generally underperformed some growth ETFs like QQQ, it surpassed others like SPDR Portfolio S&P 500 Growth ETF due to differences in its holdings and sector exposure. The article advises caution due to potentially high valuations.",Seeking Alpha,-0.158184,Somewhat-Bearish
AAPL,2023-10-12,"Qualcomm layoffs in 2023: Why 1,258 jobs are being slashed","Qualcomm is laying off 1,258 employees in California due to a slump in smartphone sales and a prior commitment to cost-cutting. The layoffs, primarily impacting engineering teams in San Diego and Santa Clara, represent 2.5% of its global workforce. The company is trying to diversify into new markets like IoT, VR, and automotive chips, but its revenue continues to be heavily reliant on the struggling smartphone market.",SiliconANGLE,-0.034865,Neutral
AAPL,2023-10-12,United Promotes Benefits of Bluetooth Enabled Planes,"United Airlines is highlighting the benefits of its new Bluetooth-enabled planes, emphasizing how these features, including new AirPods Pro capabilities, improve passenger and crew communication. The airline currently has Bluetooth connectivity on over 100 planes and plans to expand this to about 800 aircraft by 2032 as part of its United Next modernization program. This initiative also integrates other Apple products and aims for significant fuel efficiency improvements.",PR Newswire,0.382271,Bullish
AAPL,2023-10-13,Amkor's Largest Global Semiconductor Factory Opens in Yen Phong 2C Industrial Park developed by Viglacera,"Amkor Technology Vietnam celebrated the grand opening of its largest global semiconductor factory in the Yen Phong 2C Industrial Park, developed by Viglacera Corporation. This advanced factory, with a $1.6 billion investment, will serve leading electronics companies and is expected to boost Vietnam's semiconductor industry. Viglacera, with over 20 years of experience in industrial real estate, continues to attract significant foreign direct investment, especially in high-tech sectors, and plans further expansion of its industrial park network.",Gelex Group,0.346917,Somewhat-Bullish
AAPL,2023-10-13,"Google joins Adobe, Microsoft in promising to protect its AI users from copyright claims","Google has announced it will legally protect users of its generative AI products against copyright infringement claims. This move follows similar commitments from other tech giants like Adobe and Microsoft, aiming to alleviate concerns about intellectual property violations in AI-generated content. The commitment means Google will shoulder legal responsibility for its users in such cases.",The Business Journals,0.263375,Somewhat-Bullish
AAPL,2023-10-14,"Malicious “RedAlert - Rocket Alerts” application targets Israeli phone calls, SMS, and user information","Cloudflare's Cloudforce One Threat Operations Team discovered a malicious Android application impersonating the legitimate ""RedAlert - Rocket Alerts"" app, widely used in Israel for airstrike alerts. This malicious version, distributed via a deceptive website, collects sensitive user data including call logs, SMS, contacts, and account information, while mimicking the original app's functionality. Users who installed the Android version from `redalerts[.]me` are advised to delete it immediately and reinstall the authentic app from the Google Play Store.",Cloudflare,0.108251,Neutral
AAPL,2023-10-15,Apple Inc. (NASDAQ:AAPL) is largely controlled by institutional shareholders who own 55% of the company,"Institutional shareholders control 55% of Apple Inc. (NASDAQ:AAPL), giving them significant influence over the company's share price. The top 25 shareholders own 40% of the company, with The Vanguard Group, Inc. being the largest at 8.3%. Individual investors and public companies hold 39% and 5.9% respectively, while insiders own less than 1%.",Yahoo Finance,0.118725,Neutral
AAPL,2023-10-20,"Weibo trials displaying real names of influencers, starting with its CEO","Weibo is trialling a new policy to display the real names and occupations of influencers, starting with its CEO, Wang Gaofei. The policy initially targets influencers with over 1 million followers and will expand to those with 500,000, affecting fields like politics, finance, and entertainment. This move follows the Cyberspace Administration of China's initiative to regulate ""self-media"" and has sparked debate regarding its impact on online discourse and user privacy.",Dao Insights,0.125033,Neutral
AAPL,2023-10-23,Apple to spend $1 billion on AI in catch-up move: report,"Apple Inc. is reportedly investing $1 billion to accelerate its efforts in generative artificial intelligence. This move comes after the company was reportedly ""caught off guard"" by the rapid rise of AI tools like ChatGPT last year. The investment aims to integrate generative AI technology across all Apple products, with the initiative being led by senior vice presidents John Giannandrea and Craig Federighi.",Fox Business,0.222295,Somewhat-Bullish
AAPL,2023-10-23,KT Partners with Thailand’s Jasmine Group for Global AI Collaboration,"KT announced a collaboration with Thailand’s Jasmine Group to develop a Thai Large Language Model (LLM) using KT's ""Mi:dm"" super-scale AI, marking the first overseas venture for a domestically produced super-scale AI. The partnership involves sharing technical expertise for LLM development, establishing a GPU farm, and exploring global LLM business models in Southeast Asia. Both companies aim to enhance Thailand's AI industry competitiveness and expand into other regional markets.",Businesskorea,0.225202,Somewhat-Bullish
AAPL,2023-10-23,Nvidia and AMD reportedly developing Arm-based PC processors,"Nvidia and AMD are reportedly developing new Arm-based PC processors, aiming to enter the Windows computer market as early as 2025. This move aligns with Microsoft's efforts to foster competition and introduce more energy-efficient CPUs with advanced AI features, similar to Apple's Arm-based Macs. Qualcomm currently holds an exclusivity agreement with Microsoft for Arm-based Windows chips, which is set to expire by the end of the year, potentially opening the door for Nvidia and AMD.",SiliconANGLE,0.09702,Neutral
AAPL,2023-10-24,FDA Clears Omnipod 5 App for iPhones,"The FDA has granted 510(k) Clearance to the Omnipod 5 app for iPhone, making Insulet Corporation the first to offer a tubeless AID system with full control from compatible Android and iOS smartphones. This clearance follows the Omnipod 5 Automated Insulin Delivery system's initial FDA clearance for patients aged 6 years and older with type 1 diabetes in January 2022, and subsequent approval for children aged 2 years and older. The iOS app will offer the same functionality as the Android version, plus a new custom food feature, with a full market release expected in 2024.",HCPLive,0.314022,Somewhat-Bullish
AAPL,2023-10-24,"It's Not Just Lithium: Tesla, Rivian, And The Green Revolution Rely On These Precious Metals","This article highlights the critical role of precious metals beyond lithium in powering the green revolution, particularly in electric vehicle batteries. It details how cobalt, nickel, silver, and graphite are essential components for companies like Tesla and Rivian, impacting battery performance, energy density, and efficiency. The piece also touches on future trends, such as solid-state batteries, and discusses investment opportunities in the materials driving the EV industry.",Nasdaq,0.233113,Somewhat-Bullish
AAPL,2023-10-24,"Nvidia to take on Intel, Qualcomm with Arm-based processors for PC; availability pegged for 2025","Nvidia is developing Arm-based processors for personal computers, aiming to compete with Intel and Qualcomm, with availability expected as soon as 2025. This move intensifies competition in the PC chip market, especially as AMD is also reportedly working on Arm-based processors for PCs. The initiative follows Apple's successful transition to in-house Arm-based chips, boosting Mac sales, and poses a significant challenge to Intel's dominant position.",The Financial Express,0.100526,Neutral
AAPL,2023-10-25,Top 10 Mobile Accessories Companies | Fuelling Market Growth,"The global mobile accessories market, valued at USD 295.5 billion in 2022, is projected to reach USD 598.1 billion by 2032, growing at a CAGR of 7.5%. This growth is driven by the increasing adoption of smartphones, technological advancements in mobile devices, and the rising demand for complementary accessories like protective cases, headphones, and smartwatches. The article highlights key players such as Samsung, Apple, Google, Sandisk, Belkin, Harman, Aukey, Sony, Anker, and Bose, providing an overview of their history, products, geographical presence, and recent developments.",Market.us Scoop,0.287507,Somewhat-Bullish
AAPL,2023-10-25,‘Fundamental rethink:’ Investors dump China shares despite new efforts to shore up the economy,"Global investors are offloading Chinese shares at an ""unprecedented"" rate due to concerns over China's economic slowdown, a lack of convincing policy responses, and an opaque business environment. Despite Beijing's efforts to stimulate growth through bond issuance and sovereign wealth fund purchases, these measures have failed to restore investor confidence. Experts suggest that a fundamental rethinking of China investment is underway, driven by a collapse of trust in the Chinese Communist Party and rising US-China tensions.",CNN,0.068948,Neutral
AAPL,2023-10-29,Apple Looks to Regain Chip Bragging Rights With Trio of M3 Processors,"Apple is set to unveil its new M3 chip line, along with updated MacBook Pros and an iMac, at a ""Scary Fast""-themed event. This comes as the company also plans a total overhaul of AirPods, increases prices for Apple TV+, and revamps its TV app. The move aims to boost Mac sales and enhance Apple's performance chip offerings.",Bloomberg.com,0.334167,Somewhat-Bullish
AAPL,2023-10-30,3 ETFs Setting the Gold Standard for Investor Returns,"This article highlights three top-performing ETFs for investors seeking wealth building in a bullish market: Vanguard Growth ETF (VUG), Invesco QQQ Trust Series 1 (QQQ), and VanEck Semiconductor ETF (SMH). These ETFs offer diversification, high liquidity, and lower costs compared to actively managed funds. Each ETF focuses on specific growth sectors like tech and semiconductors, featuring holdings in major companies such as Apple, Microsoft, Amazon, Nvidia, and Taiwan Semiconductor.",InvestorPlace,0.420114,Bullish
AAPL,2023-10-30,"Apple unveils M3, M3 Pro, and M3 Max, the most advanced chips for a personal computer","Apple announced its new M3, M3 Pro, and M3 Max chips, touting them as the most advanced chips for a personal computer. Built on 3-nanometer process technology, these chips introduce a next-generation GPU architecture with features like Dynamic Caching, hardware-accelerated ray tracing, and mesh shading, delivering significant performance improvements over the M1 family of chips. The M3 family also boasts faster CPU performance, an enhanced Neural Engine for AI/ML tasks, and an unrivaled unified memory architecture supporting up to 128GB, along with improved power efficiency for longer battery life and a reduced environmental impact.",Apple,0.425352,Bullish
AAPL,2023-10-30,"BlackBerry CEO Chen to retire, director Lynch to hold interim charge","BlackBerry CEO John Chen is set to retire at the end of the week after a decade of leading the company through a strategic pivot from hardware to enterprise software. Richard Lynch, a current board director, will take over as interim CEO while the company searches for a permanent replacement. Chen oversaw BlackBerry's shift to cybersecurity, in-car software, and IoT applications, and initiated plans to separate its IoT and cybersecurity units.",Reuters,0.038342,Neutral
AAPL,2023-11-01,DarioHealth launches smart blood sugar meter for iPhone 15,"DarioHealth has launched a new smart blood sugar meter specifically designed for Apple iPhone 15 users. This new device leverages the iPhone 15's USB-C charging port for real-time data capture and instant connectivity, enhancing the personalized DarioHealth management experience. The company aims to innovate and continuously engage members in managing chronic conditions like diabetes.",MassDevice,0.283544,Somewhat-Bullish
AAPL,2023-11-01,Disney to pay at least $8.6 billion for Comcast’s Hulu stake,"The Walt Disney Co. is moving forward with its acquisition of Comcast Corp.’s 33% stake in the streaming service Hulu. Disney expects to pay at least $8.61 billion for the stake, although the final price will be determined through an appraisal process that could extend into 2024, as Comcast believes Hulu is worth considerably more than the initially agreed-upon minimum valuation. This acquisition is a significant step in Disney's streaming strategy, potentially leading to full integration of Hulu's offerings into Disney+.",Los Angeles Times,0.14008,Neutral
AAPL,2023-11-01,How To Give Your Passive Investing Approach Some Much-Needed Oomph,"This article explores factor investing, also known as ""smart beta,"" as a way to enhance passive investing strategies. It discusses the performance of five popular factors—value, quality, momentum, minimum volatility, and size—highlighting quality as the best performer over the past five years. The piece also suggests considering multifactor ETFs like the iShares US Equity Factor ETF (LRGF) for diversified exposure to these factors.",Finimize,0.479323,Bullish
AAPL,2023-11-01,MOAT: History May Not Repeat Itself (BATS:MOAT),"The VanEck Morningstar Wide Moat ETF (MOAT) has a strong historical track record and reasonable fees but is significantly underweight in big tech. Given a bullish view on big tech, the author suggests MOAT may underperform the S&P 500 going forward. The article provides an overview of the ETF's strategy and the author's financial disclosures.",Seeking Alpha,0.334504,Somewhat-Bullish
AAPL,2023-11-02,"Apple now has $162 billion in cash on hand, slightly less than last quarter","Apple's cash reserves decreased slightly to $162.1 billion in its fiscal fourth quarter, down from $166.5 billion in the previous quarter. This comes as the company maintained one of the largest cash piles in the U.S. and posted revenue of $89.50 billion, exceeding Wall Street expectations despite analysts predicting a fourth consecutive quarter of revenue decline.",CNBC,0.018599,Neutral
AAPL,2023-11-02,Globalstar's new CEO keeps things vague – for now,"Globalstar's new CEO, Paul Jacobs, addressed the company's future plans for the first time since taking the helm approximately two months ago. While optimistic about the combination of space and terrestrial assets, Jacobs provided few concrete details, stating he is still reviewing operations and initiatives, including previously announced private wireless network deals. He expressed hope for an agreement within a year for monetizing spectrum assets and highlighted Globalstar's role in direct-to-cell services and IoT, as the company reported increased revenue and raised full-year guidance.",Light Reading,0.164607,Somewhat-Bullish
AAPL,2023-11-03,Understanding the Role of Chatbots in Virtual Care Delivery,"Chatbots are increasingly vital in virtual healthcare delivery, offering applications from administrative tasks like scheduling appointments to clinical uses such as patient triage and mental health support. While they provide significant benefits in efficiency and patient satisfaction, concerns persist regarding their ability to handle complex diagnostic scenarios, data privacy, and HIPAA compliance, requiring ongoing efforts to build trust among both physicians and patients. The article details chatbot categories, their diverse use cases in virtual care, and weighs their benefits against current limitations.",TechTarget,0.137561,Neutral
AAPL,2023-11-04,'We're Changing the Structure:' GM's Software Boss Steps Down Amid Major Overhaul,"General Motors is reorganizing its software and services engineering team, leading to the departure of former Apple executive Dave Richardson, who was VP of software and services engineering. Sterling Anderson, GM's chief product officer, will now oversee vehicle software engineering and Global Product. This change aims to accelerate the development and delivery of technology experiences as GM prepares to launch a new centralized computer system in 2028 and moves away from phone mirroring in future vehicles.",Motor1.com,0.002514,Neutral
AAPL,2023-11-04,"Cyberattack Hits Infosys' McCamish Systems, Disrupting Operations","Infosys' step-down subsidiary, Infosys McCamish Systems, experienced a cyberattack that caused the non-availability of certain applications and systems. The company is collaborating with a cybersecurity products provider and has launched an independent investigation to determine the impact on systems and data. This incident adds to a growing concern about cybersecurity, following other significant breaches and warnings of state-sponsored attacks earlier this year.",Outlook Business,-0.217803,Somewhat-Bearish
AAPL,2023-11-05,On-device AI chips: New battleground for chipmakers,"Global chipmakers like Samsung Electronics, Qualcomm, Intel, and AMD are intensifying their focus on on-device AI chips for smartphones, laptops, and PCs, recognizing its potential for customized services, lower costs, and enhanced privacy compared to generative AI. This shift is expected to drive significant growth in AI-enabled consumer electronics and contribute to rising memory chip prices. Both on-device AI and generative AI are seen as complementary, with companies like Samsung planning to integrate both into future smart devices.",The Korea Economic Daily Global Edition,0.200765,Somewhat-Bullish
AAPL,2023-11-06,Starbucks raising wages at least 3% starting Jan. 1,"Starbucks announced it will raise wages for its U.S. retail hourly partners by at least 3% starting January 1, 2024, with more tenured employees receiving higher increases up to 5%. This move is part of an expanded benefits package and comes without anticipated menu price increases. The company stated these investments aim to improve the partner experience, reduce turnover, and enhance customer connection scores.",Fox Business,0.35919,Bullish
AAPL,2023-11-07,Why Warren Buffett has done more to educate investors than any other corporate executive,"Warren Buffett, CEO of Berkshire Hathaway and a prominent figure on the MarketWatch 50 list, is recognized for his significant influence on investors. He is known for his candid communication, explaining complex business operations, and openly discussing his successes and failures, which has made him an exceptional educator in the investment world.",MarketWatch,0.200371,Somewhat-Bullish
AAPL,2023-11-09,Apple agrees to $25 million settlement with US over hiring of immigrants,Apple Inc. has agreed to pay $25 million to settle claims by the U.S. Department of Justice that it illegally favored immigrant workers over U.S. citizens and green card holders for certain jobs. The Justice Department stated that Apple did not recruit U.S. citizens or permanent residents for jobs eligible for a federal program allowing employers to sponsor immigrant workers for green cards. This settlement marks the largest ever for the Justice Department concerning discrimination based on citizenship.,Reuters,0.048857,Neutral
AAPL,2023-11-09,Lionsgate Increases Majority Stake In 3 Arts Entertainment,"Lionsgate Entertainment is finalizing a deal to acquire an additional, significant ownership stake in management and production company 3 Arts Entertainment. This move follows Lionsgate's initial majority stake acquisition in 2018 and comes after months of negotiations and a new valuation. The partnership has been fruitful, contributing five recent shows to Lionsgate’s TV series slate, including ""Mythic Quest"" and ""The Serpent Queen.""",Deadline,0.258732,Somewhat-Bullish
AAPL,2023-11-10,Booking.com settles Italian tax dispute with 94-million euro payment,"Travel website Booking.com has agreed to pay approximately 94 million euros ($100.25 million) to settle a tax dispute in Italy covering the period from 2013 to 2021. The settlement follows an investigation by Genoa prosecutors into the company's handling of VAT on properties rented through its platform. As part of the agreement, Booking.com also filed its VAT return in Italy for 2022 and committed to acting as a tax substitute for transactions with private individuals not registered for VAT.",Reuters,-0.136165,Neutral
AAPL,2023-11-10,Qualcomm and Iridium end their satellite chip partnership,"Mobile chip giant Qualcomm has terminated its satellite-to-phone partnership with Iridium, less than a year after its announcement. The collaboration, which aimed to provide satellite-to-phone services via Snapdragon Satellite and Iridium's satellites, struggled due to a lack of adoption by smartphone manufacturers who preferred standards-based solutions. Both companies plan to continue exploring standards-based satellite connectivity options, with Iridium now free to engage directly with OEMs and chipmakers.",Telecoms,-0.099589,Neutral
AAPL,2023-11-13,Amazon sued over 'dangerous partnership' with virtual casino apps,"Amazon is being sued in a proposed consumer class-action lawsuit for allegedly earning billions through an ""illegal internet gambling enterprise."" The lawsuit, filed by a Nevada resident, claims Amazon distributed over 30 illegal casino apps and processed payments for virtual chips, maintaining a 30% financial interest. This case is part of broader litigation targeting online social casino apps, with similar lawsuits pending against Apple, Meta, and Google regarding their payment-processing roles.",Reuters,-0.218798,Somewhat-Bearish
AAPL,2023-11-13,FAANG Gives Way to the ‘Magnificent Seven’,"The ""FAANG"" stock group has evolved into the ""Magnificent Seven,"" with Netflix replaced by Nvidia, and Microsoft and Tesla added to the mix of top U.S. market names. ETF issuers are beginning to launch products specifically targeting these seven stocks, while existing ETFs like the Vanguard Mega Cap Growth ETF (MGK) already hold significant concentrations of them. Investors have various options, from highly concentrated ETFs to diversified funds, to gain exposure to these influential companies.",ETF Trends,0.323856,Somewhat-Bullish
AAPL,2023-11-13,Market Edges: The Recession (And Fourth Turning) Are Here,"Hedgeye argues that a recession is currently underway, contrary to investor hopes for a ""Santa Claus rally"" and standard seasonal trends. They emphasize a data-driven approach (""conditional factoring"") over seasonal optimism, providing extensive resources and analysis of dire economic indicators like household debt, credit delinquencies, and retail sector weakness. The article also highlights insights from Demography analyst Neil Howe on ""The Fourth Turning"" and global recessionary signals from currency and commodity markets.",Hedgeye,-0.392535,Bearish
AAPL,2023-11-13,"QYLD ETF Analysis: Dividends, Returns NASDAQ:QYLD","This article provides an analysis of the Global X NASDAQ 100 Covered Call ETF (QYLD), focusing on its dividends and returns. It highlights QYLD's strategy of generating income by selling covered call options on the Nasdaq-100, resulting in a less volatile return pattern compared to traditional Nasdaq-100 ETFs. The analysis covers key statistics such as AUM, dividend yield, expense ratio, holdings, and historical performance, alongside frequently asked questions about the fund.",TradingView,0.292416,Somewhat-Bullish
AAPL,2023-11-13,Spotlight on XYLD: An S&P 500 Covered Call Strategy,"This article highlights the Global X S&P 500 Covered Call ETF (XYLD) as a strategy for investors looking to reduce volatility and generate income in the current market environment. It explains how XYLD uses a buy/write strategy by selling call options on the S&P 500 Index to produce a competitive yield, which exceeded 11% as of September 2023. The article also suggests that XYLD may be particularly appealing in a sideways-moving market, providing diversification and income for defensive investors.",Global X ETFs,0.169589,Somewhat-Bullish
AAPL,2023-11-14,FMR LLC Acquires New Stake in Magenta Therapeutics Inc,"FMR LLC, through its flagship company Fidelity Investments, has acquired a new stake in Magenta Therapeutics Inc (MGTA) by purchasing 2,218,212 shares at $0.6996 per share. This transaction gives FMR LLC a 14.97% ownership stake in the clinical-stage biotechnology company, indicating a strategic investment aligning with the firm's focus on technology and healthcare sectors. Despite Magenta Therapeutics currently operating at a loss, FMR LLC's move suggests a belief in the company's long-term value and transformative potential in stem cell and gene therapy.",GuruFocus,0.156347,Somewhat-Bullish
AAPL,2023-11-14,FMR LLC Bolsters Portfolio with Fidelity International Value Fac,"FMR LLC, also known as Fidelity, has significantly expanded its investment portfolio by acquiring 350,126 shares of the Fidelity International Value Factor ETF (FIVA) at $21.95 per share. This transaction, executed on October 31, 2023, increases FMR LLC's holdings in FIVA to 1,099,261 shares, representing a 32.33% position in its portfolio. The move reflects Fidelity's strategic investment in an ETF that has shown a 9.1% year-to-date performance.",GuruFocus,0.209857,Somewhat-Bullish
AAPL,2023-11-14,"Spotlight on illegal hiring practices: Apple pays $25M for recruiting, job ad mistakes","Apple Inc. has agreed to pay $25 million to settle allegations of illegal hiring practices related to its PERM program. A DOJ investigation found Apple failed to recruit U.S. citizens or green card holders, did not advertise these positions on its external website, and required paper applications for PERM jobs while allowing electronic applications for others. The settlement includes $18.25 million for discrimination victims and $6.75 million for civil penalties, with Apple also agreeing to revise its recruitment practices and provide employee training.",HRMorning,-0.390622,Bearish
AAPL,2023-11-14,Tepper’s Appaloosa dumps Apple stake and loads up on Amazon’s stock,"David Tepper’s Appaloosa hedge fund significantly increased its stake in Amazon.com Inc. and completely divested its position in Apple Inc. during the last quarter. The fund also raised its holdings in Google parent Alphabet Inc. and Facebook parent Meta Platforms Inc., as detailed in a recent SEC filing. This move indicates a shift in Tepper's portfolio allocation towards these tech giants.",MarketWatch,0.220102,Somewhat-Bullish
AAPL,2023-11-15,What's next for satellite communications on Android?,"Apple has extended its Emergency SOS via satellite service for iPhone 14 and 15 users to two years, while Qualcomm's Snapdragon Satellite initiative for Android has failed due to lack of OEM integration. This leaves Iridium, a key satellite provider, free to pursue new partnerships directly with smartphone makers. The future of satellite communication on Android is unclear, though Samsung is rumored to introduce a solution with the Galaxy S24, and current options include standalone devices like the Motorola Defy Sat Link and Garmin inReach Mini 2.",Pocket-lint,0.101179,Neutral
AAPL,2023-11-16,Unity 6 debuts next year with AI-powered innovations and platform updates,"Unity announced its upcoming Unity 6 platform, set to launch in 2024, featuring significant AI innovations and platform updates. Key announcements from the Unite conference include the early access of Unity Muse for content creation, a preview of Unity 6, and the introduction of Unity Cloud. These updates aim to address developer feedback and enhance the game development process following recent controversies over pricing changes.",GamesBeat,0.302941,Somewhat-Bullish
AAPL,2023-11-16,Warren Buffet's latest buys and sells,"This article details Berkshire Hathaway's latest stock buys and sells from its third-quarter 2023 13F filing, highlighting that the company was a net seller despite a tough market quarter, leading to a record cash stake. It identifies three undervalued Warren Buffett stocks within Berkshire Hathaway’s portfolio—Bank of America, American Express, and Kraft Heinz—providing Morningstar's analysis and key metrics for each. The piece also lists the stocks Berkshire Hathaway sold entirely, including Activision Blizzard, Celanese, General Motors, Johnson & Johnson, Mondelez International, Procter & Gamble, and United Parcel Service, while noting a significant reduction in its Chevron holdings.",Morningstar,0.209259,Somewhat-Bullish
AAPL,2023-11-17,AT&T’s Black Friday Deals on the iPhone 15 Pro & More,"AT&T announced its Black Friday deals for the holiday season, offering significant savings on various Apple products including the iPhone 15 Pro, iPhone 15, iPhone 14, iPhone 14 Pro, iPhone SE 3rd Gen, iPad, and Apple Watch. Deals include trade-in options, no trade-in required offers, and low monthly payments, catering to both new and existing customers. Additionally, AT&T highlighted benefits like flexible shopping, unlimited plans with 5G access, AT&T Fiber deals, and special discounts for military, veterans, teachers, nurses, and physicians.",AT&T Newsroom,0.416501,Bullish
AAPL,2023-11-17,Warren Buffett Has Bought Shares of This Stock for 21 Consecutive Quarters -- and It's Not Apple,"Warren Buffett has consistently invested in Berkshire Hathaway's own stock for 21 consecutive quarters, authorizing over $72 billion in repurchases since mid-2018. This strategy, enabled by a change in buyback clauses, aims to reward long-term shareholders by increasing their ownership stakes and potentially boosting earnings per share. While Apple constitutes nearly half of Berkshire's invested assets, the frequent repurchase of Berkshire Hathaway shares itself highlights Buffett's conviction in his own company.",The Motley Fool,0.16726,Somewhat-Bullish
AAPL,2023-11-18,"Network of Lies review: Brian Stelter on Fox News, Trump and Dominion","Brian Stelter's book ""Network of Lies"" examines Fox News's role in spreading election conspiracies following the 2020 election, leading to significant legal and financial repercussions, such as the Dominion settlement. The review highlights Rupert Murdoch's recent step down, the Murdochs' balancing act of profitability and audience satisfaction, and the ongoing influence of Donald Trump on the network and Republican politics. Despite the controversies, the article suggests little change is expected from Fox News as it navigates complex defamation lawsuits and competitive political landscapes.",The Guardian,-0.182824,Somewhat-Bearish
AAPL,2023-11-19,Apple’s In-House Technologies Team Still Has Plenty of Work to Do,"This article discusses Apple's intensive efforts to design and manufacture its own core hardware components, such as cameras, screens, modems, and batteries, for its products. It also touches on Apple's adoption of the RCS texting standard, the revelation of its revenue share from the Google search deal, and a key health executive's move to Oura. The piece highlights that Apple's in-house technologies team has extensive work ahead in its strategic initiative to control major parts of its devices.",Bloomberg.com,0.111453,Neutral
AAPL,2023-11-20,Should You Buy the Invesco QQQ ETF With the Nasdaq At An All-Time High? History Offers a Clear Answer.,"This article discusses the Invesco QQQ ETF and whether it's a good investment despite the Nasdaq Composite being at an all-time high. It analyzes historical data of the Nasdaq's performance after reaching new highs, suggesting that further gains are common. The article concludes that dollar-cost averaging into QQQ is a sensible strategy regardless of market highs, as it tracks the Nasdaq 100 which tends to rise over time.",MSN,0.496422,Bullish
AAPL,2023-11-20,"Venmo, Cash App users sue Apple over peer-to-peer payment fees","Venmo and Cash App customers have filed a proposed class-action lawsuit against Apple Inc. alleging the company abused its market power in mobile peer-to-peer payments, leading to ""rapidly inflating prices."" The lawsuit claims Apple's agreements with PayPal's Venmo and Block's Cash App violate U.S. antitrust law by limiting ""feature competition,"" including prohibiting decentralized cryptocurrency technology. This case adds to Apple's ongoing antitrust legal challenges, seeking an injunction that could force Apple to divest or segregate its Apple Cash business.",Reuters,-0.224257,Somewhat-Bearish
AAPL,2023-11-21,Gaming Industry Charts a Rebound in 2023,"The gaming industry is experiencing a significant rebound in 2023 driven by strong console sales, new game releases, and innovations in mobile and cloud gaming. This recovery, following a dip in 2022, is further supported by anticipation of increased M&A activity and strategic moves by major players like Microsoft, Apple, and Netflix, positioning the sector for continued growth into 2024. The article highlights strong U.S. sales, hardware as a primary catalyst, and key factors like M&A and technological advancements shaping the industry's future trajectory.",Global X ETFs,0.424696,Bullish
AAPL,2023-11-21,InterDigital’s Alain Mourad Elected Chair of New ETSI Industry Specification Group on Integrated Sensing and Communications,"Dr. Alain Mourad, Head of InterDigital’s Wireless Lab Europe, has been elected Chair of the newly formed ETSI Industry Specification Group (ISG) on Integrated Sensing and Communication (ISAC). This group aims to establish the technical foundation for ISAC technology and its standardization in 6G, defining use cases and developing evaluation roadmaps. The ISG will also study privacy, security, and sustainability aspects of ISAC within the 6G framework.",citybiz,0.288317,Somewhat-Bullish
AAPL,2023-11-21,"Sonos Readies $400-Plus Headphones to Rival Apple and Bose, TV Set-Top Box","Sonos Inc. is planning a significant expansion into new product categories, including headphones priced over $400 and a TV set-top box. These new offerings are expected to compete with products from Apple, Bose, and Roku, marking a strategic move beyond its traditional smart speakers and sound bars. The headphones could launch as early as April, with the set-top box following by the end of 2024.",Bloomberg.com,0.203507,Somewhat-Bullish
AAPL,2023-11-22,Department of Justice and Apple Reach $25 Million Landmark Agreement,"The U.S. Department of Justice announced a $25 million agreement with Apple Inc. to resolve allegations of discriminatory hiring practices related to the permanent labor certification (PERM) program. Apple's recruitment practices for PERM positions, which included not advertising on its public-facing career website and requiring mailed paper applications, deterred U.S. workers. The settlement includes $6.75 million in civil penalties and $18.25 million for a backpay fund for victims, and mandates Apple to align PERM recruitment with its standard practices.",Foley & Lardner LLP,-0.201657,Somewhat-Bearish
AAPL,2023-11-22,OpenAI Says Sam Altman to Return as CEO in Dramatic Reversal,"Sam Altman is set to return as CEO of OpenAI after being ousted less than a week prior, following intense negotiations and pressure from investors like Microsoft and nearly all of the company's employees. The agreement includes a new initial board of directors led by Bret Taylor, with Larry Summers and Adam D’Angelo, and an internal investigation into the conduct that led to Altman's dismissal. This dramatic reversal comes after widespread calls for Altman's reinstatement and highlights the significant influence of investors and employees on the future of the AI startup.",Time Magazine,0.164695,Somewhat-Bullish
AAPL,2023-11-25,"Sonos is reportedly working on a streaming video TV set top box, along with headphones","Sonos is reportedly expanding its product line beyond speakers and soundbars. The company isSaid to be working on over-the-ear headphones for a March 2024 launch, possibly priced between $400 and $500, and high-end earbuds. Additionally, Sonos is reportedly developing an Android-based streaming video TV set-top box, codenamed ""Pinewood,"" which could launch in late 2024 or early 2025.",Neowin,0.177449,Somewhat-Bullish
AAPL,2023-11-25,Warren Buffett-Led Berkshire Hathaway Sells Its Entire Procter & Gamble Stake. Should You?,"Berkshire Hathaway fully exited its small position in Procter & Gamble, likely due to consolidating its portfolio and P&G's premium valuation compared to other opportunities like Apple. Despite Berkshire's sale, P&G is still considered a worthwhile investment for risk-averse individuals due to its strong brand development, pricing power, and commitment to shareholder returns through dividends and buybacks. The article suggests that while P&G's valuation is high, its other characteristics make it a solid choice for passive income and portfolio stability.",The Motley Fool,0.096705,Neutral
AAPL,2023-11-27,"Deere must face US farmers' 'right-to-repair' lawsuits, judge rules","A U.S. judge has ruled that Deere & Co must face consolidated lawsuits from farmers accusing the agricultural machinery maker of unlawfully conspiring to restrict maintenance and repair services. The judge rejected Deere's arguments for dismissal, stating that the plaintiffs met the legal thresholds to pursue their antitrust claims. This case is part of a broader ""right-to-repair"" movement challenging restrictive repair practices across various industries.",Reuters,-0.027836,Neutral
AAPL,2023-11-30,$2 billion semiconductor testing and packaging facility planned for Peoria,"Amkor Technology Inc. plans to build a $2 billion semiconductor testing and advanced packaging facility in Peoria, Arizona, near the TSMC plant. This facility, expected to create 2,000 jobs, will test and package chips for Apple and aims to strengthen the domestic semiconductor supply chain. The project is seen as a crucial step for Arizona's semiconductor ecosystem and national security.",Axios,0.598401,Bullish
AAPL,2023-11-30,AI ETFs see huge performance dispersion in 2023,"Artificial Intelligence ETFs have shown significant performance dispersion in 2023, with top strategies more than doubling the returns of the lowest performers. This disparity is largely attributed to the heavy weighting of certain ETFs towards US equities and the ""magnificent seven"" tech stocks. While these mega-cap companies have driven much of the AI theme's returns, there is still potential for pure-play AI companies to join the rally.",ETF Stream,0.285847,Somewhat-Bullish
AAPL,2023-11-30,Amkor Announces U.S. Advanced Packaging and Test Facility In Peoria,"Amkor Technology, Inc. announced a $2 billion investment to build an advanced packaging and test facility in Peoria, Arizona, creating 2,000 new jobs. This facility will be the largest outsourced advanced packaging facility in the US, bolstering America's national security and semiconductor supply chain. Apple will be the first and largest customer, and Amkor has applied for CHIPS funding to support the project.",Arizona Commerce Authority,0.505941,Bullish
AAPL,2023-11-30,"Amkor to build $2 billion semiconductor testing plant in Peoria. 2,000 jobs promised","Amkor Technology Inc. plans to build a $2 billion advanced semiconductor packaging and testing facility in Peoria, Arizona, creating approximately 2,000 jobs. The plant will partner with TSMC, testing chips produced for Apple Inc., and is expected to begin production within two to three years. This investment is seen as a significant step in bolstering the U.S. semiconductor supply chain and is supported by the CHIPS and Science Act.",azcentral.com and The Arizona Republic,0.299133,Somewhat-Bullish
AAPL,2023-11-30,Apple Inc. stock outperforms market on strong trading day,"Apple Inc. (AAPL) stock rose by 0.31% to $189.95 on Thursday, outperforming the mixed stock market session which saw the Dow Jones Industrial Average rise and the NASDAQ Composite Index fall. The company's shares closed $8.28 below their 52-week high.",MarketWatch,0.309741,Somewhat-Bullish
AAPL,2023-11-30,Apple announces expanded partnership with Amkor for advanced silicon packaging in the U.S.,"Apple announced an expanded partnership with Amkor, designating Apple as the first and largest customer for Amkor's new manufacturing and packaging facility in Peoria, Arizona. This facility will package Apple silicon produced at the nearby TSMC fab, strengthening Apple's commitment to American manufacturing. Amkor plans to invest approximately $2 billion in the project, creating over 2,000 jobs, as part of Apple's broader commitment to invest $430 billion in the U.S. economy.",Apple,0.231014,Somewhat-Bullish
AAPL,2023-11-30,Apple to become largest customer of new $2B chip packaging facility in Arizona,"Apple announced it will be the primary customer for Amkor Technology Inc.'s new $2 billion chip packaging facility in Arizona, which will package chips produced by Taiwan Semiconductor Manufacturing Co. (TSMC) at a nearby complex. This facility will play a crucial role in assembling and protecting the next generation of processors for various Apple products. The investment underscores Apple's commitment to American manufacturing and will create over 2,000 jobs.",SiliconANGLE,0.17181,Somewhat-Bullish
AAPL,2023-11-30,Cognizant Technology Solutions to lay off employees tied to Apple in Austin,"Cognizant Technology Solutions announced layoffs impacting employees linked to Apple in Austin. The contractors affected will receive pay while exploring other positions within Cognizant. This move adds to a series of technology sector layoffs in Austin, though Central Texas is noted to be somewhat sheltered from broader industry cuts.",The Business Journals,-0.229021,Somewhat-Bearish
AAPL,2023-11-30,Who says corporate bonds are dull? Apple’s bonds have seen equity-like returns in the past month,"Apple Inc. bonds have generated equity-like returns for investors in the past month, with prices climbing as Treasury yields have tumbled. This rally, fueled by hopes for Federal Reserve rate cuts in 2024, has led to significant gains in the broader fixed-income market, with the Bloomberg US Aggregate Bond Index seeing its biggest monthly gain since May 1985.",MarketWatch,0.488534,Bullish
AAPL,2023-12-01,One ETF that focuses on employee happiness is outperforming the market this year,"An ETF focused on companies with high employee happiness, the Harbor Human Capital Factor U.S. Large Cap ETF (HAPI), has outperformed the S&P 500 this year, climbing nearly 25% compared to the benchmark's less than 20% gain. The fund's strategy is based on Irrational Capital's extensive employee surveys and publicly available data, creating a ""human capital score"" that is considered a novel and uncorrelated investment factor. While the large-cap HAPI fund includes major tech stocks contributing to its performance, a similar small-cap ETF (HAPS) is also available, offering potential for future growth.",CNBC,0.370233,Bullish
AAPL,2023-12-01,"Walmart stops advertising on X, adding to growing list of companies","Walmart has ceased advertising on X, joining several other major companies like Apple, Disney, and IBM, citing that it found other platforms to better reach its customers. This decision was part of a gradual reduction in advertising on X, not a sudden halt, according to a source familiar with the situation and an X executive. The social media platform has faced a significant exodus of advertisers due to concerns over antisemitic content, exacerbated by recent controversies involving Elon Musk's comments and his subsequent strong reaction to advertisers.",Fox Business,-0.215864,Somewhat-Bearish
AAPL,2023-12-02,Amkor to invest US$2bn in US chip packaging,"Amkor Technology Inc. plans to invest US$2 billion to build an advanced semiconductor packaging facility in Peoria, Arizona. This new plant will create up to 2,000 jobs and is expected to start production within two to three years, primarily packaging chips made for Apple by TSMC in Phoenix. The investment aims to bolster the US’s chipmaking capabilities, reduce reliance on foreign packaging capacity, and has applied for Chips Act funding.",Taipei Times,0.350722,Bullish
AAPL,2023-12-03,Sonos roadmap reveals multiple audio launches intended in 2024,"Sonos is planning an ""aggressive"" roadmap of new audio products and software updates for 2024, including new in-ceiling speakers, headphones, a second-generation Roam, a high-end amplifier, and a high-end soundbar. A set-top box and subwoofer are also planned for late 2024 or 2025 releases. The company aims to revive sales through these launches, despite facing skepticism in competitive markets.",AppleInsider,0.065621,Neutral
AAPL,2023-12-04,This Growth-Focused ETF Makes for an Excellent Long-Term Investment,"The Invesco QQQ Trust (NASDAQ:QQQ) is highlighted as an excellent long-term investment, having seen a 46% gain this year due to its focus on growth stocks. QQQ tracks the NASDAQ-100 Index, which includes 100 of the largest non-financial companies on the NASDAQ, with a heavy concentration in technology giants like Apple, Amazon, and Microsoft. The ETF offers investors diversified exposure within the tech sector and has historically shown strong performance, more than doubling in value over five years, making it suitable for maximizing returns.",Baystreet.ca,0.288772,Somewhat-Bullish
AAPL,2023-12-05,美股科技股“疯牛”行情未完待续? AI仍是引爆明年行情的关键,Wedbush機構預計美股科技股在2024年將上漲至少20%，主要得益於人工智能（AI）和雲計算支出的大幅增長。分析師將AI比作互聯網的“1995時刻”，預計未來十年AI支出規模將達到1萬億美元，並點名英偉達和微軟將引領這一趨勢。儘管宏觀經濟不確定性存在，Wedbush仍堅定看好科技行業，並預計納斯達克100指數明年在高科技巨頭帶領下將大漲20%以上。,新浪财经,0.404216,Bullish
AAPL,2023-12-06,Amex CEO talks co-brand partnerships after Apple reports,"American Express CEO Steve Squeri discussed co-branded partnerships, emphasizing that Amex's ""premium"" card designation means it doesn't align with all potential partners, a point highlighted amidst reports of Amex potentially replacing Goldman Sachs as Apple's credit card partner. Squeri noted that Amex seeks partnerships that offer strong value propositions, target premium customers, and provide distribution while yielding ""premium economics."" Analysts have speculated on several potential suitors for Apple's card partnership, including Amex, JPMorgan Chase, Synchrony Financial, Capital One, and Bread.",Payments Dive,0.151573,Somewhat-Bullish
AAPL,2023-12-06,Why Investors Should Keep An Eye on Small-Cap Stocks,"This article discusses how the increasing concentration of market-cap-weighted indexes, particularly driven by large-cap tech stocks, is creating historical levels of concentration. It explores the implications for the size premium, suggesting that higher market concentration leads to increased expected returns for small-cap stocks due to capital misallocation and reduced investor demand for smaller firms, making them an attractive area for investors.",Morningstar,-0.130251,Neutral
AAPL,2023-12-07,CastleArk Enters ETF Market With Large Growth ETF CARK,"CastleArk has launched its first exchange-traded fund, the CastleArk Large Growth ETF (CARK), an actively managed ETF focused on large-cap growth companies. The fund targets 25-30 leading growth companies, identifying competitive strength and seeking to optimize risk through quantitative inputs. CastleArk aims to provide an actively managed alternative to index-heavy portfolios, especially given the concentration of ""Magnificent Seven"" stocks in the large-cap growth sector.",ETF Trends,0.333236,Somewhat-Bullish
AAPL,2023-12-07,TIDAL cuts 10% of staff as parent company Block enforces cost-saving measures,"Music streaming service TIDAL has laid off 10% of its workforce, impacting about 40 employees, as part of parent company Block Inc.'s cost-saving measures. This move aligns with Block CEO Jack Dorsey's November letter to investors, stating the company's intent to cap payroll at 12,000 employees. The layoffs at TIDAL reflect a broader trend of staff reductions across the tech and music industries, following similar cuts by companies like Spotify, Amazon, Google, and Meta.",Music Business Worldwide,-0.10503,Neutral
AAPL,2023-12-07,Tesla’s Dojo Supercomputer Head Exits in Blow to Efforts,"Ganesh Venkataramanan, the head of Tesla's Dojo supercomputer project, has left the company after five years, posing a significant setback to the automaker's self-driving technology endeavors. Peter Bannon, a long-time Tesla director and former Apple executive, has taken over leadership of the project. This departure comes as Tesla plans to invest over $1 billion in Dojo by the end of 2024, a project analysts believe could add $500 billion to Tesla's valuation.",Transport Topics,-0.099415,Neutral
AAPL,2023-12-07,Who’s ready for a Gamestop mutual fund? Not this broker,"Wedbush analysts are critical of GameStop's decision to delegate investment authority to CEO Ryan Cohen, allowing him to invest the company's capital in equities and other investments. Analyst Michael Pachter suggests that if GameStop believes in its own shares, it should use excess cash for buybacks instead. The move is compared to AMC's ""embarrassingly stupid"" investment in Hycroft Mining, which saw significant losses.",Proactive Investors,-0.120021,Neutral
AAPL,2023-12-08,"Just 3 of the ""Magnificent Seven"" Have Outperformed the S&P 500 Since 2022. Here's the One I'd Buy for 2024 and 2025.","This article analyzes the performance of the ""Magnificent Seven"" tech stocks against the S&P 500 since 2022. It identifies Nvidia, Microsoft, and Apple as the only three that have outperformed the S&P 500. The author argues that Alphabet, despite underperforming recently, is the best buy for 2024 and 2025 due to its valuation, potential in digital advertising, and cloud segment growth.",Barchart.com,0.261653,Somewhat-Bullish
AAPL,2023-12-09,'You have to be difficult': How Gap and J.Crew icon Mickey Drexler became the king of mall-brand retail,"This article details how Mickey Drexler, a prominent figure in retail, transformed Gap and revitalized J.Crew, known for his unconventional leadership. He also founded Old Navy and Madewell, served on Apple's board, and heavily influenced Alex Mill, a company started by his son. Drexler is characterized by his micromanagement style and significant impact on several successful brands.",Fast Company,0.094751,Neutral
AAPL,2023-12-09,"Themes Generative Artificial Intelligence ETF ETF Price, Holdings, & News (NASDAQ:WISE)","The Themes Generative Artificial Intelligence ETF (WISE) tracks an index of companies involved in AI-related industries, with a concentrated portfolio of 89 holdings. Launched on December 8, 2023, the ETF currently has $33.55 million in assets under management and a net expense ratio of 0.35%. Its top holdings include major tech companies like Advanced Micro Devices, Intel, Apple, and NVIDIA.",MarketBeat,0.293824,Somewhat-Bullish
AAPL,2023-12-11,The Nasdaq-100 Has Had a Monster 2023 So Far. Is It Too Late to Invest in It Before 2024 Arrives?,"The Nasdaq-100 has seen a significant rally of 45% in 2023 after a difficult 2022, outperforming other major U.S. indexes. Despite this strong performance, the article suggests that it's not too late to invest, emphasizing a long-term approach and dollar-cost averaging to mitigate short-term volatility. It highlights the Invesco QQQ ETF as a common way to invest in the Nasdaq-100, composed of innovative companies poised for continued growth in industries like AI, EVs, and biotech.",The Globe and Mail,0.326759,Somewhat-Bullish
AAPL,2023-12-12,"Apple supplier Corning to set up Rs 1,000 crore Gorilla Glass facility in Tamil Nadu","Corning Inc., a key Apple supplier and Gorilla Glass manufacturer, plans to invest Rs 1,000 crore in a new manufacturing plant in Tamil Nadu, India. This facility, a collaboration with Indian partner Optiemus Infracom, will be located near other Apple suppliers and is expected to start operations in 2024, initially producing 30 million pieces of cover glass for smartphones. The move comes after Corning chose Tamil Nadu over Telangana, seeking central government incentives under the SPECS scheme.",Dailyo,0.400423,Bullish
AAPL,2023-12-12,Buffett's Berkshire Slashes Losing HP Bet by Nearly 60% in 3 Months,"Warren Buffett's Berkshire Hathaway has significantly reduced its stake in HP by 57% since mid-September, selling off nearly 60% of its holdings and cutting its ownership from over 12% to about 5%. This move comes as HP has been a losing bet for Berkshire, with the firm selling shares below its initial purchase price from early 2022. Berkshire has been actively paring back its stock portfolio recently, accumulating a record cash pile.",markets.businessinsider.com,-0.121497,Neutral
AAPL,2023-12-12,How Google’s Epic Legal Defeat Threatens the App-Store Industry’s $200 Billion Business Model,"Google's recent legal defeat against Epic Games threatens the $200 billion app store industry, which includes Apple. A jury found Google's app store practices anticompetitive, which could lead to significant changes in commission rates and developer options. This verdict could also impact Apple's similar business model, despite its previous victory against Epic, as regulators and lawmakers globally scrutinize app store rules and consumer sentiment leans against the power of tech giants.",Time Magazine,-0.028432,Neutral
AAPL,2023-12-13,DGRW Has Hallmarks of a Great Dividend ETF,"The WisdomTree US Quality Dividend Growth Fund (DGRW) is highlighted as a strong dividend ETF due to its focus on companies' return on assets and return on equity, rather than just yield. This strategy has allowed DGRW to outperform the S&P 500 and other dividend indexes, especially in high-interest-rate environments. The ETF's approach aims for reduced volatility, potential capital appreciation, and diversification, including a significant allocation to tech stocks.",ETF Trends,0.424651,Bullish
AAPL,2023-12-14,The Apple Inc (AAPL) DCF Valuation: Is The Stock Undervalued?,"This article presents a Discounted Cash Flow (DCF) valuation for Apple Inc. (AAPL) to determine if the stock is undervalued. Based on the DCF analysis, Apple's stock appears overvalued with a DCF value of $118.68 per share compared to a current market price of $198.08, resulting in a negative margin of safety of -66.91%. The author emphasizes that this is a preliminary analysis and investors should conduct further research.",The Acquirer's Multiple,-0.396785,Bearish
AAPL,2023-12-15,"US Chamber, Comcast, tech group split over net neutrality","The U.S. Chamber of Commerce and Comcast Corp are opposing the Federal Communications Commission's proposal to reinstate net neutrality rules, arguing it would harm investment and innovation. Conversely, major tech firms like Amazon, Apple, Alphabet, and Meta Platforms support the reinstatement to preserve open internet access. The FCC's move to regain regulatory oversight, following Democrats taking majority control, aims to ensure a ""fast, open, and fair"" internet, while some states also have existing net neutrality laws.",Reuters,0.100606,Neutral
AAPL,2023-12-16,Call translation services new battleground in AI race,"The coming year will see a surge in real-time phone call translation services driven by AI, with Korean tech firms like SK Telecom and Samsung Electronics entering the fray. SK Telecom is launching its ""A. call translator"" service within its existing AI app, supporting four languages initially and expanding to 11. Samsung, conversely, plans to integrate its generative AI model ""Samsung Gauss"" directly into its new Galaxy S24 phones, offering on-device translation without external internet access, emphasizing privacy and reduced latency.",Korea JoongAng Daily,0.309854,Somewhat-Bullish
AAPL,2023-12-16,Focus: Exxon's low US tax payments ruffle Biden's climate agenda,"Exxon Mobil's income tax payments to the U.S. government have significantly decreased to 3% over the past five years, mainly due to deductions passed under former President Donald Trump, frustrating the Biden administration's climate agenda. This low tax rate, much lower than major companies in other sectors, highlights how current tax codes impede efforts to fund green energy initiatives. Experts suggest Exxon could maintain these low tax rates for several more years, even as the government seeks more revenue for climate action, partly because President Biden's new minimum corporate tax struggles with implementation and still accounts for the Trump-era accelerated depreciation deductions.",Reuters,-0.148288,Neutral
AAPL,2023-12-18,Apple Races to Tweak Software Ahead of Looming US Watch Ban,"Apple Inc. is rapidly working on software adjustments to its Apple Watch series to circumvent a looming U.S. ban. The changes primarily target the blood oxygen level measurement feature, which a company called Masimo Corp. claims infringes on its patents. These modifications include altering algorithms for oxygen saturation detection and data presentation to consumers.",Bloomberg.com,-0.339574,Somewhat-Bearish
AAPL,2023-12-19,Apple terminates credit-card and savings partnership with Goldman Sachs,"Apple Inc. has initiated the termination of its credit card and savings account partnership with Goldman Sachs Group Inc., proposing to end the collaboration within 12 to 15 months. This move follows Goldman Sachs' struggles with its consumer banking division, which has incurred losses despite the strong performance of Apple Card and Apple Savings. Apple is now seeking a new banking provider, with JPMorgan Chase & Co. and American Express Company emerging as top contenders.",The Ticker,0.049611,Neutral
AAPL,2023-12-19,"Qorvo to sell Chinese assembly, test factories to Luxshare ...","Qorvo Inc. has agreed to sell its assembly and test facilities in Beijing and Dezhou, China, to Luxshare Precision Industry Co. Ltd. The deal includes Luxshare acquiring the facilities' assets, operations, and workforce, while Qorvo will continue to be supplied through a long-term agreement. This move allows Qorvo to streamline its manufacturing network while Luxshare expands its role in the electronics manufacturing services sector, particularly within the Apple supply chain.",eeNews Europe,0.265673,Somewhat-Bullish
AAPL,2023-12-19,Why Apple Had to Disable the Blood-Oxygen Sensor in Its Watches,"Apple has begun selling new versions of its latest Apple Watch models with the blood oxygen sensing feature disabled. This action stems from a patent dispute with Masimo Corp., a medical technology company, which successfully argued that Apple violated its patents. A US International Trade Commission ruling and subsequent appeals court decision led Apple to remove the feature rather than face a sales ban on its Watch Series 9 and Ultra 2 models.",Bloomberg.com,-0.070306,Neutral
AAPL,2023-12-20,Meta: Sell it? Buy it?,"Meta's stock price has experienced significant volatility in recent years, oscillating from a high of $384 in August 2021 to below $100 in October 2022, before rebounding to around $340. This article explores the company's journey from being considered a ""sell"" to a ""buy,"" focusing on challenges such as Apple's privacy policy changes and competition from TikTok, and how Meta has responded by investing heavily in AI and re-evaluating its metaverse strategy. The future success of Meta is tied to its AI applications across its businesses, especially in advertising and new ventures.",新浪财经,0.045287,Neutral
AAPL,2023-12-20,"U.S. Fitness Tracker Market Size, Growth and Trends [2030]","The U.S. fitness tracker market was valued at USD 13.69 billion in 2022 and is projected to reach a significant size by 2030, growing at a CAGR of 18.9% during the forecast period. This growth is driven by the increasing prevalence of chronic diseases, high adoption of fitness monitoring devices, and technological advancements like integration with smartphones and advanced features. Despite potential inaccuracies, the market sees strong demand, particularly for smartwatches, with key players continuously innovating to meet consumer needs.",Fortune Business Insights,0.273557,Somewhat-Bullish
AAPL,2023-12-20,Why These 3 Semiconductor Stocks Should Be on Your Radar in 2024,"The article highlights three semiconductor stocks—Qualcomm (QCOM), United Microelectronics Corporation (UMC), and Navitas Semiconductor (NVTS)—that are poised for growth in 2024, driven by advancements in AI, electric vehicles, and 5G technology. It evaluates each company's market position, financial health, and growth catalysts, emphasizing their undervaluation and innovative contributions to the industry. The piece suggests these stocks offer high risk-reward opportunities for investors looking to capitalize on the expanding semiconductor market.",InvestorPlace,0.350732,Bullish
AAPL,2023-12-21,Intellexa and Cytrox: From fixer-upper to Intel Agency-grade spyware,"Cisco Talos has conducted an in-depth analysis of Intellexa, a spyware vendor previously known as Cytrox, detailing its operational paradigms, procedures, and the evolution of its Predator spyware. The analysis reveals that Intellexa's Predator spyware continues to evade detection, offers persistence even after device reboots, and demonstrates a sophisticated business model with high-priced solutions targeting state-sponsored agencies. Despite public disclosures and the US adding Intellexa to its Entity List, the company effectively continues its operations by adapting to patched exploits and maintaining plausible deniability through its sales and delivery methods.",Cisco Talos Blog,0.132449,Neutral
AAPL,2023-12-22,"QARP ETF Analysis: Dividends, Returns AMEX:QARP","This article provides an analysis of the Xtrackers Russell 1000 US Quality at a Reasonable Price ETF (QARP), detailing its investment strategy, holdings, and performance. QARP focuses on US large-cap companies with a blend of quality and value metrics, giving twice as much weight to quality. The ETF has an expense ratio of 0.19% and aims to provide exposure to the Russell 1000 Slowdown Factor Index.",TradingView,0.297475,Somewhat-Bullish
AAPL,2023-12-23,PLDT warns public on AI-generated scams,"PLDT and Smart Communications are warning the public about the rise of AI-generated scams, which are becoming increasingly sophisticated and convincing. Criminals are leveraging AI to create polished messages and visuals that mimic official communications, making it harder for individuals to distinguish genuine messages from fraudulent ones. PLDT advises checking the source of emails and texts and adhering to the basic rule of not communicating with strangers to avoid falling victim to these scams.",Philstar.com,-0.066986,Neutral
AAPL,2023-12-26,Apple files appeal after Biden administration allows US ban on watch imports,"Apple has appealed a U.S. import ban on its watches, which stems from a patent dispute with medical monitoring company Masimo. The ban, allowed by the Biden administration, targets Apple Watches with blood-oxygen level features. Apple has also requested an emergency halt to the ban while awaiting a decision from U.S. Customs and Border Protection on redesigned versions of its watches.",Reuters,-0.070713,Neutral
AAPL,2023-12-27,How I used the Garmin epix Pro to train for Spartan Race's Trifecta Weekend,"The author details their experience using the Garmin epix Pro to train for and complete Spartan Race's Trifecta Weekend, which involves finishing three races (Sprint, Super, Beast) in one weekend. The article highlights how the smartwatch's features like training readiness, body battery, heart rate monitoring, and race prediction were crucial for their rigorous training regimen and successful completion of the demanding events. The author expresses that the Garmin epix Pro not only enhanced their athletic performance but also motivated them toward healthier habits and served as a worthy investment in their fitness journey.",GadgetMatch,0.450789,Bullish
AAPL,2023-12-27,T. Rowe Price Capital Appreciation Equity ETF (TCAF): A Promising Active Fund,"The T. Rowe Price Capital Appreciation Equity ETF (TCAF) has shown significant growth since its launch in June 2023, accumulating over $600 million in assets. The fund focuses on high-quality U.S. large-cap companies, employing a bottom-up stock selection approach with top holdings like Apple, Microsoft, and Amazon. TCAF's investment philosophy emphasizes strong performance in areas like technology, healthcare, and consumer discretionary.",Seeking Alpha,0.337966,Somewhat-Bullish
AAPL,2023-12-29,Apple's stock underperformed top tech peers in 2023 due to longest revenue slide in 22 years,"Apple's stock underperformed its mega-cap tech peers in 2023, experiencing its longest revenue slide in 22 years with four consecutive quarters of declining sales. This decline was attributed to a combination of a weak economic environment for smartphones and PCs, and company-specific issues such as the lack of new iPad models and an Apple Watch sales ban. Despite a 49% stock rally for the year, Apple lagged behind competitors like Nvidia, Meta, Tesla, Amazon, Alphabet, and Microsoft.",CNBC,0.18359,Somewhat-Bullish
AAPL,2023-12-29,Here Are All 49 Stocks Warren Buffett Holds for Berkshire Hathaway's $371 Billion Portfolio,"This article details the 49 stocks held in Warren Buffett's Berkshire Hathaway portfolio, valued at $371 billion. It highlights that over 85% of the assets are concentrated in eight major holdings like Apple and Bank of America, while also listing other billion-dollar investments and smaller holdings attributed to Buffett's lieutenants. The piece emphasizes Buffett's preference for financial and cyclical businesses, his valuation-driven approach, and recent investments in homebuilders.",The Motley Fool,0.287064,Somewhat-Bullish
AAPL,2023-12-29,"What to expect from Sonos in 2024 – headphones, new Arc and a big surprise","In 2024, Sonos is set to expand its product line significantly, venturing into new categories like premium over-ear headphones and potentially a streaming video box. The company also plans major upgrades to its existing portfolio, including an advanced voice control system (Voice 2.0), a second-generation Roam, and a new flagship Sonos Arc soundbar. These moves follow a challenging financial year for Sonos, indicating a strategy focused on growth and diversification.",What Hi-Fi?,0.160401,Somewhat-Bullish
AAPL,2023-12-30,"Cyber Hornet S&P 500 and Bitcoin 75/25 Strategy ETF ETF Price, Holdings, & News (NASDAQ:ZZZ)","The Cyber Hornet S&P 500 and Bitcoin 75/25 Strategy ETF (ZZZ) is an exchange-traded fund launched on December 28, 2023, by Onefund, which invests in a 75/25 blend of US large-cap stocks and front-month CME Bitcoin futures. It does not directly invest in Bitcoin's spot price. The ETF has an aggregate rating of ""Moderate Buy,"" assets under management of $6.02 million, and a net expense ratio of 1.01%.",MarketBeat,0.259477,Somewhat-Bullish
AAPL,2024-01-03,Miami doesn’t need to be the Silicon Valley of the South,"Miami has been hyped as a ""new Silicon Valley"" or ""Silicon Valley of the South,"" but this article argues it should be recognized for its unique strengths rather than compared to Silicon Valley. The author highlights Miami's advantages, including favorable tax laws, a supportive tech ecosystem, increasing VC attention, strong foreign investment, a focus on AI, and its role as a bridge to Latin America for nearshoring. Miami's distinct features allow it to stand as its own specialized tech hub.",Refresh Miami,-0.07343,Neutral
AAPL,2024-01-04,"Google and Samsung Set To Use Qualcomm's New VR Chip, Could Compete With Apple and Meta","Qualcomm (QCOM) recently unveiled its new Snapdragon XR2+ Gen 2 Platform chip for virtual and augmented reality (VR/AR). Google (GOOGL) and Samsung are slated to integrate this chip into their upcoming VR/AR experiences, aiming to challenge market leaders like Apple (AAPL) and Meta Platforms (META). This development could intensify competition in the growing VR headset market, especially following Apple's Vision Pro and Meta's dominance in 2023.",Investopedia,0.044927,Neutral
AAPL,2024-01-04,Markets in Focus: Concentrating on Diversification,"The article discusses the increasing concentration in equity markets, exemplified by the ""Magnificent Seven"" stocks, and the diminished diversification benefits of bonds, especially since 2020. It suggests that investors reassess top-down allocations and broaden equity exposure across diverse regions, sectors, and styles to create more resilient portfolios. The MSCI Adaptive Multi-Factor Allocation Model indicates an overweight to value and low size as of December 31, 2023, with Europe and China trading at lower historical valuations.",MSCI,0.206126,Somewhat-Bullish
AAPL,2024-01-04,"Mindlessly scroll on bike? ‘Tiktok fitness powered by Peloton’, stock soars","Peloton has announced a partnership with TikTok to create a new fitness hub called #TikTokFitness, powered by Peloton. This collaboration aims to bring short-form fitness videos, live classes, instructor series, and celebrity collaborations to TikTok's vast audience. Following the announcement, Peloton's stock shares rose by 7%, signaling a positive market reaction to their efforts to recover from recent financial downturns, including another recent partnership with YouTube TV.",Connect The Watts,0.211689,Somewhat-Bullish
AAPL,2024-01-08,"FNGU ETF Analysis: Dividends, Returns AMEX:FNGU","This article provides an analysis of the MicroSectors FANG+ 3X Leveraged ETNs (FNGU), detailing its key statistics such as Assets Under Management ($1.47 billion), expense ratio (2.60%), and the fact that it does not pay dividends. It highlights FNGU's structure as a geared product with daily resets, making it suitable for short-term trading rather than long-term investment due to compounding effects. The ETF offers 3x exposure to an index of FANG companies and other similar businesses, with constituents being equally weighted.",TradingView,0.051529,Neutral
AAPL,2024-01-09,Aeva to supply sensors to Daimler Truck in $1 billion deal,"Aeva Technologies has secured a $1 billion deal to supply lidar sensors to Daimler Truck for self-driving trucks, which are anticipated to be on U.S. roads by 2027. Aeva's sensors are designed to detect the speed of distant objects, aiding in collision avoidance. The agreement underscores continued interest in robotic trucking for long-haul routes despite challenges faced by self-driving passenger vehicle technology.",Reuters,0.529352,Bullish
AAPL,2024-01-09,Best Socially Responsible Investment Apps of January 2024,"This article highlights the best socially responsible investment (SRI) apps for January 2024, detailing their features, pros, and cons. It explains what SRI is, differentiates it from ESG investing, and provides expert insights on the advantages and disadvantages of using these apps. The article reviews top platforms like IMPACT, Betterment, Sustainfolio, and Ellevest, among others, to help investors align their financial goals with their ethical values.",Business Insider Africa,0.19762,Somewhat-Bullish
AAPL,2024-01-09,FTI Consulting adds trio to Strategic Communications team,"FTI Consulting has expanded its Strategic Communications practice in India by hiring Salonie Chawla as a Director, Snehil Singh as a Senior Consultant, and Shruti Vakhariya as a Consultant. These new additions bring diverse experience from government engagement, public policy, and financial communications to strengthen the team's capabilities in handling complex policy challenges and industry-side advisory for clients. The firm anticipates increased demand for such expertise given the disruptive business landscape expected in the coming 24 months.",Consultancy.in,0.423646,Bullish
AAPL,2024-01-10,Bracken Darrell reimagined some of the world's biggest brands. Now he has plans to do it again,"Bracken Darrell, the interim CEO of Vans and former CEO of Logitech, is known for his ability to reinvent brands through design. Now six months into his role at VF Corp (owner of brands like Vans, North Face, and Supreme), he aims to apply his turnaround expertise to the company. Darrell previously revitalized Logitech's product line and culture, emphasizing the importance of design in corporate success.",Fast Company,0.257879,Somewhat-Bullish
AAPL,2024-01-10,Iridium Is Offering Its Own Smartphone-to-Satellite Service to Companies,"Iridium has launched its own smartphone-to-satellite service, ""Project Stardust,"" after its partnership with Qualcomm ended. This new service will allow original equipment manufacturers and carriers to offer text messaging and emergency SOS capabilities through Iridium's global low Earth orbit satellite constellation, adhering to 3GPP 5G standards. Initially focusing on data messaging, Iridium plans to begin testing in 2025 with service expected to start in 2026.",CNET,0.127341,Neutral
AAPL,2024-01-10,SKYX’s All-in-One Smart Platform is Everything from a Smart Speaker to a Smoke Detector,"SKYX Platforms Corp. debuted its patented All-in-One Smart Platform at CES 2024, aiming to make existing homes technologically advanced. This platform integrates multiple smart home features like a smoke/CO detector, smart speaker, Wi-Fi repeater, and various lighting controls, all controllable via app and voice commands. The product installs easily into a ceiling and supports major smart home ecosystems, with SKYX also renewing a global licensing agreement with GE.",CEPro,0.308445,Somewhat-Bullish
AAPL,2024-01-10,Software Glitch Behind Recalled App Could Drastically Increase Insulin Delivery,"A software glitch in a recalled app has the potential to drastically increase insulin delivery, posing a significant health risk. This issue was highlighted on January 10, 2024, by Brian Bossetta.",Citeline News & Insights,-0.123585,Neutral
AAPL,2024-01-11,"REX Shares and Tuttle Capital Management Expand T-REX Single-Stock ETF Suite with Apple, Alphabet, and Microsoft Offerings","REX Shares and Tuttle Capital Management have expanded their T-REX Single-Stock ETF suite by introducing new offerings for Apple (CBOE: AAPX), Alphabet (CBOE: GOOX), and Microsoft (CBOE: MSFX). These ETFs provide seasoned traders with 200% daily targeted exposure to these major tech companies. The expansion aims to offer advanced tools for precise positioning in the tech giants, building on the success of earlier NVIDIA and Tesla single-stock ETFs which have attracted over $100 million in assets since their October 2023 launch.",FinancialContent,0.364304,Bullish
AAPL,2024-01-11,Upcoming Events,"REX Shares, in collaboration with Tuttle Capital Management, has expanded its T-REX Single-Stock ETF suite with new offerings providing 200% daily targeted exposure to Apple, Alphabet, and Microsoft. These ETFs (AAPX, GOOX, MSFX) are designed for seasoned traders to give leveraged exposure to major tech stocks. The T-REX suite, which debuted in October 2023, now covers diverse tech sectors and has already attracted over $100 million in assets.",FinancialContent,0.397172,Bullish
AAPL,2024-01-12,"Taiwan's strength in semiconductors could be its 'Achilles heel,' economist says","An economist warns that Taiwan's heavy reliance on semiconductor exports, particularly to China, could become its ""Achilles heel."" Paul Cavey of East Asia Econ advises Taiwan to diversify its economy, as China's growing capacity for chip production could significantly impact Taiwan's economic future. This vulnerability is further exacerbated by the ongoing U.S.-China chip war and efforts by Western countries to restrict China's access to advanced chip technology.",CNBC,-0.115851,Neutral
AAPL,2024-01-15,Optimizing Communication and Data Sharing in Multi-Core SoC Designs,"This article discusses the evolution of interconnects in Systems-on-Chip (SoCs), from shared buses to Network-on-Chip (NoC) architectures, highlighting their role in managing data flow and enhancing performance. It delves into the importance of cache coherence for data consistency in multi-core designs and the challenges engineers face in optimizing communication and data sharing as semiconductor technology advances. The article also mentions Arteris' Ncore Cache Coherent Interconnect as a solution.",Design And Reuse,0.297884,Somewhat-Bullish
AAPL,2024-01-16,Disney+ On Apple Vision Pro Ushers In A New Era Of Storytelling Innovation And Immersive Entertainment,"Beginning February 2, Disney+ will be available on Apple Vision Pro, offering subscribers a new immersive streaming experience. Users can transform their spaces into iconic Disney environments and watch dozens of popular movies in 3D, leveraging advanced technology developed through the collaboration of Disney and Apple teams. This collaboration aims to bring fans closer to beloved stories and characters through groundbreaking technology.",The Walt Disney Company,0.354179,Bullish
AAPL,2024-01-16,IDC: Apple sold more smartphones than Samsung for the first time in 2023,"Apple Inc. surpassed Samsung Electronics Co. Ltd. to become the world's largest smartphone manufacturer by unit shipments in 2023, according to a preliminary report by IDC. This marks the first time since 2010 that Samsung did not hold the top position. Despite an overall decline in global smartphone shipments for the year, Apple saw an increase in iPhone sales, particularly strong in the fourth quarter, whereas Samsung experienced a decline.",SiliconANGLE,0.425362,Bullish
AAPL,2024-01-16,Jabil announces collaboration with Fintech Leader Revolut,"Jabil Inc. announced its ongoing collaboration with Revolut, a digital banking pioneer, to support the neobank's growth and global expansion in merchant acquiring. Jabil provides custom, pre-certified Point-of-Sale (POS) hardware platforms, including the Revolut Reader, which enables merchants to accept various in-store and on-the-go payments. The partnership highlights Jabil's role in accelerating market entry and providing comprehensive product design, development, and manufacturing solutions for Revolut's innovative payment solutions.",World Business Outlook,0.348854,Somewhat-Bullish
AAPL,2024-01-16,"Microsoft Monetizing Copilot, Round 2; Synopsys Pays Big for Ansys","Microsoft is expanding the monetization of its AI-powered Copilot by removing the minimum seat requirement for Microsoft 365 Copilot subscriptions, allowing single users to purchase it. Simultaneously, Synopsys has agreed to acquire Ansys in a significant $35 billion cash and stock deal, marking a major merger in the chip design and engineering simulation software industries for 2024.",24/7 Wall St.,0.119761,Neutral
AAPL,2024-01-16,Supreme Court rejects Apple's appeal on App Store fees amid Epic Games legal battle,"The Supreme Court has rejected Apple's appeal regarding its App Store fees, allowing a lower court order to take effect. This decision could force Apple to permit app developers to offer alternative payment options, potentially reducing Apple's commission revenue. The ruling stems from an antitrust lawsuit filed by Epic Games, although Epic's broader antitrust claims against Apple were also rejected.",NBC 6 South Florida,-0.169844,Somewhat-Bearish
AAPL,2024-01-16,Unlocking The Potential Of Pure Research At InterDigital,"This article examines InterDigital's role as a pure research facility, led by CEO Liren Chen, and its significant contributions to wireless technology, including current work on 5G advanced and future plans for 6G with AI integration. It highlights InterDigital's impressive growth, long-standing partnerships with companies like Apple and Amazon, and its unique approach to fostering innovation among its largely inventor-based workforce. Chen emphasizes the importance of curiosity, competency, and impact in driving both individual and company success, showcasing InterDigital's continued influence on global digital communication.",Forbes,0.272068,Somewhat-Bullish
AAPL,2024-01-17,5 key themes from the 2024 Consumer Electronics Show,"The 2024 Consumer Electronics Show (CES) highlighted five key technological themes: AI as a pervasive enabler across all tech, advancements in smart home devices with unified communication standards like Matter, the evolution of immersive technology anticipating the Apple Vision Pro, the future of the automotive industry focusing on driver experience and electric vehicles, and the widening scope of health technology, including AI-powered mental wellness tools and wearables. These innovations provide a glimpse into the technological future.",Liberty Global,0.238558,Somewhat-Bullish
AAPL,2024-01-17,Apple Inc. stock outperforms market despite losses on the day,"Apple Inc.'s stock experienced a 0.52% decline, closing at $182.68 on Wednesday, marking its second consecutive day of losses. This occurred during an overall negative trading session where the NASDAQ Composite fell by 0.59% and the Dow Jones Industrial Average decreased by 0.25%. Despite the daily loss, the article title suggests Apple's stock performance still outpaced the broader market.",MarketWatch,-0.092529,Neutral
AAPL,2024-01-17,What Does 2024 Hold for the Magnificent Seven?,"The ""Magnificent Seven"" stocks, including Alphabet, Amazon, Apple, Meta, Microsoft, Nvidia, and Tesla, drove 73% of stock market gains in 2023 due to superior earnings growth and profit margins. While some analysts predict a pullback in 2024 due to potential overvaluation and cyclicality, others believe their strong forecasted earnings growth could lead to continued outperformance, especially while interest rates remain elevated. The article highlights contrasting fortunes early in 2024, with Nvidia surging and Tesla facing its worst January since its IPO.",CMC Markets,0.147616,Neutral
AAPL,2024-01-19,Your S&P 500 Index Fund Has Higher Risk Than You May Think,"This article argues that the S&P 500 index fund, traditionally seen as diversified, now carries higher risk due to its concentration in a few technology stocks. It highlights concentration, valuation, and inflation risks, suggesting investors re-evaluate their S&P 500 holdings and consider more value-oriented, truly diversified investments.",Cabot Wealth Network,-0.143781,Neutral
AAPL,2024-01-21,More Computer Magazine Lore: A 1983 Nastygram from Wayne Green,"This article provides additional lore surrounding computer magazines, focusing on Wayne Green, a colorful and controversial figure in tech publishing. It details his eccentric career, his contentious relationship with figures like Steve Jobs and David Bunnell, and his impact on early computer magazines like Byte, PC World, and Macworld. The post highlights a ""nastygram"" Green sent in response to PC World's premiere issue, shedding light on the competitive landscape of the 1980s computer magazine industry.",Technologizer,0.018369,Neutral
AAPL,2024-01-22,Higher S&P 500 Earnings Could Benefit This Active ETF,"The NEOS S&P 500 High Income ETF (SPYI) is poised to benefit from expected higher corporate earnings in 2024, as forecasted by Goldman Sachs. SPYI, an actively managed ETF, focuses on call options and holds ""Magnificent Seven"" stocks, offering investors tailor-made holdings, risk mitigation, and tax-efficient monthly income. Its active management removes the need for constant supervision and provides a single solution for a core equity portfolio.",ETF Trends,0.340682,Somewhat-Bullish
AAPL,2024-01-23,Corning's Indian JV signs $120 mln investment deal with Tamil Nadu state,"Corning's Indian joint venture, Bharat Innovative Glass Technologies, has signed an agreement with the Tamil Nadu state to invest 10 billion rupees ($120.4 million) to establish a new facility. This plant will manufacture front cover glass for mobile phones and phone parts, highlighting India's growing importance as a manufacturing hub amid a global shift in supply chains away from China. The investment is part of larger efforts by the Indian government to promote local manufacturing and has attracted other major electronics manufacturers and Apple suppliers.",Reuters,0.334193,Somewhat-Bullish
AAPL,2024-01-24,The Best Desktop PCs: Early 2024,"This article provides a comprehensive guide to the best pre-built desktop PCs available in early 2024, categorizing them for different needs such as gaming, all-in-one solutions, and mini PCs. It offers detailed recommendations including specific models like the Corsair Vengeance for gaming, HP Envy 34 AIO for creative work, and Apple Mac Mini M2 for compactness. The guide also discusses considerations between building a PC and buying pre-built, and factors like value, upgradeability, and space constraints.",TechSpot,0.254744,Somewhat-Bullish
AAPL,2024-01-24,‘Find My®’ Alternative Guide,"The article provides a guide to alternatives to Apple's ""Find My"" app. It highlights Life360 as a location sharing and family safety application.",Life360,0.078223,Neutral
AAPL,2024-01-25,10 Best Project Management Software for Windows,"This article reviews the 10 best project management software solutions compatible with Windows, comparing their features, pricing, and specific strengths suitable for different team needs. It highlights tools like monday.com for customized workflows, Smartsheet for collaboration, Microsoft Project for scheduling, and Jira for software development, providing guidance on how to choose the right software based on budget, team size, and essential features. The article also addresses common FAQs regarding Windows project management tools, including Microsoft Project's capabilities and its transition to the upgraded Microsoft Planner.",TechRepublic,0.180587,Somewhat-Bullish
AAPL,2024-01-25,Apple device management software company Jamf plans to layoff 6% of employees,"Jamf, an Apple device management software company, announced a workforce reduction plan to lay off approximately 6% of its full-time employees. This move is intended to reduce operating costs, improve operating margins, and achieve profitable growth. The company expects to incur between $6.6 and $8.2 million in charges for severance and related expenses, primarily in the first quarter of 2024.",9to5Mac,-0.158561,Somewhat-Bearish
AAPL,2024-01-25,Behind Target’s ‘Winning Retail Formula’,"Target Corp. actively expanded and renovated its stores in 2023, opening 21 new locations and remodeling over 160. The company's strategy focuses on a superior shopping experience through large-format stores, expanded assortments, enhanced fulfillment services, and strategic partnerships. Target plans further investments and new locations in 2024, continuing its growth trajectory in the retail sector.",Progressive Grocer,0.188857,Somewhat-Bullish
AAPL,2024-01-25,"Companies are struggling to keep private data safe from generative AI, Cisco says","A new Cisco report indicates that despite corporate bans and restrictions on generative AI tools, employees are still entering private company data into them. The survey of 2,600 privacy and security professionals found that a significant number of companies have either banned or limited AI usage due to concerns about data leaks and intellectual property infringement. This highlights a struggle for companies to balance the benefits of AI with the imperative to protect sensitive information.",Fast Company,0.044402,Neutral
AAPL,2024-01-25,Newegg Debuts Newegg Refreshed Program to Offer Quality Resale Products at Low Prices,"Newegg has launched ""Newegg Refreshed,"" a new program offering refurbished tech products at competitive prices, including Apple goods, graphics cards, and gaming PCs. The program also integrates Newegg's graphics card trade-in service and provides a 90-day return guarantee. Newegg emphasizes both cost savings for customers and environmental benefits through product reuse.",Business Wire,0.300854,Somewhat-Bullish
AAPL,2024-01-26,AI & The Dragon: What Trends Will Dominate 2024?,"In 2024, Emerging Markets (EM) are expected to rebound, driven by potential Fed rate cuts and a weakening US dollar, with China and Brazil presenting more attractive valuations than the ""Magnificent Seven"" and other EM ex-China countries. The article suggests focusing on long-term trends and strategic allocations to specific growth sectors within EM. China's ""Year of the Dragon"" is anticipated to bring a gradual recovery in consumer sentiment and real estate, supported by government policies and significant expected EPS growth.",KraneShares,0.188773,Somewhat-Bullish
AAPL,2024-01-26,Intuitive Surgical (ISRG) Seeks FDA Nod for Next-Gen da Vinci 5,Intuitive Surgical (ISRG) has applied for FDA 510(k) clearance for its next-generation da Vinci 5 multiport surgical robot and expects approval and launch later this year. The company is actively preparing manufacturing facilities for the new system while also engaging regulators in Japan and South Korea for approval. This development comes as the company's shares lost value a year ago due to the absence of a new multiport system announcement.,Yahoo Finance,0.080814,Neutral
AAPL,2024-01-26,"Popular Inc. reports $541M in net income in 2023, $94.6M in 4Q","Popular Inc. reported a net income of $541.3 million for 2023, down from $1.1 billion in 2022, with $94.6 million in the fourth quarter. These figures include a $71.4 million expense due to a special FDIC assessment. Excluding this assessment, adjusted net income for 2023 was $586.6 million, and CEO Ignacio Álvarez noted stable net interest income, loan growth, and strong client activity despite market disruptions.",News is My Business,0.206737,Somewhat-Bullish
AAPL,2024-01-26,What Gentex’s Acquisition Of eSight Means For The Electronic Eyewear Market,"Gentex Corporation has acquired Toronto-based eSight, a move that could significantly impact the electronic eyewear market for the visually impaired. This acquisition follows a partnership that led to the eSight Go, a new electronic eyewear system that is more affordable, lighter, and offers improved performance compared to its predecessor. Gentex's expertise in electro-optical products and manufacturing capabilities is expected to drive down costs and enhance the technology for sight enhancement wearables.",Forbes,0.337906,Somewhat-Bullish
AAPL,2024-01-29,Apple Inc. stock underperforms Monday when compared to competitors,"Apple Inc. (AAPL) stock underperformed on Monday, closing down 0.36% at $191.73, despite a generally positive trading session for the broader market. This marked the fourth consecutive day of losses for Apple, contrasting with gains seen in the NASDAQ Composite Index and the Dow Jones Industrial Average.",MarketWatch,-0.306298,Somewhat-Bearish
AAPL,2024-01-29,XLK ETF: A Better Way To Invest In Microsoft But Volatility Comes First (NYSEARCA:XLK),"The Technology Select Sector ETF (XLK) has appreciated over 20% since October 2023, now trading above $200. The author maintains a positive outlook, attributing potential growth to top holdings like Microsoft and other software companies benefiting from AI's move into exploitation. Despite volatility risks from Fed policies and Apple's earnings, XLK is considered undervalued compared to Microsoft and Nvidia, with a target price around $223.",Seeking Alpha,0.181822,Somewhat-Bullish
AAPL,2024-01-30,"2027 the Target for Transition Away from 1D GTIN, Toward Digital Link 2D Barcodes","The packaging industry is targeting 2027 for a significant transition from the traditional 1D GTIN barcode to the more versatile Digital Link 2D barcode. This shift, driven by increasing consumer demand for information, regulatory requirements, and supply chain traceability needs, will enable a single QR code to provide different information to various stakeholders (consumers, retailers, supply chain partners). The ""Sunrise 2027"" program aims to prepare the necessary infrastructure, primarily software changes, for this industry-wide adoption.",Packaging World,0.248702,Somewhat-Bullish
AAPL,2024-01-30,Apple Inc. stock underperforms Tuesday when compared to competitors,"Apple Inc. (AAPL) shares fell 1.92% to $188.04 on Tuesday, marking its fifth consecutive day of losses. This underperformance occurred on a mixed trading day, with the Dow Jones Industrial Average rising and the NASDAQ Composite Index falling. The article highlights Apple's stock decline relative to its competitors and broader market movements.",MarketWatch,-0.488911,Bearish
AAPL,2024-01-30,"Corning beats quarterly sales estimates, signals improving demand for fiber optics","Corning exceeded Wall Street's fourth-quarter adjusted sales estimates, driven by increasing demand for optical fiber cables used in data centers for generative AI applications. Despite a slight dip in optical communications segment sales, the company observes ""green shoots"" in the hyperscale data center space. Although Q4 earnings met expectations, Corning provided a conservative profit outlook for the current quarter, expecting it to be the low point of the year.",Reuters,0.275958,Somewhat-Bullish
AAPL,2024-01-30,"Gogoro Unveils New Flagship Smartscooter, Pulse","Gogoro Inc. (Nasdaq: GGR) has unveiled its new flagship Smartscooter, the Pulse, which features an aerodynamic design and a hyperdrive powertrain enabling it to reach 0-50km/h in 3.05 seconds. The Pulse integrates advanced features such as an active-matrix lighting system, a 10.25-inch panoramic HD touch display powered by Qualcomm's Snapdragon QWM2290 digital chassis, and Apple Wallet and Apple Find My integration. The Smartscooter is expected to begin shipping in Taiwan in late Q2 2024, aiming to set a new standard for high-performance electric two-wheelers.",Gogoro,0.56772,Bullish
AAPL,2024-01-30,Payments firm PayPal to reduce global workforce by 9% in 2024,"Payments firm PayPal Holdings is set to cut approximately 2,500 jobs, or 9% of its global workforce, in 2024 through layoffs and the elimination of open roles. This decision, announced by CEO Alex Chriss, aims to ""right-size"" the company for efficiency and profitable growth amidst competitive pressures and a need to improve margins. The move follows similar cost-cutting measures by competitor Block.",Reuters,-0.198755,Somewhat-Bearish
AAPL,2024-01-31,Tile vs. AirTag™: Which Bluetooth Tracker Should You Choose?,"This article asks the question of whether a Tile or an AirTag is the better Bluetooth tracker. However, the provided content is incomplete, only listing the title and a company name, so no further details can be extracted.",Life360,0.080155,Neutral
AAPL,2024-02-01,"Alcoa to supply Nexans with low-carbon aluminum, including metal from ELYSIS™ technology","Alcoa will supply Nexans with low-carbon aluminum rod, including metal produced using the breakthrough ELYSIS™ technology, which eliminates direct greenhouse gas emissions from the traditional smelting process. Nexans will be the first cable manufacturer globally to utilize metal from this process in various cable types. This collaboration further strengthens the long-standing relationship between the two companies, with Alcoa already supplying Nexans with EcoLum™ low-carbon aluminum.",Nexans,0.375018,Bullish
AAPL,2024-02-01,Apple Inc. stock underperforms Thursday when compared to competitors despite daily gains,"Apple Inc. (AAPL) shares rose 1.33% to $186.86 on Thursday, breaking a six-day losing streak. Despite this gain, the stock underperformed compared to the broader market, as the NASDAQ Composite Index and Dow Jones Industrial Average both saw larger percentage increases on the same day.",MarketWatch,0.230475,Somewhat-Bullish
AAPL,2024-02-01,"Aptiv to cut stake in Motional, self-driving JV with Hyundai","Aptiv, a US autonomous driving technology company, has decided to significantly reduce its stake in Motional, a self-driving joint venture with Hyundai Motor Group, and will cease injecting additional capital. Motional, which has accumulated 1 trillion won ($750 million) in deficits, had requested further funding from both partners. This decision puts pressure on Hyundai Motor Group to decide on its own additional capital injection, highlighting the ongoing financial and commercial challenges in the autonomous vehicle industry.",KED Global,-0.459942,Bearish
AAPL,2024-02-01,Box Brings Your Content to Life with the Box App for Apple Vision Pro,"Box Inc. has launched a new app for Apple Vision Pro, leveraging spatial computing to transform how users interact with content in the enterprise. The Box app for Apple Vision Pro offers immersive experiences for various industries, including construction, retail, manufacturing, and education. It provides secure collaboration and productivity features, integrating with Box's Content Cloud, and will be available for free on the App Store for visionOS on February 2, 2024.",Business Wire,0.376779,Bullish
AAPL,2024-02-02,"Apple, Skechers fall; Amazon, Deckers Outdoor rise, Friday, 2/2/2024","On Friday, February 2, 2024, several major stocks experienced significant price changes. Apple and Skechers saw declines due to lukewarm forecasts, while Amazon, Deckers Outdoor, Meta Platforms, and Clorox rose following strong financial results or optimistic outlooks. Microchip Technology and Columbia Sportswear also faced drops after giving disappointing forecasts.",Quartz,0.21516,Somewhat-Bullish
AAPL,2024-02-02,Disney Heads into the Future on the Apple Vision Pro,"The Walt Disney Company is launching Disney+ on Apple's Vision Pro, marking a new chapter in immersive storytelling. This integration allows viewers to experience Disney+ content in virtual environments like Star Wars' Tatooine or Marvel's Avengers Tower, and watch 3D versions of popular films. The partnership highlights Disney's long-standing focus on blending technology with creativity to enhance entertainment experiences.",The Walt Disney Company,0.454131,Bullish
AAPL,2024-02-02,Markets Brief: Will the ‘Magnificent Seven’ Stocks Keep Carrying the Market After Earnings?,"The article analyzes the performance of the ""Magnificent Seven"" stocks after their latest earnings reports, noting that while most beat forecasts, market reactions were mixed due to high expectations. It discusses whether these tech giants can continue to drive market gains in 2024, given their current valuations and the potential for a broader market rally. The article also provides a detailed recap of individual company performances and analyst commentary.",Morningstar,0.163001,Somewhat-Bullish
AAPL,2024-02-02,Vishay Unveils New High-Speed Photodiode for Wearable Devices,"Vishay Intertechnology has expanded its optoelectronics portfolio with the VEMD2074, a new high-speed silicon PIN photodiode designed for wearable devices. This photodiode offers improved visible light sensitivity, low capacitance, and quick switching times, making it ideal for accurate signal detection in applications like pulse oximetry and optical heart rate detection. Its small size, flexibility in sensor placement, and cost-effectiveness facilitate integration into compact and price-sensitive products such as smartwatches and earbuds.",AZoOptics,0.453281,Bullish
AAPL,2024-02-02,What Stock Investors Need to Know About Meta’s New Dividend,"Meta Platforms announced its first-ever quarterly dividend of $0.50 per share, alongside its fourth-quarter earnings, leading to a significant stock surge. While the dividend provides a more balanced capital return program, share repurchases will remain the primary method for returning cash to shareholders. The initial dividend yield is modest compared to peers and the broader market index, but Morningstar analysts expect it to grow.",Morningstar,0.246142,Somewhat-Bullish
AAPL,2024-02-03,These ETFs could help investors reduce Big Tech exposure,"Investors who are overly concentrated in Big Tech stocks are looking for ways to diversify their portfolios. Equal-weight ETFs like the Invesco S&P 500 Equal Weight ETF and the Invesco S&P 500 Equal Weight Technology ETF are suggested as options to spread risk beyond top-heavy Magnificent Seven companies, as advisors note nervousness about Big Tech valuations.",CNBC,0.136313,Neutral
AAPL,2024-02-05,What investors need to know about Meta’s new dividend,"Meta Platforms Inc. has announced its first-ever quarterly dividend of $0.50 per share, which will be paid on March 26 to shareholders of record on February 22. This move is seen as a complement to existing share repurchase programs, which will remain the primary method of returning capital to shareholders. While the market reacted positively, sending Meta's stock up 20%, the initial dividend yield of less than 0.5% is modest compared to its mega-cap peers and the Morningstar Dividend Composite Index.",Morningstar Australia,0.125583,Neutral
AAPL,2024-02-06,"ESPN, Fox, and Warner Bros. Discovery Team Up to Offer Joint Sports Streaming Service","Walt Disney's ESPN, Fox, and Warner Bros. Discovery are collaborating to launch a joint sports streaming service for U.S. customers available in the fall. This new service aims to combine their sports offerings, including professional and college games, to better compete with rivals like Comcast and Apple who have seen success in sports streaming. The app will be available standalone or bundled with Disney+, Hulu, or Max, consolidating vast sports rights under one platform.",Investopedia,0.22396,Somewhat-Bullish
AAPL,2024-02-06,¿Cuáles son los CEDEAR más elegidos por los argentinos?,"Certificados de Depósito Argentinos (CEDEAR) are a popular investment option in Argentina for diversifying portfolios and hedging against peso devaluation by investing in foreign companies. In January, Coca-Cola (KO) was the most chosen CEDEAR, followed by Apple (AAPL) and Tesla (TSLA). Recent changes by Banco Comafi regarding conversion ratios aim to make CEDEARs more accessible to a wider range of investors by lowering entry prices.",iProUP,0.085713,Neutral
AAPL,2024-02-07,ITOT ETF: Investing Well Doesn’t Have to Be Complicated,"The iShares Core S&P Total U.S. Stock Market ETF (ITOT) offers a straightforward, low-cost way to invest in a broad range of U.S. companies, providing exposure to 90% of the total domestic stock market. With an ultra-low expense ratio of 0.03% and a track record of strong double-digit annualized returns over the past decade, ITOT is presented as an effective long-term portfolio building block due to its wide diversification across 2,589 stocks. Despite its simplicity, it has delivered significant wealth building for investors since its inception in 2004.",TipRanks,0.465486,Bullish
AAPL,2024-02-07,One Store attracts $50 mn investment from Digital Turbine,"South Korean app store One Store has secured a $50 million investment from US-based mobile platform company Digital Turbine, with an initial $10 million for new shares. This partnership aims to facilitate One Store's overseas expansion and business growth, leveraging Digital Turbine's global reach and app advertising services. The investment raises One Store's corporate value to over 920 billion won ($694 million), nearing the 1 trillion won mark, and follows previous strategic investments from DTCP and Krafton Inc.",KED Global,0.083982,Neutral
AAPL,2024-02-08,ADT welcomes Silicon Valley veteran Gilles Drieu as new CTO,"ADT has appointed Gilles Drieu, a veteran of Silicon Valley tech giants like Google, Apple, and Adobe, as its new Chief Technology Officer. Drieu will work alongside Chief Product Officer Naveen Chhangani and Chief Information Officer Sam Jaddi to accelerate ADT's innovation in smart home security offerings. His experience includes leading the development of HTML5-enabled web browsers at Apple and pivotal work on Chromecast, Home, and Nest products at Google.",Security Info Watch,0.230718,Somewhat-Bullish
AAPL,2024-02-08,"Apple defeats lawsuit claiming it overpaid CEO Tim Cook, others","A federal judge dismissed a lawsuit against Apple alleging overpayment of CEO Tim Cook and other top executives through miscalculated performance-based stock awards. The judge ruled that Apple's compensation disclosures met securities law requirements and found no proof of improper actions by the board, also noting the plaintiffs did not allow sufficient time for the board to address their objections before filing suit. The lawsuit, brought by a Teamsters-affiliated pension fund, claimed Apple overvalued restricted stock units in 2021 and 2022.",Reuters,0.278402,Somewhat-Bullish
AAPL,2024-02-09,DLN: Large-Cap Monthly Dividend Payer Not So Hot,"The WisdomTree US LargeCap Dividend ETF (DLN) is rated a ""Hold"" due to its lower dividend yield and growth rate compared to other dividend-paying ETFs. While DLN offers monthly income and is well-diversified across approximately 300 companies, its current concentration in technology and large-cap focus present a limitation given the potential for future small-cap growth. The article suggests that while large-cap growth has dominated, changing market dynamics could favor value and small-cap opportunities.",Seeking Alpha,0.05039,Neutral
AAPL,2024-02-12,Nvidia Overtakes Amazon in Market Value,"Nvidia briefly surpassed Amazon in market value, making it the fourth most valuable US-listed company earlier in the day. The chipmaker's rally, driven by exploding demand for AI chips, has seen its shares jump 46% this year. While Nvidia closed slightly below Amazon's valuation, the event marks a significant milestone fueled by the AI boom.",Bloomberg,0.16842,Somewhat-Bullish
AAPL,2024-02-14,Meta settles lawsuit over haptic feedback tech in Quest headsets,"Immersion, a company specializing in haptic feedback technology, has settled a lawsuit with Meta over Meta's use of touch-feedback in its Quest VR headsets. The settlement involves Meta licensing Immersion's patents for its hardware, software, VR, and gaming products, though the terms were not disclosed. Immersion has a history of pursuing patent infringement lawsuits against major tech companies like Microsoft, Sony, Apple, and Valve.",TechCrunch,0.124769,Neutral
AAPL,2024-02-14,"Michael Burry Covers Bet Against Chips ETF, Buys Health and Tech Stocks","Michael Burry's Scion Asset Management has changed its investment strategy, abandoning its bearish bet against semiconductor companies by closing its position against the iShares Semiconductor ETF (SOXX). Instead, the firm nearly doubled its holdings to 25 positions, acquiring shares in health and technology sectors, and holds no bearish positions as of the end of 2023. Burry, known from ""The Big Short,"" had previously bet against the S&P 500 and Nasdaq 100 indexes.",Bloomberg.com,-0.085464,Neutral
AAPL,2024-02-15,Can Korea fend off China in display race?,"China is rapidly gaining on Korea in the display market, particularly in OLED technology for mobile phones, driven by state subsidies and technology transfers. While China has already surpassed Korea in LCDs, Korea is focusing on IT OLEDs and innovative TV features to maintain its competitive edge. Despite China's increasing market share in terms of volume, Korea still leads in sales value for premium displays.",Korea JoongAng Daily,0.078763,Neutral
AAPL,2024-02-15,Relx Share Price Spiked Up 3% but Later Fell on FY 2023 Results,"Relx PLC announced strong FY 2023 financial results, reporting an 8% organic revenue growth to £9,161 million and a 13% organic adjusted operating profit increase to £3,030 million. The company proposed an 8% higher full-year dividend of 58.8p per share. Despite an initial 3% spike in its share price, it later fell, trading at 3430.5p.",AskTraders.com,0.23897,Somewhat-Bullish
AAPL,2024-02-15,Stock market concentration is on the rise. Will this continue?,"Stock market concentration in the U.S. has reached multi-decade highs, largely driven by the ""Magnificent Seven"" tech stocks. While these mega-caps have benefited from market rotation and AI excitement, historical trends suggest that steep rises in concentration tend to reverse, and this could be influenced by future liquidity and the economic cycle. Investors should consider the implications of this concentration on future performance, especially in different economic scenarios like a soft landing.",J.P. Morgan,0.137791,Neutral
AAPL,2024-02-16,"Here's How Much Money You'd Have if You Invested $7,000 in the ""Magnificent Seven"" in 2017","This article examines the investment returns if one had invested $7,000 across the ""Magnificent Seven"" stocks (Alphabet, Amazon, Apple, Meta Platforms, Microsoft, Nvidia, Tesla) in 2017. It highlights the significant growth these companies experienced, with Nvidia and Tesla showing the highest returns, and compares this performance to an investment in the S&P 500 over the same period. The author concludes that these established growth stocks can still offer good long-term returns despite their current size.",The Motley Fool,0.397416,Bullish
AAPL,2024-02-16,"Stryker updates Mako surgical robot, introduces joint replacement offering","Stryker announced new advancements for its Mako surgical robotic platform, including the myMako app for Apple Vision Pro and iPhone and the Direct Anterior Reconstructive Technology (DART). The company also introduced Triathlon Hinge, a new offering in its Triathlon brand, designed to simplify revision procedures for complex cases involving bone loss or soft-tissue challenges. These updates were showcased at AAOS in San Francisco, with further Mako expansions, including Mako Spine and Mako Shoulder, anticipated later in 2024.",The Robot Report,0.317812,Somewhat-Bullish
AAPL,2024-02-20,Price-conscious shoppers lift Walmart earnings as it preps $2.3 billion Vizio deal,"Walmart reported robust fourth-quarter results, driven by inflation-squeezed shoppers seeking value, performing better than rivals in a broad slowdown of discretionary spending. The company also announced a $2.3 billion acquisition of smart-TV maker Vizio, aiming to bolster its advertising business, Walmart Connect, and enhance its presence in consumers' homes. This strategic move aligns with Walmart's plan to diversify its profit streams, with a greater focus on advertising and online marketplace businesses in the coming years.",Reuters,0.136743,Neutral
AAPL,2024-02-20,US Supreme Court won't review Apple's win against $503 million patent verdict,"The U.S. Supreme Court has declined to hear a patent-licensing company's bid to revive a $502.8 million jury verdict against Apple. VirnetX had sued Apple over internet-security patents, but the Patent and Trademark Office later invalidated those patents. This decision upholds a lower court's ruling which overturned the initial verdict.",Reuters,0.320703,Somewhat-Bullish
AAPL,2024-02-22,Dimensional ETFs and More: New on Syfe Custom Portfolio,"Syfe Custom Portfolio is expanding its offerings with new equity ETFs from Dimensional Fund Advisors, focusing on value and quality tilts, alongside additional quality-focused and equally-weighted Nasdaq ETFs. The article details Dimensional's factor-based investing approach and highlights specific ETFs added to the platform, including options for accredited investors such as Bitcoin ETFs and a Nasdaq Equity Premium Income ETF. Syfe also explains how to utilize Custom Portfolios to complement existing investments by allowing tactical allocation based on asset class, risk, geography, and sector.",Syfe,0.316701,Somewhat-Bullish
AAPL,2024-02-22,The Companies We’re Watching During Proxy-Voting Season 2024,"The 2024 proxy-voting season is marked by increased shareholder activism, particularly focusing on environmental, social, and governance (ESG) issues like climate impacts, workers' rights, and AI oversight. Key companies like Tesla, Apple, and Applied Materials are under scrutiny for their board governance, compensation, and ethical AI guidelines, amid growing regulatory momentum for climate disclosures. The season also highlights new opportunities for individual investors and increased scrutiny of ""anti-ESG"" resolutions.",Morningstar,0.112239,Neutral
AAPL,2024-02-23,Episode #522: Wes Gray & Robert Elwood on How to Convert a Separately Managed Account (SMA) to an ETF,"This podcast episode features Wes Gray and Robert Elwood discussing their experience in converting Separately Managed Accounts (SMAs) to Exchange Traded Funds (ETFs) via Section 351, including a recent conversion of $770 million. They delve into the process, advantages, and challenges of such conversions, highlighting tax efficiencies and the broader implications for financial advisors and family offices. The discussion also touches upon the future of asset management and the rising trend of SMA to ETF conversions.",Meb Faber Research,0.457821,Bullish
AAPL,2024-02-24,How Nvidia grew to a trillion-dollar company fueling the AI revolution,"Nvidia has grown into a nearly $3 trillion company by specializing in Graphics Processing Units (GPUs), which have become crucial for the artificial intelligence revolution. Initially used for gaming, GPUs' ability to perform concurrent calculations makes them ideal for AI, giving Nvidia a significant first-mover advantage and market dominance. The company's unique technology and supply chain have led to widespread adoption by major tech firms, with discussions emerging about potential shortages and the need for continued investment in chip manufacturing.",NBC News,0.38201,Bullish
AAPL,2024-02-27,Apple Kills Its Electric Car Project (Published 2024),"Apple has canceled its decade-long project to develop an electric, self-driving car, a move announced internally to employees. This decision shifts many of the car project's staff to Apple's artificial intelligence division, marking a rare public setback for the company. The car, codenamed Titan, was intended to rival Tesla's E.V.s and bolster Apple's innovation legacy, but faced development challenges and financial investment of billions of dollars.",The New York Times,-0.088692,Neutral
AAPL,2024-02-27,Moomoo Launches All-in-One Investment Super App in Malaysia; Empowering Local Financial Digitalisation,"Moomoo has launched its all-in-one investment super app in Malaysia, aiming to promote financial inclusion and digitalize the local capital market. The company, which is among the first digital brokerage firms to receive a Capital Market Services License from the Securities Commission Malaysia, offers a professional and innovative digital investment experience. Moomoo provides access to a wide range of stocks and ETFs, AI-powered tools, educational resources, and a global investment community.",PR Newswire,0.481299,Bullish
AAPL,2024-02-27,NBA® 2K24: MyTEAM Available Worldwide on iOS and Android,"NBA® 2K24: MyTEAM, a free-to-download mobile game, is now available worldwide on iOS and Android, allowing players to synchronize their progress between console and mobile devices. This enables users to assemble their dream NBA lineups, play various MyTEAM modes, earn XP, and collect rewards on the go. The game features quality NBA 2K gameplay, stunning graphics, and compatibility with external controllers, offering a realistic NBA simulation experience.",2K Newsroom,0.374187,Bullish
AAPL,2024-02-28,A Wonderful Options-Based Dividend-Focused ETF?,"This article discusses the new Swan Global Enhanced Dividend Income Strategy (SCLZ) ETF, which combines Swan Global's options expertise with O'Shares Investment's stock selection. The ETF aims to provide sustainable retirement income through active management of options on dividend-growing companies, focusing on profitability and quality stocks. Key takeaways from a recent webcast highlighted the importance of active management, a profitability-based stock index, and a preference for ""boring companies"" that consistently generate dividends.",ETF Trends,0.31024,Somewhat-Bullish
AAPL,2024-02-28,"EU lawmakers back draft rules on patents for connected cars, telecom equipment","EU lawmakers have approved draft rules concerning patents for technologies in connected cars and telecom equipment, despite criticism from patent holders like Nokia and Ericsson. The proposed rules aim to resolve expensive and prolonged patent disputes, while industry groups like IP Europe argue they could stifle innovation, whereas the Fair Standards Alliance supports them for promoting fair licensing terms. The rules will now proceed to negotiations between the European Parliament and EU member countries.",Reuters,0.066208,Neutral
AAPL,2024-02-28,NANC ETF Tracking Democrat Stock Trades Beating S&P 500 on Tech Bets,"The Unusual Whales Democratic ETF (NANC), which tracks stock trades by Democrats in Congress, has outperformed the S&P 500 since its launch in February 2023, returning 30% compared to the S&P 500's 24%. This outperformance is largely attributed to its significant holdings in mega-cap tech stocks like Microsoft, Amazon, Apple, and Nvidia. In contrast, a similar ETF tracking Republican trades (KRUZ) has only gained about 15% over the same period.",markets.businessinsider.com,0.3729,Bullish
AAPL,2024-02-29,"Nvidia skyrocketed over the past 5 years, but 3 stocks performed even better—and none is Apple or Tesla","While Nvidia has achieved an impressive 1,904% return over the past five years, three mid-cap stocks have significantly outpaced it: e.l.f. Beauty (2,491%), Super Micro Computer (4,175%), and Celsius Holdings (over 5,300%). The article highlights that smaller companies (mid-caps) often show greater growth potential and less media coverage than large-cap stocks like Nvidia, suggesting diversification into these smaller companies can boost long-term returns. Investors are advised to use diversified funds (ETFs and mutual funds) to mitigate volatility and risk associated with individual small-cap stock picks.",CNBC,0.376433,Bullish
AAPL,2024-02-29,VONG ETF: A Great Way to Invest in Top Growth Stocks,"The Vanguard Russell 1000 Growth ETF (VONG) offers a straightforward and effective way to invest in a diverse range of top growth stocks. With a strong track record of impressive returns, a low expense ratio of 0.08%, and a portfolio that includes leading mega-cap technology companies and other high-growth firms, VONG is considered a compelling option for investors seeking exposure to large-cap growth in the U.S. market. The ETF's holdings are highly rated, with many featuring Outperform-equivalent Smart Scores.",Nasdaq,0.527467,Bullish
AAPL,2024-03-01,Butterfly iQ+ Ultrasound System,"Butterfly iQ+ is a second-generation handheld, single-probe ultrasound system developed by Butterfly Network, utilizing Ultrasound-on-Chip™ semiconductor technology for diagnostic imaging. It has received regulatory approvals in the US and Canada and offers enhanced features for various medical applications, with subsequent generations (iQ3) further improving performance and imaging capabilities. Partnerships with Sientra and Abdul Latif Jameel Health aim to expand its distribution and application.",Medical Device Network,0.130045,Neutral
AAPL,2024-03-01,"Dow's nearly 125-point rally led by gains for shares of NVIDIA Corp., Cisco","The Dow Jones Industrial Average rose by nearly 125 points, primarily driven by strong performances from NVIDIA Corp. and Cisco Systems Inc. NVIDIA's shares surged after an analyst upgrade, while Cisco remained relatively flat despite an analyst reiteration of an overweight rating. The overall market saw NVIDIA and Cisco among the top gainers, contrasting with losses from other Dow components.",MSN,0.062176,Neutral
AAPL,2024-03-04,Apple Hit With €1.8 Billion EU Fine Over Music App Abuses,The European Union has fined Apple Inc. €1.8 billion ($2 billion) for allegedly stifling competition from music-streaming rivals like Spotify. The EU also mandated that Apple stop preventing apps from informing users about cheaper subscription options outside its App Store. This fine marks the first time the EU has penalized Apple directly.,Bloomberg.com,-0.426418,Bearish
AAPL,2024-03-04,Eye on Travel: AmEx’s New Virtual Card Integration for Small-Business Travel and Expenses; IHG Hotels Endorses Grazzy for Digital Tipping,"American Express has launched a new virtual card integration with AmEx Global Business Travel's Neo1 platform, aiming to simplify travel and expense management for U.S. small and mid-size businesses using AmEx business and corporate cards. Separately, Grazzy Inc. has been named an approved partner by IHG Hotels and Resorts to provide digital tipping solutions for hotel employees. Grazzy's platform allows guests to tip staff electronically without a dedicated app, offering various payment methods and providing hotels with reporting capabilities for tip income and program performance.",Digital Transactions,0.298027,Somewhat-Bullish
AAPL,2024-03-04,Magnificent Seven vs. the ‘Granolas’: How does Europe’s version stack up?,"This article compares the U.S. ""Magnificent Seven"" stocks with Europe's ""Granolas,"" highlighting their differences in market value, sector diversity, and profitability. While the Magnificent Seven are largely tech-driven and exceptionally profitable, the Granolas offer broader sector representation and solid returns, often trading at a discount despite their strong performance. The piece examines historical returns, valuation ratios, and individual stock assessments for both groups.",Morningstar,0.130348,Neutral
AAPL,2024-03-05,‘Funflation’ & Technology Driving Music Industry Resurgence,"The music industry is experiencing a resurgence fueled by ""funflation"" (increased spending on live events) and technological advancements such as streaming, AI, and blockchain. Record-breaking attendance at concerts, rising streaming subscriptions, and innovation are driving growth for companies like Live Nation, Universal Music, and Warner Music Group. The MUSQ ETF offers a pure-play investment into this evolving and increasingly monetized global music market.",ETF Trends,0.27969,Somewhat-Bullish
AAPL,2024-03-06,HP Inc. CEO: Security Will Be A ‘Key Advantage’ In Our AI PC Strategy,"HP CEO Enrique Lores announced that security will be a ""key advantage"" in the company's AI PC strategy, emphasizing local large language model processing for enhanced security, lower costs, and faster performance compared to cloud solutions. HP plans to leverage its Wolf Security technologies to protect AI models running on these new PCs, which are expected to launch in the second half of 2024. Lores believes AI PCs represent a significant opportunity for channel partners due to device sales and the coming wave of AI-optimized software.",CRN Magazine,0.259575,Somewhat-Bullish
AAPL,2024-03-06,How to Invest in Technology,"This article provides an overview of how to invest in the technology sector, highlighting its rapid evolution and significant growth over the past two decades. It breaks down key tech market developments, discusses sectors with high potential like AI, mobile gaming, 3D printing, and blockchain, and offers various investment methods including ETFs and individual stocks.",Investing News Network,0.366706,Bullish
AAPL,2024-03-06,Why Mega-Cap Tech Stocks’ Dominance Is a Risk,"The ""Magnificent 7"" tech stocks now comprise a significant 30% of the S&P 500 Index’s market capitalization, creating concentration risks for investors. This historical top-heaviness makes portfolios vulnerable to significant drops if these stocks, highly correlated and sensitive to interest rates, decline. The article suggests strategies like investing in U.S. bonds, non-U.S. equities, equal-weighted S&P 500 strategies, and alternative assets to mitigate this risk.",Morgan Stanley,-0.269282,Somewhat-Bearish
AAPL,2024-03-07,Should iShares Russell 1000 ETF (IWB) Be on Your Investing Radar?,"The iShares Russell 1000 ETF (IWB) offers broad exposure to the Large Cap Blend segment of the US equity market, with over $34.55 billion in assets and a low expense ratio of 0.15%. Featuring top holdings like Microsoft, Apple, and Nvidia, the ETF has performed well, returning 7.02% year-to-date and 27.20% over the last year. It holds a Zacks ETF Rank of 3 (Hold) and is considered a good option for investors seeking exposure to large-cap blend stocks, with alternatives like IVV and SPY also available.",TradingView,0.323325,Somewhat-Bullish
AAPL,2024-03-07,WhatsApp to Allow Cross-Functional Chatting Soon,"WhatsApp is preparing to introduce cross-platform interoperability, allowing its users to chat with contacts on other messaging apps without leaving WhatsApp. This significant policy shift is influenced by the EU’s Digital Markets Act, which designated Meta as a ""gatekeeper"" and requires the company to open its messaging services. The feature, initially limited to one-on-one messaging, aims to enhance user convenience but presents complex security challenges due to differing encryption standards across platforms.",INDOlink,0.146727,Neutral
AAPL,2024-03-08,Fortune 500 list: The top 10 companies dominating business,"This article details the top 10 companies on the 2023 Fortune 500 list, ranked by revenue, ahead of the 2024 list release. Walmart maintains the top spot for the eleventh consecutive year, followed by Amazon, Exxon Mobil, and Apple. The report provides key financial figures, strategic moves, and recent developments for each company, highlighting their influence on the global economy.",Fortune,0.248174,Somewhat-Bullish
AAPL,2024-03-08,SCHX: As Cheap As It Gets For Large-Cap Exposure,"This article recommends the Schwab U.S. Large-Cap ETF (SCHX) for investors seeking exposure to large-cap stocks, highlighting its diversification, low costs, and tax efficiency. Key holdings include tech giants like Microsoft and Apple, leading to significant exposure to the Information Technology sector. The author, Michael A. Gayed, CFA, discusses market efficiency and offers insights from his Lead-Lag Report service.",Seeking Alpha,0.327722,Somewhat-Bullish
AAPL,2024-03-08,TSMC to Win More Than $5 Billion in Grants for US Chip Plant,"Taiwan Semiconductor Manufacturing Co. (TSMC) is expected to receive over $5 billion in federal grants for its chipmaking project in Arizona, a significant move for President Biden's bid to revitalize American semiconductor manufacturing. This award, part of the 2022 Chips and Science Act, is not yet finalized but marks a major step in distributing funds to leading chipmakers like Intel, Micron Technology, and Samsung. TSMC is investing $40 billion in two Arizona fabrication facilities, though the project has faced delays due to labor shortages and technological considerations.",Transport Topics,0.271695,Somewhat-Bullish
AAPL,2024-03-11,Alphabet is the bargain stock among the ‘Magnificent Seven’,"Alphabet, Google's holding company, is highlighted as a compelling investment opportunity among the ""Magnificent Seven"" tech stocks due to its valuation. Its stock trades at a lower price/earnings valuation than the S&P 500, positioning it as a bargain compared to its peers and the broader market. This situation is likened to the opportunity presented by Meta's stock after its 2022 decline.",MarketWatch,0.259025,Somewhat-Bullish
AAPL,2024-03-11,COPP Stock Price | Sprott Copper Miners ETF,"This article provides an in-depth look at the Sprott Copper Miners ETF (COPP), including its current stock price, trading exchange, and key financial statistics like expense ratio, dividends, and asset composition. It also features a company profile, performance data, and holdings information, alongside technical analysis and recent news related to copper prices. The ETF invests in public equity markets within the materials, metals, mining, and copper sectors.",Investing.com,-0.070086,Neutral
AAPL,2024-03-12,3 Stocks to Buy Before the Fintech Sector Starts to Sizzle Again,"The fintech sector, though currently lukewarm compared to other tech areas, is poised for a rebound as the economic landscape improves. SoFi Technologies (SOFI) is navigating a capital raise but remains a key beneficiary of potential Fed rate cuts, while Block (SQ) is showing signs of recovery, boosted by renewed consumer spending and crypto enthusiasm. Apple (AAPL), despite its focus on AI and new devices, has a significant and growing fintech services business that could drive future earnings.",InvestorPlace,0.130683,Neutral
AAPL,2024-03-12,Apple v. Rivos: Lessons for Companies Facing Claims of Trade Secret Theft (US),This article discusses the lessons learned from the Apple v. Rivos case regarding trade secret theft. It highlights that mere possession of trade secrets is insufficient for misappropriation claims against a new employer and emphasizes the importance of explicit policies against bringing confidential information from former employers. The ruling provides key takeaways for companies to guide their trade secret policies and practices to avoid litigation.,Employment Law Worldview,-0.205981,Somewhat-Bearish
AAPL,2024-03-12,"Forget Warren Buffett Stocks. Check Out What Todd Boehly Is Up to With RDE, Inc. [OTC: RSTN] Instead","This article suggests investors look beyond Warren Buffett's 13F filings to Todd Boehly's activities, specifically his 11.8% stake in RDE, Inc. [OTC: RSTN]. It highlights Boehly's track record of successful investments through Eldridge Industries and his involvement with Vivid Seats' acquisition of Vegas.com, which saw a 6x valuation boost for Vegas.com. The author posits that a similar significant increase in value could be on the horizon for RDE, Inc., which operates Restaurant.com and CardCash.com.",Born2Invest,0.022092,Neutral
AAPL,2024-03-12,Inverse/Leveraged Magnificent Seven ETFs Hit the Market,"Roundhill Investments has launched two new ETFs focusing on the ""Magnificent Seven"" tech stocks: the Roundhill Daily 2X Long Magnificent Seven ETF (MAGX) and the Roundhill Daily Inverse Magnificent Seven ETF (MAGQ). MAGX offers 2x leveraged daily exposure to the Magnificent Seven, while MAGQ provides inverse (-1X) daily exposure. These funds cater to investors looking to capitalize on both potential gains and losses of these influential tech giants, which significantly impact the S&P 500 and are highly valued, indicating a need for both bullish and bearish investment options.",Nasdaq,0.241915,Somewhat-Bullish
AAPL,2024-03-12,The Apple Effect: Magic Leap Founder’s Previous Company Launches App on Vision Pro,"Stryker's Mako, a robotic surgery group initially founded by Magic Leap's founder Rony Abovitz, has launched its myMako app on Apple Vision Pro. This move highlights ""The Apple Effect"" where Apple's market influence draws companies into specific product categories. The article compares Vision Pro's appeal to Magic Leap's earlier struggles and notes how Apple's stability and ecosystem are encouraging XR-adjacent companies to adopt its platform.",Road to VR,0.167021,Somewhat-Bullish
AAPL,2024-03-13,Apple’s Restore Fund cultivates new roots in the Atlantic Forest,"Apple's Restore Fund is supporting reforestation efforts in South America's Atlantic Forest through two key projects: Symbiosis in Brazil and Forestal Apepu in Paraguay. Symbiosis focuses on planting biodiverse native species using seeds from ""mother trees"" and employing technology to monitor carbon sequestration, while Forestal Apepu cultivates fast-growing eucalyptus for timber while also implementing social impact initiatives to support local communities. Both projects aim to restore the rainforest, enhance biodiversity, and provide sustainable livelihoods, demonstrating a ""symbiotic"" approach to environmental and community well-being.",Apple,0.428838,Bullish
AAPL,2024-03-13,Sonos Era 100 review: Room-filling sound meets thoughtful improvements,"The Sonos Era 100 is a revamped smart speaker offering significant improvements over its predecessors like the Sonos One. It provides impressive, room-filling sound quality with enhanced stereo separation and a larger woofer. Notable new features include Bluetooth support and a USB-C port for line-in audio, making it versatile despite lacking Google Assistant and certain Trueplay advanced tuning for Android users.",Android Police,0.164545,Somewhat-Bullish
AAPL,2024-03-13,Will Warren Buffett Keep Selling Apple?,"Warren Buffett's Berkshire Hathaway recently reduced its stake in Apple, leading to speculation about whether further sales will occur. This article explores Buffett's history with Apple, current challenges facing the tech giant such as declining sales in China and competitive pressures, and the potential market reaction to Berkshire's next 13F filing. Analysts offer differing views on Apple's future, particularly with the upcoming integration of AI.",CMC Markets,-0.192993,Somewhat-Bearish
AAPL,2024-03-14,Allstate Protection Plans Finds 78 Million Americans Damaged Their Smartphones in the Last Year. The Nation's Repair and Replacement Bill Now Totals $149 Billion Since the Introduction of the Smartphone,"A new study by Allstate Protection Plans reveals that 78 million Americans damaged their smartphones in the past year, contributing to a total repair and replacement bill of $149 billion since smartphones were introduced. The research highlights increased smartphone usage, a surge in screen repair costs to $8.3 billion in 2023, and growing consumer concern for the environmental impact of device replacements. It also notes common types of damage, the short time consumers wait for repairs, and factors influencing smartphone purchase decisions related to sustainability.",PR Newswire,0.196772,Somewhat-Bullish
AAPL,2024-03-14,LaCie Introduces New Rugged Mini SSD with Up to 4TB Capacity,"LaCie, a brand of Seagate, has introduced the new Rugged Mini SSD, offering up to 4TB of durable, fast, and compact storage for content creators. This portable drive boasts read speeds of up to 2000MB/s with USB 3.2 gen 2x2 technology and features an IP54-rated, 3-meter drop-protected, and 1-ton car pressure-resistant design using recycled materials. It is compatible with a wide range of devices including Apple products and PCs, and comes with a three-year warranty, data recovery services, and a one-month Adobe Creative Cloud All Apps plan.",digital terminal,0.352131,Bullish
AAPL,2024-03-14,"Markets Showing Signs of Bubble on Big Tech, Crypto Surge, BofA’s Hartnett Says","Bank of America’s Chief Investment Strategist Michael Hartnett believes that the current market surge in ""Magnificent Seven"" tech stocks and cryptocurrencies exhibits characteristics of a bubble. He points to re-accelerating inflation, soft growth, and the narrowness of gaining assets as signs of a ""bubble mentality.""",Bloomberg.com,-0.188406,Somewhat-Bearish
AAPL,2024-03-14,"VGT ETF: High Growth, High Concentration (NYSEARCA:VGT)","Vanguard's Information Technology ETF (VGT) has demonstrated strong historical returns, achieving a 48.3% return over the past year and an average annual return of 20% over the last decade. However, the fund is highly concentrated, with Microsoft and Apple accounting for nearly 41% of its investments. VGT offers a low dividend yield of 0.6%, making it less appealing for investors prioritizing income.",Seeking Alpha,0.266956,Somewhat-Bullish
AAPL,2024-03-14,"Watch BofA’s Hartnett Sees Characteristics of a Bubble in Mag 7, Crypto","Bank of America Corp.'s Chief Investment Strategist, Michael Hartnett, believes that the record-setting performance of the ""Magnificent Seven"" tech stocks and the all-time highs in cryptocurrencies exhibit characteristics of a bubble. He shared these insights during a discussion with Bloomberg's Francine Lacqua at the Bank of America Global Investor Summit conference in Rome. The article highlights his assessment of current market conditions.",Bloomberg.com,-0.305681,Somewhat-Bearish
AAPL,2024-03-15,"Apple Highlights Stryker, an NJIT Alum's Medical Tech Group, for VisionPro App","Apple has recognized Stryker Corp., a medical technology company led by NJIT alumnus Robert Cohen, for its innovative MyMako app utilizing the new VisionPro mixed-reality headset. This app allows surgeons to plan and simulate robot-assisted knee replacement operations in 3D, enhancing surgical planning, in-operation information access, and resident training. Cohen envisions future integration of AI to further optimize implant selection and placement based on patient data within this mixed-reality framework.",NJIT News |,0.378427,Bullish
AAPL,2024-03-18,"Gaia Launches Gaia+, the World’s Most Extensive Streaming Platform for Transformation","Gaia, Inc. has launched Gaia+, an enhanced streaming platform offering over 8,000 documentaries and series focused on transformation, spiritual growth, and consciousness expansion. This new platform provides access to immersive workshops, live events, and guided programs led by expert teachers. Gaia+ aims to empower its community with resources for personal development, stress alleviation, and abundance manifestation, available across various mobile and connected TV devices.",Yahoo Finance,0.186059,Somewhat-Bullish
AAPL,2024-03-18,Options Bulls Resume Blitz on Alphabet Stock,"Alphabet (GOOGL) stock is seeing renewed bullish options activity, with shares up 6.1% following reports of Apple potentially licensing Google's Gemini AI. Despite a recent uptick in bearish bets, call volume is again dominating today's options trading as GOOGL eyes its Jan. 29 record high.",Schaeffer's Investment Research,0.334145,Somewhat-Bullish
AAPL,2024-03-19,Apple Inc. stock outperforms competitors on strong trading day,"Apple Inc. stock (AAPL) climbed 1.36% to $176.08 on a strong trading day, outpacing the broader market indices like the NASDAQ Composite and the Dow Jones Industrial Average. This marks the second consecutive day of gains for Apple's shares.",MarketWatch,0.427131,Bullish
AAPL,2024-03-19,BofA Survey Shows Risk-On Rotation Out of US Tech Into European Stocks,"A recent Bank of America fund manager survey indicates a ""risk-on"" shift among investors, with increased allocations to European and emerging market stocks. This rotation comes at the expense of US equities, particularly the technology and consumer discretionary sectors. Financials also saw favor in the March survey, signaling a broader move away from concentrated US tech investments.",Bloomberg.com,-0.201431,Somewhat-Bearish
AAPL,2024-03-19,"Meta Bows Down to EU Regulations After Apple And Google, Cut Subscription Prices for Ad-Free Facebook and Instagram","Meta Platforms has significantly reduced the subscription fee for its ad-free Facebook and Instagram services in Europe, lowering the monthly cost to 5.99 euros from 9.99 euros. This move addresses concerns from privacy and antitrust regulators and comes as a response to the EU's Digital Markets Act (DMA). The company aims to find a middle ground amidst EU privacy laws and the DMA's stipulations, following similar concessions by Google and Apple.",Sahm,-0.117188,Neutral
AAPL,2024-03-20,"Meta, Microsoft, X and Match join Epic Games' battle against Apple","Meta Platforms, Microsoft, X, and Match Group have joined Epic Games in accusing Apple of violating a court-ordered injunction regarding payments in its App Store. The companies claim Apple is in ""clear violation"" by making it difficult for developers to direct consumers to alternative, cheaper payment methods for digital content. Apple, however, maintains it has fully complied with the injunction, arguing it protects consumers and its ecosystem.",Reuters,0.070341,Neutral
AAPL,2024-03-21,Apple Loses $113 Billion in Value After Regulators Close In,"Apple Inc. is facing regulatory scrutiny on both sides of the Atlantic, causing its market value to drop by $113 billion. The U.S. Justice Department has filed an antitrust lawsuit against the iPhone maker, while European regulators are investigating its compliance with the Digital Markets Act. These actions are raising investor concerns about potential fines and the company's market dominance.",Bloomberg.com,-0.404085,Bearish
AAPL,2024-03-21,Impact Shares YWCA Women’s Empowerment ETF (WOMN) Reaches $50M in Assets Under Management,"The Impact Shares YWCA Women’s Empowerment ETF ($WOMN) has surpassed $50 million in Assets Under Management (AUM), demonstrating investor interest in socially conscious funds. This ETF provides broad market exposure to U.S. companies promoting gender equity, with all net advisory profits donated to the YWCA to support its mission. The partnership between Impact Shares, Tidal Financial Group, and the YWCA highlights an innovative approach to aligning financial returns with social impact.",Yahoo Finance,0.355548,Bullish
AAPL,2024-03-21,"The U.S. sues Apple, saying it abuses its power to monopolize the smartphone market","The Justice Department, along with 15 states and D.C., has filed a major antitrust lawsuit against Apple, accusing the tech giant of abusing its monopoly power in the smartphone market. The lawsuit alleges that Apple restricts access to its hardware and software, designs features like iMessage and Apple Pay to lock users into its ecosystem, and suppresses competition, leading to fewer options and higher prices for consumers. Apple denies these claims, stating that its restrictions protect user privacy and security, and vows to vigorously defend itself against the suit.",NPR,0.03164,Neutral
AAPL,2024-03-22,DOJ faces tough road in Apple antitrust lawsuit,"The Department of Justice's antitrust lawsuit against Apple faces significant challenges, despite drawing parallels to the successful Microsoft case two decades ago. Antitrust specialists highlight key differences and legal precedents that could make it difficult for the DOJ to prove Apple's monopolistic conduct and force product redesigns. Apple is expected to argue that its ""walled-garden"" approach benefits consumers and that the government's market definition is flawed.",Legal Dive,-0.130542,Neutral
AAPL,2024-03-22,Explainer: US lawsuit against Apple could make iPhone experience more consumer-friendly,"The U.S. Justice Department has filed a lawsuit against Apple, aiming to increase competition for the iPhone and benefit smaller companies developing apps for the device. The lawsuit claims Apple has harmed smaller rivals and inflated prices. If successful, it could lead to changes in the U.S. similar to those already implemented in Europe, such as universal charging cables, alternative app stores, and broader browser choices.",Reuters,-0.275367,Somewhat-Bearish
AAPL,2024-03-22,Get to know QQQ: Charting 25 years of performance,"The article celebrates 25 years of the Invesco QQQ ETF, tracing its evolution from its launch in 1999 to becoming one of the largest ETFs today. It highlights key milestones such as reaching significant assets under management (AUM), changes in sponsorship and naming, and its consistent outperformance compared to the S&P 500. QQQ is presented as a proven way for investors to gain exposure to highly innovative, non-financial companies listed on the Nasdaq-100 Index.",Invesco,0.367866,Bullish
AAPL,2024-03-22,Masimo plans to spin off consumer business,"Medical technology company Masimo Corp is evaluating a proposed spinoff of its consumer business, which includes consumer health and audio products. Masimo's shares rose 13% on the news, which follows investor pressure for changes after a poorly received acquisition. The company plans to retain its healthcare and telehealth products, expecting improved profitability, and current CEO Joe Kiani will lead the new spun-off company as chairman.",CNBC,0.129697,Neutral
AAPL,2024-03-22,Seeking a Growth ETF with Strong Returns? Check Out ILCG,"The iShares Morningstar Growth ETF (ILCG) is highlighted as a strong option for investors seeking growth, offering diversified exposure to 389 top U.S. large- and mid-cap growth stocks. The article emphasizes its long track record of strong returns, low expense ratio of 0.04%, and consistent double-digit annualized returns since its inception in 2004. Despite slightly underperforming the S&P 500 over three years, ILCG has outperformed it over five and ten-year periods, making it a reliable, cost-effective long-term investment.",Nasdaq,0.424175,Bullish
AAPL,2024-03-22,Under Pressure: Antitrust and Competition Authorities are Now Focusing on Apple,"Antitrust and competition authorities in both the EU and the US are increasingly scrutinizing Apple's market practices, a significant shift for a company that previously avoided intense regulatory attention. Recent actions include a substantial fine from the European Commission related to App Store policies and a lawsuit from the US Department of Justice alleging anticompetitive practices designed to maintain iPhone user lock-in. These developments suggest a global movement towards stricter regulation of big tech, challenging Apple's long-held justifications of privacy and security for its closed ecosystem.",Tech Policy Press,-0.171824,Somewhat-Bearish
AAPL,2024-03-23,"Wait, Did Europe Really Outperform the U.S. over the Last Three Years?","This article challenges the common perception that European equities perpetually lag behind their U.S. counterparts. It highlights how a selection of 11 European ""GRANOLAS"" companies have delivered returns surprisingly similar to the U.S. Magnificent 7 over the past three years. Additionally, the WisdomTree Europe Hedged Equity Fund (HEDJ) has demonstrated significant outperformance against the S&P 500 and comparable European ETFs, attributed to its stock selection process, dividend yield weighting, and exporter tilt, all while trading at a valuation discount.",ETF Trends,0.474968,Bullish
AAPL,2024-03-25,7 Best Brand Video Marketing Campaigns,"This article highlights seven effective brand video marketing campaigns, emphasizing the power of digital video to engage and convert audiences. It showcases diverse examples from Starbucks, Samsung, Mattress Firm, Honda, Toggl, Amazon Books, and Liebherr Home Appliances, detailing their creative strategies, execution, and impressive results. The campaigns demonstrate how innovative storytelling and strategic platform use can significantly boost brand visibility, engagement, and sales.",Outbrain,0.215504,Somewhat-Bullish
AAPL,2024-03-25,"Apple’s stock has faltered, but a Steve Jobs moment in AI may be on the horizon","Apple's stock performance has been underwhelming, leading to concerns about its AI capabilities. However, an analyst suggests that Apple CEO Tim Cook might be preparing a ""Steve Jobs moment"" by announcing an AI app store, similar to how Wall Street initially underestimated the iTunes Store. This could represent a significant play in the artificial intelligence sector, despite previous doubts fueled by reports of Apple discussing AI engines with other tech giants.",MarketWatch,0.090323,Neutral
AAPL,2024-03-25,Baidu Shares Rise After Reports That Apple Will Use Its AI Services in China Products,"Baidu's shares increased significantly in Hong Kong following reports that Apple plans to utilize Baidu's AI services for its products in China. The collaboration, which has been the subject of preliminary talks, would make Baidu Apple's local generative AI model provider for the iPhone 16, Mac operating system, and iOS 18. This partnership is pending approval from Chinese regulators for generative AI models.",The Wall Street Journal,0.395985,Bullish
AAPL,2024-03-25,More Canadians ditch traditional TV as streamers are ‘winning the battle’: report,"A new report indicates a significant shift in Canadian television viewing habits towards streaming platforms and away from traditional cable and satellite. By the end of 2023, 42% of Canadian households had no traditional TV subscription, a figure expected to reach 50% by 2026. Conversely, over 80% of households subscribe to a streaming service, with streaming revenue increasing while traditional TV revenue declined, prompting calls for regulatory changes from Canadian broadcasters to level the playing field.",CityNews Toronto,0.091911,Neutral
AAPL,2024-03-26,FTEC: Concentration Increases Volatility (NYSEARCA:FTEC),"The Fidelity MSCI Information Technology Index ETF (FTEC) offers strong tech exposure, performing similarly to VGT. However, 45% of its assets are concentrated in Microsoft, Apple, and NVIDIA, which could lead to increased volatility despite a projected 7% upside by year-end 2024. The author, Ricardo Fernandez, highlights the importance of an investor's goals and definition of ""tech"" when choosing an ETF.",Seeking Alpha,0.215319,Somewhat-Bullish
AAPL,2024-03-27,One Fifth of Applied Materials Shareholders Vote to Address the Pay Gap,"Just over 20% of Applied Materials (AMAT) shareholders voted for a proposal requesting the company report on pay gaps across race and gender. This level of support, while lower than similar proposals at other tech giants, still sends a message to the board about the importance of the issue. The article also touches on other significant proxy season themes, including unionization, simple majority voting, climate change, corporate political influence, and artificial intelligence.",Morningstar Canada,0.135212,Neutral
AAPL,2024-03-27,RERE: INITIATION: Leading Recycling Platform in China’s Burgeoning Circular Economy,"Zacks Small Cap Research initiated coverage on ATRenew Inc. (NYSE: RERE) with a 12-month price target of $4.00, citing its leadership in China's pre-owned consumer electronics market. The investment thesis highlights ATRenew's differentiated business model, multi-pronged growth strategy, accelerating financial performance, strong capital base, and attractive valuation. The report provides a deep dive into the company's operations, growth drivers, financial model, and investment risks.",Zacks Small Cap Research,0.624516,Bullish
AAPL,2024-03-28,A new product allows 5x leveraged bets on the Magnificent Seven. Traders should be wary.,"A new exchange-traded product allows investors to make 5x leveraged bets on the Magnificent Seven group of stocks, raising concerns among analysts. While levered exchange-traded products are gaining popularity, traders are warned about the significant risks associated with such highly leveraged instruments. ETF analyst Todd Sohn from Strategas Securities notes that this product appears to be the most heavily levered available in any developed market.",MarketWatch,-0.126869,Neutral
AAPL,2024-03-28,"SEC sides with ADF attorneys, denies Wells Fargo, Charles Schwab attempts to dodge shareholders","The SEC has sided with Alliance Defending Freedom attorneys in two recent decisions, denying attempts by Wells Fargo and Charles Schwab to exclude shareholder proposals from their proxy ballots. This marks ADF's fifth such victory, compelling financial giants to address concerns regarding politicized de-banking and workforce discrimination rooted in DEI policies. The rulings emphasize shareholder accountability and transparency in corporate decision-making.",Alliance Defending Freedom,0.176256,Somewhat-Bullish
AAPL,2024-03-29,Executive Turntable: Sphere Gets Creative; PushaRod Joins Hallwood; Wasserman Orchestrates Division,"This article details recent executive appointments and promotions within the music industry. Key moves include Ned McNeilage becoming Sphere Entertainment's Chief Creative Officer, Roderick ""PushaRod"" Bullock joining Hallwood Media as VP of A&R/Management, DEAG founder Peter Schwenkow stepping down, and Wasserman Music expanding with promotions and a new orchestral division. Additionally, Splash appointed Tracy Chan as CEO, Universal Music Publishing Group promoted Adriana Ramos, and Primary Wave Music made several creative sync appointments.",Billboard,0.304362,Somewhat-Bullish
AAPL,2024-04-02,EQT Corp. (EQT) to Acquire Avetta from WCAS,"EQT Private Equity's EQT X fund has agreed to acquire Avetta, a global leader in supply chain risk management software, from Welsh, Carson, Anderson & Stowe (WCAS). EQT plans to support Avetta's continued growth through product innovation, AI adoption, and global expansion. The transaction is subject to regulatory approvals and financial terms were not disclosed.",StreetInsider,0.300864,Somewhat-Bullish
AAPL,2024-04-02,F5 Networks (FFIV) Appoints Kunal Anand as Chief Technology Officer,"F5, Inc. announced the appointment of Kunal Anand as Executive Vice President and Chief Technology Officer (CTO), alongside Lyra Schramm as Executive Vice President and Chief People Officer (CPO). Anand will be responsible for F5's technology vision, leveraging his expertise in cybersecurity and data to accelerate the company's leadership in application and API security. Schramm will focus on driving people initiatives and fostering an innovative workplace culture.",StreetInsider,0.248486,Somewhat-Bullish
AAPL,2024-04-02,FemTech and the Gender Health Gap,"A report by Citi Global Insights highlights the gender health gap, noting that women experience poorer health outcomes and negative healthcare experiences compared to men. FemTech, which uses digital technology to address women's health conditions, is presented as a crucial tool for closing this gap, despite being a smaller sector within healthcare innovation. The article also points out systemic issues like underfunded research and weak financial incentives that have historically disadvantaged women's health.",Business Fights Poverty,0.111091,Neutral
AAPL,2024-04-02,PDD Holdings: Is The Chinese E-Commerce Giant Worth The Risk?,"PDD Holdings, the company behind Pinduoduo and Temu, has attracted investor attention despite a recent 17% decline in its Nasdaq-listed shares, with analysts overwhelmingly bullish. The article explores PDD's rapid growth through international expansion, exemplary financial performance, and low-cost business model, while also dissecting risks related to corporate governance concerns like the absence of a CFO, lack of transparency regarding Temu's financials, reliance on outsourcing, and geopolitical tensions. Investors are advised to weigh these risks against potential rewards for informed decision-making.",Disruption Banking,0.259584,Somewhat-Bullish
AAPL,2024-04-02,"Target shopper data, streaming TV ads are key to its sales","Target is increasingly relying on its retail media unit, Roundel, which creates and sells ads using shopper data and streaming TV ads, to drive revenue and improve gross margins. Despite declining merchandise sales, Target's ad business grew over 20% in its last fiscal year, leveraging insights from 250 million annual store and website visits to target specific shoppers for brands like Enfamil and Apple. While the ad business provides significant value, some advertisers note that Roundel offers less control over campaigns compared to rivals like Amazon and Walmart.",Reuters,0.262017,Somewhat-Bullish
AAPL,2024-04-02,Xiaomi Unveils Revolutionary SU7 Electric Vehicle Equipped with Hesai High-Performance Lidar,"Xiaomi has launched its first mass-produced electric vehicle, the SU7, featuring Hesai's high-performance AT128 long-range lidar in its Pro and Max versions. The SU7 garnered over 88,898 reservations on its first day and integrates a unique ""pebble"" aesthetic with a ""watchtower style"" lidar placement designed for optimal aerodynamics. This collaboration highlights Xiaomi's full-stack self-developed intelligent driving technology, enhanced by Hesai's advanced lidar for improved perception and a safer driving experience.",PR Newswire,0.292382,Somewhat-Bullish
AAPL,2024-04-03,Leading chipmaker TSMC evacuates staff and pauses some machinery after Taiwan's largest earthquake in a quarter-century,"Taiwan Semiconductor Manufacturing Co. (TSMC), the world's largest advanced chipmaker, and its rival United Microelectronics Corp. (UMC) halted some machinery and evacuated staff after Taiwan experienced its strongest earthquake in 25 years. The 7.4 magnitude temblor raised concerns about the semiconductor supply chain's vulnerability, given Taiwan's critical role in producing high-end chips. TSMC shares slid about 1.5% and UMC less than 1% in early trading following the event.",Fortune,0.196707,Somewhat-Bullish
AAPL,2024-04-03,"Spotify to raise prices of plans in some markets, Bloomberg News reports","Spotify is reportedly planning to increase its subscription prices by $1 to $2 per month in several markets, including the UK, Australia, and Pakistan, by the end of April. Prices in the United States are expected to rise later in the year, alongside the introduction of a new basic tier offering music and podcasts but no audiobooks. This move aims to boost profitability for the company, which forecasts strong subscriber growth and is diversifying its offerings beyond music.",Reuters,0.194105,Somewhat-Bullish
AAPL,2024-04-04,Cashing in on the Bitcoin Bounce: 3 Stocks to Buy for Indirect Crypto Exposure,"The article identifies three stocks—MercadoLibre (MELI), Broadcom (AVGO), and SBI Holdings Inc (SBHGF)—that offer investors indirect exposure to the cryptocurrency market. These companies are involved in various blockchain-related activities, such as crypto trading, integration of blockchain technology, and investments in crypto startups, providing an alternative for those hesitant about direct crypto investments. The author suggests these stocks allow investors to benefit from Bitcoin's performance while diversifying their portfolios and maintaining traditional stock stability.",InvestorPlace,0.226035,Somewhat-Bullish
AAPL,2024-04-06,Garmin Lily 2 Review: A Smartwatch That Doesn't Scream 'Fitness Tracker',"The Garmin Lily 2 is presented as a fashion-forward smartwatch for women, offering sleek design and robust health tracking features like body battery and stress scores. While praised for its aesthetics and comprehensive health data, the review notes shortcomings in display quality, activity tracking user experience, and the companion app's clunkiness, making it better suited for casual users rather than fitness enthusiasts or those seeking advanced smartwatch functionalities.",Mashable India,0.053337,Neutral
AAPL,2024-04-08,EU regulators assess Apple's plan for complying with music streaming order,"EU antitrust regulators are evaluating Apple's proposal to comply with an order requiring it to allow music streaming services like Spotify to inform users of alternative payment options outside its App Store. Apple faces potential antitrust charges and additional fines if its proposed solution, which includes a 27% fee on digital purchases made via external links, does not satisfy the European Commission. The Commission is also investigating Apple's App Store rules under the new Digital Markets Act.",Reuters,-0.23325,Somewhat-Bearish
AAPL,2024-04-08,"If I Could Only Buy and Hold 1 Vanguard ETF For the Next 5 Years, This Would Be My Top Pick","The article recommends the Vanguard Large-Cap ETF (VV) as a top choice for a buy-and-hold strategy for the next five years due to its low expense ratio, focus on U.S. large-cap stocks like Microsoft, Apple, and Nvidia, and its ability to provide broad diversification. It highlights the ETF's simplicity and stability, making it easier for investors to hold through market volatility compared to individual stocks or more specialized thematic ETFs. The author also notes the subtle differences and near-identical returns between VV and the Vanguard S&P 500 ETF, with a slight preference for VV.",The Motley Fool,0.365654,Bullish
AAPL,2024-04-08,"TSMC Arizona and U.S. Department of Commerce Announce up to US$6.6 Billion in Proposed CHIPS Act Direct Funding, the Company Plans Third Leading-Edge Fab in Phoenix","TSMC Arizona and the U.S. Department of Commerce have signed a preliminary memorandum for up to US$6.6 billion in CHIPS Act direct funding. TSMC plans to build a third advanced semiconductor fab in Phoenix, Arizona, bringing its total investment in the site to over US$65 billion. This expansion aims to enhance U.S. semiconductor manufacturing capabilities and create thousands of high-tech jobs, with production from the three fabs utilizing 4nm, 2nm, and more advanced processes.",Taiwan Semiconductor,0.316126,Somewhat-Bullish
AAPL,2024-04-09,Apple Signs Deal For AI Training Data from Image Service Shutterstock,"Apple has signed a deal worth between $25 million and $50 million with Shutterstock to access its vast archive of images, video, and music for training AI systems. This move indicates Apple's strategic intent to develop its own AI models, rather than relying solely on existing solutions. The deal highlights Apple's characteristic approach to adhere to rules and protect user privacy, contrasting with some competitors' controversial methods of data acquisition.",Inc.com,0.071864,Neutral
AAPL,2024-04-10,Apple's New Jersey store workers file petition for unionization,"Workers at an Apple store in Short Hills, New Jersey, have filed for union representation with the Communications Workers of America. This move is part of a broader unionization push across various companies in corporate America, including Starbucks, Amazon.com, and Microsoft, where employees are seeking better working conditions. Apple stated that it offers top-tier pay and comprehensive benefits to its retail teams.",Reuters,-0.06932,Neutral
AAPL,2024-04-10,Better Chip Stock: Marvell Technology vs. Qualcomm,"This article compares Marvell Technology (MRVL) and Qualcomm (QCOM) as semiconductor stock investments. Marvell, despite a near-term slowdown, is driven by AI-oriented chips and acquisitions, while Qualcomm is recovering from a smartphone market downturn with diversification into automotive and IoT, alongside new AI mobile chips. The author concludes that Qualcomm is the better buy due to its lower valuation, higher dividend yield, and anticipated market recovery.",Nasdaq,0.180111,Somewhat-Bullish
AAPL,2024-04-11,Fidelity Yield Enhanced Equity ETF Holdings,"This article details the holdings of the Fidelity Yield Enhanced Equity ETF (FYEE), which was established on April 11, 2024. The fund actively manages a portfolio primarily focused on large-cap equities, similar to the S&P 500 and Russell 1000, and sells call options to generate income, aiming for current income and potential capital growth. The list provided shows its top holdings include major technology and financial companies such as NVIDIA, Apple, Microsoft, and Amazon.",Quiver Quantitative,0.235414,Somewhat-Bullish
AAPL,2024-04-12,14 improvements Royal Caribbean developed just for Icon of the Seas,"Royal Caribbean's Icon of the Seas was designed as a ""white paper cruise ship,"" leading to numerous innovations and improvements over standard operating procedures. The article highlights 14 such advancements, focusing on enhancing guest experience, crew efficiency, and the overall ship environment, leveraging technology like AI, apps, and new physical designs. These changes range from digital guest services and photo viewing to destination elevators, a transformative Aquadome, and improved crew quarters.",Royal Caribbean Blog,0.39855,Bullish
AAPL,2024-04-15,Apple denies violating US court order in Epic Games lawsuit,"Apple is denying that it violated a court order related to its App Store and is urging a federal judge to reject Epic Games' request to hold it in contempt. Epic Games argues that Apple's 27% fee for alternative payment methods and its alleged ban on informing users about other payment options constitute ""blatant violation"" of the injunction. Other major tech companies like Meta, Microsoft, and Match Group have sided with Epic, claiming Apple is in ""clear violation"" of the court's order.",Reuters,-0.199708,Somewhat-Bearish
AAPL,2024-04-17,"1 Stock-Split ETF That Could Turn $500 Per Month Into $1 Million, With Help From Nvidia, Microsoft, and Apple","The iShares Expanded Tech Sector ETF (IGM) recently undertook a 6-for-1 stock split, making its shares more accessible to a wider range of investors. This ETF, which has outperformed both the S&P 500 and Nasdaq-100, holds top tech stocks like Nvidia, Microsoft, Apple, Meta Platforms, and Alphabet, benefiting significantly from the burgeoning AI industry. The article suggests that a consistent monthly investment of $500 into IGM has the potential to grow substantially, potentially reaching $1 million or more over the long term, especially if the current high growth rates driven by AI continue.",The Motley Fool,0.385506,Bullish
AAPL,2024-04-18,IHG Hotels & Resorts Launches Apple AirPlay in North American Hotels,"IHG Hotels & Resorts has become the first hospitality company to launch Apple AirPlay functionality in its North American hotel rooms, allowing guests to securely stream content from their iPhone or iPad to in-room LG TVs. This new feature is currently available at over 60 locations and aims to enhance the guest experience by offering personalized entertainment and a ""home-away-from-home"" environment. Guests can connect privately and securely by scanning a unique QR code to the hotel's Wi-Fi network.",PR Newswire,0.33328,Somewhat-Bullish
AAPL,2024-04-18,Why Kartoon Studios (TOON) Shares Are Falling,"Kartoon Studios (NASDAQ: TOON) shares are down 26% after the company announced the pricing of a registered direct offering of up to 7 million shares of its common stock and/or pre-funded warrants to institutional investors. The offering is expected to generate approximately $7 million in gross proceeds. The first tranche of 4 million shares is set to close around April 22, with an option for investors to purchase an additional 3 million shares within 180 days.",Sahm,0.019839,Neutral
AAPL,2024-04-19,Apple Inc (AAPL) DCF Valuation: Is The Stock Undervalued?,"This article presents a Discounted Cash Flow (DCF) valuation for Apple Inc. (AAPL), concluding that the stock is overvalued. Based on the analysis, Apple's intrinsic value is estimated at $112.24 per share, significantly lower than its current market price of $167.20, resulting in a negative margin of safety. The DCF model uses specific inputs for discount rate, terminal growth rate, and WACC, along with forecasted free cash flows to arrive at the valuation.",The Acquirer's Multiple,-0.425395,Bearish
AAPL,2024-04-20,Apple contributes to the environment by investing in water and clean energy,"Apple is a global leader in technology and a pioneer in ecology, committing to protecting the environment by investing in water and clean energy. The company aims to achieve climate neutrality across all business areas by 2030, actively optimizing its supply chain, investing in renewable energy, and engaging in water conservation efforts. These initiatives include developing solar and wind farms, restoring water supplies, and issuing green bonds to fund its environmental projects, influencing both consumers and business partners toward sustainable practices.",Wodne Sprawy,0.435308,Bullish
AAPL,2024-04-22,Luxury Soccer Tourism At D.C. Intercontinental Hotel,"The InterContinental Washington D.C. - The Wharf is targeting luxury soccer tourism with a new VIP package offered in partnership with D.C. United. This initiative capitalizes on the growing sports tourism sector and the increasing popularity of soccer in the U.S., particularly ahead of the 2026 FIFA World Cup. The package includes premium accommodations, VIP match day experiences, and a meet-and-greet with the Player of the Match, aiming to attract affluent fans to the revitalized Buzzard Point neighborhood.",Forbes,0.221668,Somewhat-Bullish
AAPL,2024-04-23,3 reasons the iShares S&P 500 ETF (IVV) is a great long-term investment,"The iShares S&P 500 ETF (IVV) is presented as an appealing long-term investment for Australians, despite the local ASX market. The article highlights three main reasons: its remarkably low management fees of 0.04%, its investment in 500 of the largest and most profitable US companies like Microsoft and Amazon, and its strong historical returns, averaging over 16% per annum over the last five and ten years.",The Motley Fool Australia,0.362848,Bullish
AAPL,2024-04-23,Big Monthly Dividends From Big Tech: JEPQ Vs. JEPI,"The article compares two popular high-yield monthly dividend ETFs, JPMorgan Equity Premium Income ETF (JEPI) and JPMorgan Nasdaq Equity Premium Income ETF (JEPQ). Both ETFs offer exposure to big tech companies and aim to provide income investors with attractive yields. The author intends to compare them to help investors decide which is better for a diversified income portfolio.",Seeking Alpha,0.244968,Somewhat-Bullish
AAPL,2024-04-24,Apple launches “Made for Business” in select stores around the world,"Apple is launching ""Made for Business,"" a new series of free Today at Apple programming designed for small business owners and entrepreneurs. These sessions, led by other successful small business owners, will demonstrate how Apple products and services like Apple Business Connect, Apple Business Essentials, and Tap to Pay on iPhone can help drive business growth and success. The program will kick off in May during National Small Business Week in the U.S., with ongoing sessions in select stores globally.",Apple,0.428582,Bullish
AAPL,2024-04-24,KKR joins global cos betting billions of dollars in fastest-growing India,"KKR & Co. is optimistic about investment opportunities in India's consumer sector and is expanding its private credit portfolio, planning to deploy $10 billion at a faster pace. The firm, along with others like Blackstone and Goldman Sachs, is attracted by India's rapid economic growth and government incentives for manufacturing. Despite past challenges, KKR remains committed to India, exploring new sectors like manufacturing and potentially real estate in the future.",The Economic Times,0.434373,Bullish
AAPL,2024-04-25,Imax Earnings: Dune 2 Boosts North American Market Share In Q1,"Imax reported strong Q1 earnings, with revenue of $79 million and a significant earnings bump, largely due to the success of ""Dune: Part 2"" and other titles like ""Godzilla x Kong: New Empire."" The company achieved its highest-ever quarterly North American market share at 5.9% and saw its global box office reach its third-highest Q1 total of $261 million despite a soft release slate caused by Hollywood strikes. CEO Rich Gelfond highlighted the increasing use of Imax cameras for blockbuster content and a promising slate for future growth.",Deadline,0.24521,Somewhat-Bullish
AAPL,2024-04-25,Microsoft and Apple are safer bets than the U.S. government? Bond investors seem to think so.,"Bond investors perceive Microsoft and Apple's bonds as safer than U.S. Treasury debt, with these corporate bonds trading at negative spread levels to Treasurys. This unusual market phenomenon is partly attributed to record annuity sales driven by investors planning for retirement. The article highlights that despite the general rule of being compensated for investment risk, these tech giants' bonds are an exception.",MarketWatch,0.446096,Bullish
AAPL,2024-04-27,Why I Just Added This Ultra-High-Yield Dividend ETF to My Retirement Account,"The author recently added the JPMorgan Nasdaq Equity Premium Income ETF (JEPQ) to their retirement account, aiming for consistent passive income and price appreciation with lower volatility. JEPQ offers a high dividend yield (9.2% over 30 days, 10.8% over 12 months) through a strategy of holding a high-quality equity portfolio and selling out-of-the-money call options on the Nasdaq-100 index. This approach is designed to generate monthly income and provide relatively steady returns, making it an attractive investment for retirement planning.",The Globe and Mail,0.347191,Somewhat-Bullish
AAPL,2024-04-29,How to Buy Alphabet (Google) Stock Online in 2025,"This article provides a comprehensive guide on how to buy Alphabet (Google) stock online in 2025, detailing steps, top brokers, and reasons to invest in the company. It covers Google's diverse services, its financial performance, business strategy, and historical stock information, emphasizing its growth and expansion into new technologies like AI. The article also addresses common FAQs regarding Alphabet stock.",LearnBonds,0.370496,Bullish
AAPL,2024-04-29,How to Buy Roku Stock Online in 2021,"This guide explains how to invest in Roku stock, detailing the company's background, growth potential, and current financial standing. It outlines a three-step process for buying Roku shares through online brokers like eToro, emphasizing reasons to consider the investment such as global expansion, increasing ad revenue, and a healthy balance sheet. The article also touches upon risks, market competition, and analyst outlooks for Roku.",LearnBonds,0.198844,Somewhat-Bullish
AAPL,2024-04-30,As You Sow Calls Out Big Tech for $5 Billion Loss in 401(k) Returns,"A report by the non-profit As You Sow and researchers at the University of Waterloo indicates that over two million employees of 12 tech companies missed out on $5.1 billion in retirement savings. This loss is attributed to the companies' 401(k) plans not adopting sustainable investing strategies, specifically by retaining investments in fossil fuels. The study found a significant difference in 10-year returns for portfolios without fossil fuels, leading As You Sow to accuse these companies of greenwashing and urge them to offer sustainable investment options.",401k Specialist,-0.241743,Somewhat-Bearish
AAPL,2024-04-30,"Microsoft to invest $1.7 billion in cloud, AI in Indonesia, CEO says","Microsoft announced a $1.7 billion investment over the next four years to expand cloud services and artificial intelligence in Indonesia, including building data centers. CEO Satya Nadella is on a Southeast Asian tour to promote the company's generative AI technology. Microsoft also plans to train 2.5 million people in Southeast Asia in AI use by 2025, with 840,000 specifically in Indonesia.",Reuters,0.317701,Somewhat-Bullish
AAPL,2024-04-30,Top 10 Smartwatch Companies | By Best Technology,"The article provides an overview of the smartwatch market, highlighting key drivers such as wearable technology adoption and technological advancements, and forecasting the market size to reach USD 138.7 Billion by 2033. It then details the top ten companies in the smartwatch market, including Apple, Samsung, and Google, offering company overviews, key management, financials, geographical presence, and recent developments for each. The report underscores the continuous innovation and strategic expansions by these major players in the growing wearable technology sector.",Market.us Scoop,0.308364,Somewhat-Bullish
AAPL,2024-05-01,Positive Tech Earnings Could Accelerate This Momentum ETF,"Positive tech earnings, especially from ""Magnificent Seven"" companies, are expected to fuel the Invesco S&P 500 Momentum ETF (SPMO) after a challenging April. The ETF focuses on large-cap growth names with a high momentum score, and strong tech performance could drive further gains for the S&P 500. Additionally, disinflation data and the Federal Reserve's monetary policy decisions will play a crucial role in sustaining market momentum.",ETF Trends,0.328879,Somewhat-Bullish
AAPL,2024-05-03,"FTSE 100 back at record levels, Diageo gains on new CFO but IHG declines - Market Report","The FTSE 100 approached a new intraday high, largely driven by gains from Diageo following the announcement of its new CFO. Despite strong revenue growth, Holiday Inn owner IHG saw its stock decline. Meanwhile, Trainline experienced significant growth in operating profit, and Apple's shares rose after exceeding earnings expectations.",Research Tree,0.13903,Neutral
AAPL,2024-05-03,The DOJ’s Apple antitrust suit doesn’t add up,"The U.S. Department of Justice has filed an antitrust suit against Apple, accusing it of anticompetitive conduct relating to its iOS operating system. The article argues that the DOJ's claims, which center on product tying and vertical restraints, fundamentally misunderstand Apple's long-standing ""walled garden"" approach, which many consumers prefer for its security and user experience. It also suggests that the alleged anticompetitive acts in areas like digital wallets or the App Store are not lucrative enough to justify the severe remedies sought by the DOJ, unlike the Microsoft case often referenced.",Reason Foundation,0.28498,Somewhat-Bullish
AAPL,2024-05-04,Berkshire Hathaway operating earnings soar 39% as Buffett's cash hoard swells to record $188 billion,"Berkshire Hathaway reported a 39% surge in Q1 operating earnings, reaching $11.22 billion, driven by a 185% increase in insurance underwriting earnings. The company's cash hoard also hit a record high of $188.99 billion, reflecting a lack of major acquisition targets. These results were released just before Berkshire's highly anticipated annual shareholder meeting.",CNBC,-0.147094,Neutral
AAPL,2024-05-06,Apple’s 2024 Pride Collection shines light on LGBTQ+ communities,"Apple has introduced its 2024 Pride Collection, featuring a new Apple Watch Pride Edition Braided Solo Loop, a matching watch face, and dynamic iOS and iPadOS wallpapers. This initiative supports LGBTQ+ advocacy organizations and celebrates the diversity of LGBTQ+ communities. The collection emphasizes inclusivity with colors representing Black, Hispanic, Latin, transgender, and nonbinary individuals.",Apple,0.306876,Somewhat-Bullish
AAPL,2024-05-06,Berkshire Hathaway Stock vs SPY: Which Is Best?,"This article compares Berkshire Hathaway stock (BRK.A, BRK.B) with the SPDR S&P 500 ETF Trust (SPY), evaluating their investment styles, diversification, fees, liquidity, and historical performance. While Berkshire Hathaway offers active management and a value investing approach, SPY provides broad market exposure with lower fees and higher diversification. The author advises investors to consider their goals, time horizon, and risk tolerance when choosing between the two.",ETF.com,0.22228,Somewhat-Bullish
AAPL,2024-05-06,Samsung Display established a dedicated research team to develop OLED products for Apple,"Samsung Display has formed a specialized ""A Team"" at its Giheung Research Institute to focus on developing OLED products specifically for Apple. This strategic move comes as Apple expands its use of OLEDs beyond iPhones into IT products like tablets, where LG Display currently holds a leading position due to its experience with tandem OLED architecture. Samsung Display aims to strengthen its competitive edge against rivals like LG Display and Chinese AMOLED producers by dedicating resources to meet Apple's evolving display needs.",OLED-Info,0.054241,Neutral
AAPL,2024-05-07,2 Great Large-Cap ETFs,"This article recommends two large-cap ETFs, T. Rowe Price Capital Appreciation Equity ETF (TCAF) and Vanguard High Dividend Yield ETF (VYM), as excellent portfolio building blocks. Russel Kinnel explains his rationale for owning both, highlighting TCAF's skilled manager David Giroux and VYM's value tilt for diversification.",Morningstar,0.30599,Somewhat-Bullish
AAPL,2024-05-07,"Healthy Returns: Eli Lilly, Novo Nordisk make progress toward boosting weight loss drug supply","Eli Lilly and Novo Nordisk, dominant manufacturers of weight loss and diabetes drugs, are increasing their supply to meet high demand. Eli Lilly raised its full-year revenue outlook by $2 billion, confident in its increased production of Zepbound and Mounjaro, with several new manufacturing sites and a new delivery device for international markets. Novo Nordisk, despite increasing Wegovy supply, saw its shares fall after missing Wall Street's sales estimates for the drug, attributing it to declining prices due to increased volume and competition.",CNBC,0.501974,Bullish
AAPL,2024-05-07,The rise of TSMC: How one chipmaker started making everyone's chips,"This article traces the journey of Taiwan Semiconductor Manufacturing Company (TSMC) from its founding in 1987 by Morris Chang to becoming the world's leading chip manufacturer, producing 90% of cutting-edge logic chips. It highlights key milestones including Chang's early career at Texas Instruments, TSMC's unique business model focusing solely on manufacturing, its crucial partnership with Apple, and recent expansions with significant investments in the U.S. and Japan.",Quartz,0.256668,Somewhat-Bullish
AAPL,2024-05-08,Can Crowding Scores Quantify US Stocks’ Fragility?,"The U.S. equity market has reached an unprecedented level of concentration, largely driven by mega-cap tech stocks, sparking concerns about market fragility and crowding risk. While crowded stocks globally have historically underperformed uncrowded ones, the U.S. market has recently bucked this trend, with crowded stocks outperforming since mid-2022. The MSCI Security Crowding Model offers insights into identifying areas of the market most susceptible to price correction if sentiment deteriorates.",MSCI,0.040411,Neutral
AAPL,2024-05-08,"Marvel Studios and ILM Immersive Announce 'What If…? – An Immersive Story,' Coming Exclusively to Apple Vision Pro","Marvel Studios and ILM Immersive are launching 'What If…? – An Immersive Story' exclusively on Apple Vision Pro on May 30. This interactive Disney+ Original experience allows fans to step into the Multiverse in mixed reality, becoming participants in an all-new narrative connected to the acclaimed animated series. It leverages Apple Vision Pro's spatial computing to offer a technologically advanced adventure, where users interact with environments and characters using their eyes and hands, exploring new and iconic MCU locations.",The Walt Disney Company,0.336707,Somewhat-Bullish
AAPL,2024-05-08,Netflix’s head of design answers every question you ever had about Netflix,"In a rare and extended Q&A, Netflix's VP of Design, Steve Johnson, discusses the company's design philosophy, its approach to gaming, the Vision Pro, and generative AI. Despite Netflix's 260 million subscribers and its leading position in the streaming industry, Johnson explains the ongoing challenge of helping users discover what they want to watch. He also shares insights into how the streaming giant designs its system and navigates the crowded entertainment landscape.",Fast Company,0.136109,Neutral
AAPL,2024-05-08,Which Credit Bureau Stock Should You Buy for the Long-Term?,"This article analyzes three major credit bureau stocks: Experian (EXPGY), TransUnion (TRU), and Equifax (EFX), evaluating them based on analyst ratings, revenue, and free cash flow yield. It recommends Experian as a ""Buy"" due to its competitive free cash flow yield and market leadership, designates TransUnion as a ""Hold"" despite its recent revenue growth, and rates Equifax as a ""Sell"" primarily because of its lower free cash flow yield compared to its peers. The author also discusses the broader industry context, including the impact of ""buy now, pay later"" services on credit reporting.",InvestorPlace,-0.168442,Somewhat-Bearish
AAPL,2024-05-09,"Digital Map Market Size, Share with Focus on Emerging Technologies, Top Countries Data, Top Key Players Update, and Forecast 2029","The digital map market is projected to grow at a CAGR of 11.1% from USD 28.3 billion in 2024 to USD 47.8 billion by 2029, driven by increased organizational need for efficiency and scalability. The routing and navigation data segment is expected to hold the largest market share, with the Asia Pacific region experiencing the highest growth rates due to technological advancements and smartphone adoption. Key players like Google, Apple, and Nearmap are adopting various growth strategies to expand their market presence.",The Globe and Mail,0.219011,Somewhat-Bullish
AAPL,2024-05-09,"Faulty insulin pump tech led to hundreds of injuries, prompting app recall","A software glitch in an insulin pump app developed by Tandem Diabetes Care led to over 200 injuries due to unexpected pump shutdowns. The FDA has prompted the recall of more than 85,000 versions of the t:connect mobile app, which could drain the pump's battery and suspend insulin delivery, potentially causing serious health complications. Users are urged to update the app to version 2.7.1 or later immediately.",CBS News,-0.226383,Somewhat-Bearish
AAPL,2024-05-09,Tech Stock Dividends Are Changing the Face of Dividend Growth Investing,"The article discusses how major tech companies like Alphabet, Meta, and Salesforce are starting to pay dividends, shifting the landscape of dividend growth investing. This trend is increasing the representation of tech stocks in dividend growth strategies, potentially improving market correlation but also lowering overall portfolio diversification. While tech dividends are generally low-yielding, their potential for future growth alongside earnings is attractive to investors focused on long-term dividend appreciation.",Morningstar,0.291694,Somewhat-Bullish
AAPL,2024-05-10,The Digital Markets Act Roundup: March 2024,"The Digital Markets Act (DMA) enforcement has continued actively, particularly with non-compliance investigations against major companies like Alphabet, Apple, and Meta. Key developments include discussions on competition law, AI integration in core platform services, and the role of national authorities in DMA enforcement. Additionally, Apple faced a significant fine for anticompetitive app store rules, small browsers have seen market share growth due to DMA-mandated choice screens, and Apple's iPadOS was designated as a gatekeeper under the DMA.",Tech Policy Press,-0.064477,Neutral
AAPL,2024-05-13,OUKITEL WP35がAliExpressで正式に登場：世界最薄の11000mAh 5Gタフネススマートフォンで高級なダイヤモンド柄のビジネススタイルを提供,OUKITELは、世界最薄の11000mAhバッテリーを搭載した5Gタフネススマートフォン「WP35」をAliExpressで本日発売しました。厚さ14.9mmの本体にMediaTek Dimensityチップセットを搭載し、最大60日間の待機時間、拡張可能なRAMとストレージ、64MPのSony製メインカメラ、8MPのナイトビジョンカメラ、32MPの自撮りカメラ、そしてGorilla Glass5で保護された6.6インチ2.4Kディスプレイを備えています。IP68/IP69K/MIL-STD-810H認証も取得しており、ビジネス用途からアウトドア活動まで幅広く対応する堅牢性とデザイン性を両立させています。,ASCII.jp,0.271133,Somewhat-Bullish
AAPL,2024-05-13,What Are Scope 3 Emissions And Why Should Trucking Companies Care?,"This article explains Scope 1, 2, and 3 greenhouse gas emissions, particularly focusing on why Scope 3 emissions are crucial for trucking companies. Trucking fleets' Scope 1 emissions contribute to their customers' Scope 3 emissions, making trucking companies vital partners in their clients' sustainability efforts. The article highlights how regulations and corporate sustainability goals are increasing the pressure on companies, including those in the trucking industry, to report and reduce these indirect emissions throughout their supply chains.",Heavy Duty Trucking,0.251398,Somewhat-Bullish
AAPL,2024-05-14,3 Funds With Double-Digit Stakes in a Single Stock,"This article examines three equity funds––Fidelity Growth Company (FDGRX), American Century Ultra (TWCUX), and Akre Focus (AKREX)––that hold unusually high, double-digit stakes in single stocks, highlighting the risks associated with such concentrated portfolios. While some funds like Fidelity Growth Company have performed exceptionally due to these bold allocations to companies like Nvidia and Apple, others like Akre Focus demonstrate unique, sometimes unusual, concentrations in stocks like Mastercard and Constellation Software. The author notes that such high concentrations, once rare, are becoming more common, but pose meaningful risk for investors.",Morningstar,0.144773,Neutral
AAPL,2024-05-14,PNQI: I'm Buying This Tech Stock ETF Instead Of QQQ (NASDAQ:PNQI),"The Invesco NASDAQ Internet ETF (PNQI) is a tech-focused ETF with $751 million in assets and a diversified portfolio of about 80 positions. It has been in an uptrend since late last year and holds significant stakes in Alphabet, Amazon, and Apple. The author, a long-time stock market investor, is buying PNQI, expressing their own opinions and having a beneficial long position in its shares.",Seeking Alpha,0.439921,Bullish
AAPL,2024-05-15,Apple’s Planning a $110B Stock Buyback. Here's Why. | Poole Thought Leadership,"Apple Inc. announced a significant $110 billion stock buyback plan, prompting Poole College finance professor Richard Warr to explain the rationale behind such corporate actions. Warr details why companies conduct buybacks, including investing extra cash, buying undervalued stock, restoring share value, and tweaking the debt-equity balance. He also clarifies that while stock prices often rise post-announcement, buybacks don't magically increase overall company value, but rather signal management confidence to investors.",Poole College of Management,0.418321,Bullish
AAPL,2024-05-15,"Buffett's Berkshire reveals over $6B investment in Chubb, sending shares higher","Warren Buffett's Berkshire Hathaway has disclosed a new $6.72 billion investment in insurance firm Chubb, causing Chubb's stock to surge to an all-time high. This investment highlights Berkshire's confidence in the property-casualty insurance sector, a business area familiar to Buffett. The disclosure comes as Berkshire Hathaway reached a record $189 billion in cash and equivalents, despite reducing its stake in Apple.",Fox Business,0.112181,Neutral
AAPL,2024-05-15,"Gap Inc. selects Omnicom as media AOR, reorganizes key media functions","Gap Inc. has appointed Omnicom Media Group (OMG) as its new cross-brand media agency of record, aiming to modernize its media model and enhance brand revitalization efforts. Concurrently, the retailer is establishing a Marketing Shared Services organization to centralize key media functions, as part of a broader strategy following a recent change in its flagship Gap brand's global CMO and improved Q4 net sales. The move comes after a review of its U.S. media agency assignment and is expected to be fully implemented by the end of Q2.",Marketing Dive,0.102807,Neutral
AAPL,2024-05-15,Google Glass Making A Comeback? New Prototype AR Glasses Make A Cameo Appearance At I/O 2024,"Google revealed a prototype of new augmented reality (AR) glasses at its I/O 2024 conference, sparking speculation about a revival of the Google Glass project. The new prototype was shown in a demo video for Project Astra, worn by an employee, and suggests Google is actively pursuing its AR ambitions amidst a growing AR market. This comes after Apple's Vision Pro launch and the success of Meta's smart glasses.",Sahm,0.245448,Somewhat-Bullish
AAPL,2024-05-16,Buffett’s Berkshire Reveals $6.7 Billion Stake in Insurer Chubb,"Warren Buffett’s Berkshire Hathaway has revealed a $6.7 billion stake in insurer Chubb Ltd., a position it had secretly built since 2023. The disclosure ended months of speculation about Berkshire's mystery investment in a financial firm, causing Chubb's stock to jump. This investment highlights Berkshire's ongoing focus on the insurance industry, which Buffett considers the ""core"" of his conglomerate.",Insurance Journal,0.117597,Neutral
AAPL,2024-05-16,Secret’s out: Buffett’s Berkshire Hathaway a Chubb shareholder,"Warren Buffett's Berkshire Hathaway has revealed a significant US$6.7 billion investment in global insurer Chubb, making it Berkshire's ninth biggest holding by the end of Q1 2024. This stake was kept confidential for three quarters with regulatory approval. The disclosure comes as Berkshire Hathaway reported strong Q1 operating earnings and a record cash pile, while Chubb also announced impressive Q1 financial results.",Insurance Business America,0.203457,Somewhat-Bullish
AAPL,2024-05-17,"Regulatory Risks, Investment Sentiment and the India/Bharat Conundrum","The article discusses the economic and regulatory landscape in India following the anticipated re-election of the BJP government led by Prime Minister Narendra Modi. It highlights India's attractiveness to global investors due to policy continuity, economic growth, and a focus on infrastructure, tax reform, and digital regulations. The authors emphasize the ""India-Bharat Conundrum,"" reflecting the diverse market opportunities between urban and semi-urban/rural areas, and underscore the need for investors to understand the competitive and dynamic market to succeed.",FTI Consulting,0.275944,Somewhat-Bullish
AAPL,2024-05-18,Opinion: Apple has lost its shine. Here’s what can help it regain luster.,"Apple, historically a Wall Street and Silicon Valley favorite, is experiencing a downturn with its stock price trailing the broader market this year. The company faces concerns regarding its AI competitiveness and regulatory pressures, leading to questions about whether it has lost its way. An upcoming AI announcement at next month’s WWDC presents an opportunity for Apple to revitalize its narrative, though it also carries the risk of further highlighting product development concerns.",MarketWatch,-0.311252,Somewhat-Bearish
AAPL,2024-05-18,This Top Dow ETF Is Crushing the Nasdaq and the S&P 500 Over the Last Month. Here's What That Means for the Market Rally.,"The article discusses the recent outperformance of the Dow Jones Industrial Average ETF (DIA) compared to the Nasdaq and S&P 500 over the last month. It suggests this trend indicates investors are becoming more defensive and rebalancing portfolios towards value and income, and away from growth stocks. The author recommends the SPDR Dow Industrial Average ETF as a low-cost option for investors seeking to increase exposure to blue-chip stocks and diversify beyond tech-heavy portfolios.",The Motley Fool,0.357994,Bullish
AAPL,2024-05-20,FDLO: Low-Volatility ETF Beating Competitors,"The Fidelity Low Volatility Factor ETF (FDLO) invests in 125 stocks with relatively low historical price and earnings volatility. Since its inception, FDLO has lagged the S&P 500 but has outperformed other low-volatility ETFs. While its risk-adjusted returns compared to the benchmark are unconvincing, the ETF's relatively short track record makes a long-term potential assessment difficult.",Seeking Alpha,0.067537,Neutral
AAPL,2024-05-20,"Jabil replaces CEO after investigation, pulls 2025 forecast","Jabil announced that CEO Kenneth Wilson is immediately leaving the company following an investigation related to corporate policies, and finance chief Michael Dastoor will succeed him. The electronic components maker, which counts Apple among its customers, also withdrew its fiscal 2025 forecast due to the unexpected CEO transition. The company reiterated that the investigation does not relate to or impact its financial statements or reporting.",CNBC,-0.201963,Somewhat-Bearish
AAPL,2024-05-20,This Might Just Be YieldMax’s Craziest ETF Yet (104.56% Dividend Yield),"YieldMax has introduced a new ETF, ULTY, which offers an impressive 104.56% dividend yield. The company is known for its synthetic covered call strategy on individual stocks, generating high double-digit to triple-digit dividend yields. This strategy has led to significant interest from income investors and continues to drive the launch of new products.",DataDrivenInvestor,0.284168,Somewhat-Bullish
AAPL,2024-05-21,3 ETFs to Buy Now: May 2024,"This article recommends three ETFs: iShares US Technology ETF (IYW), Schwab US Large-Cap Growth ETF (SCHG), and Invesco S&P 500 Top 50 ETF (XLG), highlighting their exposure to top-performing large-cap stocks, particularly the Magnificent Seven. Each ETF offers diversified portfolios with strong historical returns and attractive expense ratios, serving investors looking for market outperformance. The funds focus on technology and large-cap growth, providing different levels of concentration in leading U.S. equities.",InvestorPlace,0.588543,Bullish
AAPL,2024-05-21,Sonos Picks a Good Time to Plug Into Headphones,"Sonos is entering the headphone market with its new Ace headphones, set to release in June. This move comes as the premium-headphone market is experiencing significant growth, while Sonos's traditional speaker sales are declining. The company faces stiff competition, particularly from Apple, in this new venture.",The Wall Street Journal,-0.106891,Neutral
AAPL,2024-05-21,Sonos’ Lead Designers Get Nerdy About the New Ace ANC Headphones,"Sonos is launching its first active noise-cancellation (ANC) headphones, Ace, on June 5, priced at $449. The lead designers, Dana Krieger and David Keating, highlight the headphones' premium design, comfort-focused engineering, and a unique ""TV Audio Swap"" feature that allows instant audio transfer from Sonos soundbars. Despite entering a saturated market, Sonos aims to differentiate Ace with its specialized approach to wearable audio and ecosystem integration.",Inverse,0.3051,Somewhat-Bullish
AAPL,2024-05-21,Trump Media Stock Slides After Reporting $327.6M Q1 Loss,"Shares of Trump Media & Technology Group (DJT) slid over 9% after the company reported a first-quarter loss of $327.6 million on just $770,500 in revenue. This marks the company's first quarterly report since going public, with management stating a focus on long-term product development, including streaming platforms, rather than immediate quarterly revenue. The stock has experienced significant volatility since its Nasdaq debut in March 2024.",Investopedia,-0.213264,Somewhat-Bearish
AAPL,2024-05-22,"Cynthia Bowman Departs Bank Of America, Named Apple Inc’s New Head Of Diversity","Cynthia Bowman, previously from Bank of America, has been appointed as Apple Inc.'s new head of diversity, becoming the fourth individual to hold this position. She will report to Apple’s chief people officer and support the company's diversity initiatives. Bowman's appointment comes as Apple continues its efforts to increase the representation of diverse groups within its workforce.",Black Enterprise,0.103619,Neutral
AAPL,2024-05-23,"LANDSEA HOMES CLOSES ON 500 HOMESITES FOR A NEW COMMUNITY IN DUBLIN, CALIFORNIA","Landsea Homes Corporation has acquired 500 homesites in Dublin, California, for a new master-planned community called Dublin Centre. This development will feature 500 High Performance single-family homes and townhomes, including options for multigenerational living, with sales expected to begin in late 2025. The community will offer various amenities and smart home technology, strengthening Landsea Homes' presence in the desirable East Bay.",PR Newswire,0.419619,Bullish
AAPL,2024-05-23,Live Nation Entertainment Stock Tumbles as DOJ Announces Antitrust Suit,"The Department of Justice filed an antitrust lawsuit against Live Nation Entertainment, alleging monopolistic practices that harm fans, artists, and venues. The DOJ seeks to break up the company, causing Live Nation's stock to tumble 8% following the announcement. Live Nation denies the claims, arguing its profitability is low and its commission rates are competitive.",Investopedia,-0.208094,Somewhat-Bearish
AAPL,2024-05-23,TSMC sees annual sales growth to reach 10% in semiconductor industry,"TSMC, a key supplier to Apple and Nvidia, predicts a 10% annual revenue growth for the global semiconductor industry, excluding memory chips, highlighting AI as a ""new golden age of opportunity."" This forecast is slightly lower than their previous prediction but aligns with their expectation of up to 30% sales growth in the second quarter due to strong demand for AI-related semiconductors. Nvidia's recent strong revenue forecast and stock split further underscore the booming AI sector.",Reuters,0.45238,Bullish
AAPL,2024-05-23,"U.S., states including Ohio sue to break up Live Nation, Ticketmaster over practices","The U.S. Justice Department and nearly 30 states, including Ohio, have filed a lawsuit against Live Nation Entertainment Inc. to compel the company to divest its ticketing giant, Ticketmaster. The plaintiffs allege that Live Nation and Ticketmaster have illegally monopolized the live events industry through anticompetitive practices, such as locking venues into exclusive contracts and retaliating against rivals. Live Nation stated it would defend itself, claiming the lawsuit would not resolve fan issues regarding ticket prices and fees.",Crain's Cleveland Business,-0.504698,Bearish
AAPL,2024-05-23,Vivek Ramaswamy spent $3.3 million to buy 8% of BuzzFeed. How much damage could he do with that stake?,"Vivek Ramaswamy recently acquired an 8% stake in BuzzFeed for $3.3 million, making him the fourth-largest shareholder of its class A shares. While a significant stake, BuzzFeed's dual-class stock structure and the majority control held by CEO Jonah Peretti may limit his influence. Ramaswamy's history as an activist investor suggests he intends to push for strategic changes despite the company's structure designed to protect its editorial integrity from such interventions.",Fast Company,0.053165,Neutral
AAPL,2024-05-24,JAVS Courtroom Recording Software Backdoored - Deploys RustDoor Malware,"Malicious actors have backdoored the installer for Justice AV Solutions (JAVS) courtroom video recording software to distribute malware known as RustDoor, a supply chain attack tracked as CVE-2024-4978. The compromised installer, JAVS Viewer v8.3.7, was signed with an unexpected Authenticode signature, leading to the deployment of a malicious executable that contacts a command-and-control server and attempts to gather credentials. JAVS has acknowledged a ""potential security issue,"" pulled the affected version, and advised users to check for indicators of compromise and re-image affected systems.",The Hacker News,0.050828,Neutral
AAPL,2024-05-25,I just tried the Sonos Arc soundbar and it's now my new at-home audio system,"The author, initially not a fan of soundbars, declares the premium Sonos Arc their new favorite at-home audio system despite its $800+ price tag. They praise its Dolby Atmos support, superior audio quality with 5.0.2 channels, and Trueplay tuning capabilities, which adapt the sound to the room. However, drawbacks include the lack of conventional Bluetooth, Wi-Fi reconnection issues, and the high cost, though these are outweighed by its performance and expandability with other Sonos products.",Tom's Guide,0.345318,Somewhat-Bullish
AAPL,2024-05-27,The Justice Department is suing Ticketmaster and Live Nation. What does that mean for concertgoers?,"The Justice Department is suing Live Nation Entertainment, alleging it operates as a monopoly controlling much of the U.S. ticket-selling market, thereby driving up prices and stifling competition. While the lawsuit aims to increase competition and potentially lower ticket prices for consumers, experts suggest changes will not be immediate due to the lengthy legal process. The 2022 uproar over Taylor Swift's Eras Tour ticket sales issues highlighted the company's dominance and contributed to the current legal action.",PBS,-0.201921,Somewhat-Bearish
AAPL,2024-05-29,"As Apple's iPhone 16 Launch Nears, Report Says More Than Half Of World's Smartphones Will Be AI Capable By 2028: Here Are Top 5 Use Cases","A new report by Canalys predicts that by 2028, over half of the world's smartphones will be AI-capable, driven by advancements in chipset technology and consumer demand. This surge is anticipated ahead of Apple's iPhone 16 launch, which is expected to feature significant AI integration. The article highlights five key AI use cases on phones, including generative AI, communication features, and productivity tools.",Sahm,0.236845,Somewhat-Bullish
AAPL,2024-05-30,New AI-Powered Trip Planner from InterContinental Hotels Group to Offer Personalized Travel Recommendations,"InterContinental Hotels Group (IHG) is partnering with Google Cloud to launch an AI-powered travel planning feature within its IHG One Rewards mobile app. This new tool, powered by Google's Vertex AI and Gemini models, will offer personalized travel recommendations, help users build itineraries, and enable direct hotel bookings. The initiative aims to enhance the digital guest experience and customer loyalty, leveraging Google's AI capabilities and IHG's extensive hotel data.",Hotel Technology News,0.316209,Somewhat-Bullish
AAPL,2024-05-31,Apple Supplier STMicroelectronics to Build $5.4 Billion Chip Plant in Italy,"STMicroelectronics, a key supplier for Apple, Tesla, and Samsung, is investing approximately $5.42 billion to build a new chip-manufacturing plant in Catania, Sicily, with state support. This facility will produce silicon-carbide semiconductor products, essential for electric vehicles and data centers, as the company prepares for an anticipated recovery in the semiconductor market. The investment aims to expand production capacity for these energy-efficient chips.",The Wall Street Journal,0.286415,Somewhat-Bullish
AAPL,2024-05-31,Meet The Team - Magnite's strategy for a cookieless future,"Magnite is preparing for a cookieless future by leveraging its core streaming business, which already operates without third-party cookies, and utilizing alternative identifiers like IDFAs and first-party data. The company emphasizes the importance of publisher-defined audiences and sees Australia as a key testbed for ad-supported offerings from major businesses. Magnite's team members also discuss their focus on driving revenue growth for publishers, enhancing platform interoperability, and the evolving landscape of programmatic advertising.",AdNews,0.193188,Somewhat-Bullish
AAPL,2024-05-31,TCW Transform 500 ETF Review and Aggregate Rating (VOTE),"The TCW Transform 500 ETF (VOTE) has an aggregate rating of ""Moderate Buy"" and an aggregate price target of $80.22 based on analyst ratings for its underlying holdings. The ETF's portfolio includes major companies like NVIDIA, Apple, Microsoft, and Amazon, with a significant portion of the portfolio composed of companies covered by 861 analyst ratings in the past year. These ratings and price targets are derived by MarketBeat from individual stock ratings within the ETF's holdings.",MarketBeat,0.369004,Bullish
AAPL,2024-06-01,"Road Mapping Leads to Dead End, PTAB Litigation Blog | Insights","The PTAB denied Masimo Corporation’s second petition for inter partes review against U.S. Patent No. 10,076,257. Applying the General Plastic factors, the PTAB found that factors 4 and 5 weighed in favor of denial, and factor 3 weighed strongly in favor of denial. This decision follows Masimo Corp. v. Apple Inc., IPR2024-00071.",Jones Day,-0.230222,Somewhat-Bearish
AAPL,2024-06-04,5 things you need to know before nvidia's stock split.,"This article details five crucial points regarding NVIDIA's upcoming 1:10 stock split, outlining what a stock split is, its impact on investors and options, historical stock performance post-split, and potential broader market effects. It explains how the split lowers the per-share price to attract more investors and could lead to increased liquidity, while also discussing the proportional adjustment of option contracts. The article also touches upon the ""Nvidia Effect"" on related stocks and the potential for NVIDIA's split to trigger a wave of similar actions in the US stock market among other high-priced S&P 500 constituents.",富途牛牛,0.308759,Somewhat-Bullish
AAPL,2024-06-04,"AirPods Max vs. Sonos Ace: premium personal audio, compared","This article compares Apple's AirPods Max with Sonos' new Ace headphones, analyzing their design, physical controls, audio processing, connectivity, battery life, and cases. While the AirPods Max are aging, the Sonos Ace offers a compelling alternative with superior comfort, sound quality, and USB-C connectivity, posing a challenge for Apple in the premium personal audio market. The author suggests Apple needs to integrate more features seen in its newer products to remain competitive.",AppleInsider,0.116606,Neutral
AAPL,2024-06-04,These San Diego and California companies made the 2024 For 500 list,"California leads the nation with 57 companies on the 2024 Fortune 500 list, marking the first time in a decade it has surpassed Texas and New York. Three San Diego companies made the list: Qualcomm (No. 117), Sempra (No. 246), and LPL Financial Holdings (No. 392), despite Qualcomm's revenue decrease and layoffs. Nine new California-based companies joined the list, while others like Petco and Illumina are being watched for future inclusion.",Axios,0.213934,Somewhat-Bullish
AAPL,2024-06-05,Arm aims to win 50% of PC market in five years: Haas,"Arm Holdings PLC CEO Rene Haas announced the company's goal to capture over 50% of the Windows PC market within five years. This ambition is fueled by Microsoft's commitment to use Arm-based chips for its new line of AI-powered PCs and the development of robust software tools for Arm-based systems, aiming to challenge Intel's long-standing dominance in the PC industry. Apple's success with its Arm-based ""M Series"" processors in terms of battery life and performance is cited as a precedent.",Taipei Times,0.16651,Somewhat-Bullish
AAPL,2024-06-05,Dexcom launches G7 with Apple Watch integration in the U.S.,"Dexcom has launched its G7 continuous glucose monitor (CGM) with direct Apple Watch integration in the U.S., making it the first and only CGM with this feature. This allows users to receive real-time glucose readings and alerts on their Apple Watch without needing their iPhone, offering greater freedom and convenience. The feature is also available in the UK and Ireland, with more markets expected soon.",MassDevice,0.399178,Bullish
AAPL,2024-06-05,The 3 Best ETFs to Buy in June 2024,"This article highlights three top ETFs for June 2024: Avantis U.S. Large Cap Value ETF (AVLV), abrdn Bloomberg All Commodity Longer Dated Strategy K-1 Free ETF (BCD), and Vanguard U.S. Multifactor ETF (VFMF). These ETFs are recommended for their low expense ratios, solid performance, and positive Morningstar ratings, offering diversification and growth potential to investors.",InvestorPlace,0.307266,Somewhat-Bullish
AAPL,2024-06-06,"Humane, the startup behind the AI Pin, in talks with HP, telecoms to sell","Humane, the AI hardware startup founded by ex-Apple designers, is reportedly seeking a buyer following the lukewarm reception of its AI Pin. The company is in discussions with HP and several telecom companies and has enlisted investment bank Tidal Partners to advise on a potential deal. The AI Pin, intended as a smartphone replacement, faced criticism from reviewers for being untrustworthy and not very useful.",CNBC,0.109848,Neutral
AAPL,2024-06-06,Is Life360 still an opportunity after shares have surged?,"Life360 shares have surged almost 100% year-to-date, prompting a discussion on whether it's still a viable investment. The company found a successful monetization strategy by introducing advertisements for non-paying users, demonstrating how tech companies can find ways to improve financials beyond initial expectations. Life360's app provides peace of mind for parents by automatically tracking children's locations.",Morningstar Australia,0.179634,Somewhat-Bullish
AAPL,2024-06-06,Nvidia overtakes Apple as No. 2 most valuable company,"Nvidia's valuation has surpassed $3 trillion, making it the world's second most valuable company, overtaking Apple. The AI chipmaker's stock surge is attributed to high demand for its processors among tech giants building AI capabilities. This shift highlights Nvidia's dominance in the current AI landscape, while Apple faces challenges with iPhone demand and AI integration.",Reuters,0.227336,Somewhat-Bullish
AAPL,2024-06-07,Almost 300 Taiwanese students have come due to TSMC plants,"Nearly 300 Taiwanese students have enrolled in Phoenix schools, predominantly with the Deer Valley Unified School District, as their parents relocate to work for Taiwan Semiconductor Manufacturing Co. (TSMC). The students began arriving in waves in November 2022, with TSMC chartering planes to facilitate their transfer. TSMC's expansion in North Phoenix, including three planned semiconductor facilities, is expected to bring well-paying jobs and diversify the Valley's community.",KTAR News 92.3 FM,0.349158,Somewhat-Bullish
AAPL,2024-06-07,What to Know Heading into FTSE Russell’s 36th Annual Russell Reconstitution,"FTSE Russell's 36th Annual Russell Reconstitution is a crucial process that rebalances its U.S. benchmark indices to reflect changes in the equity market. This multi-week event culminates in ""Recon Day"" where investment managers trade over $100 billion in equities, offering unique opportunities for volatility harvesting through options strategies. The article highlights the Russell 2000 Index, its unique characteristics, and how Cboe's RVX Index and options products can be utilized during this period.",Cboe Global Markets,0.211163,Somewhat-Bullish
AAPL,2024-06-10,Private Cloud Compute: A new frontier for AI privacy in the cloud,"Apple introduces Private Cloud Compute (PCC), a new cloud intelligence system designed for private AI processing with Apple Intelligence. PCC extends Apple's industry-leading device security and privacy to the cloud, ensuring personal user data remains inaccessible to anyone but the user, including Apple. The system is built with custom Apple silicon and a hardened operating system, featuring stateless computation, enforceable guarantees, no privileged access, non-targetability, and verifiable transparency for security researchers.",Apple Security Research,0.218733,Somewhat-Bullish
AAPL,2024-06-10,Who are the highest-paid S&P 500 CEOs of 2023?,"The median total compensation for S&P 500 CEOs increased by 12.6% in 2023, reaching $16.3 million, largely due to stock awards. Broadcom Inc CEO Hock Tan was the highest-paid chief executive with over $161 million, significantly more than other top earners like Fair Isaac Corporation CEO William Lansing and Apple CEO Tim Cook. This surge in CEO pay outpaced the 5.2% increase for the median S&P 500 employee, further widening the CEO-to-employee pay ratio.",InvestmentNews,0.031904,Neutral
AAPL,2024-06-11,Affirm’s BNPL And Tap to Cash Are Coming to Apple Pay Later This Year,"Apple is expanding its financial services with new features for iOS18, including ""Tap to Cash"" for iPhone-to-iPhone transfers and broader Apple Pay availability for third-party browsers. Notably, Affirm's buy now, pay later service will integrate into Apple Pay later this year, allowing users to apply for loans directly at checkout. Apple is also enhancing reward redemption and installment loan offers within Apple Pay, building on its own Apple Pay Later service launched in 2023.",Digital Transactions,0.250838,Somewhat-Bullish
AAPL,2024-06-11,Apple execs explain why its AI is different from competitors,"Apple executives, including software chief Craig Federighi and AI chief John Giannandrea, explained their distinct approach to artificial intelligence, dubbed ""Apple Intelligence."" Unlike competitors focusing on broad AI for various products, Apple's strategy centers on personalizing AI for its devices and user data, emphasizing privacy and on-device processing. They also clarified that Apple Intelligence uses multiple smaller models and will integrate with third-party AI like ChatGPT and potentially Google Gemini in the future.",CNBC,0.158065,Somewhat-Bullish
AAPL,2024-06-11,"MAX ARRIVES IN FRANCE AND POLAND, AND ENHANCED OFFERING ROLLS OUT IN NETHERLANDS AND BELGIUM COMPLETING INITIAL PHASE OF EUROPEAN LAUNCHES | Pressroom","Max has officially launched in France and Poland, completing the initial phase of its European expansion, and an enhanced HBO Max has rolled out in the Netherlands and will do so in Belgium. This expansion brings Max's total reach to 65 countries and territories, offering a diverse array of content including HBO, Discovery, Warner Bros., DC, Eurosport, and CNN, alongside local original programming. A key feature of the European launch is the exclusive availability of all live Olympic Games Paris 2024 moments on Max, included in all subscription plans.",Warner Bros. Discovery,0.389996,Bullish
AAPL,2024-06-11,New features come to Apple services this fall,"Apple is rolling out significant updates to its services this fall with iOS 18, iPadOS 18, macOS Sequoia, watchOS 11, visionOS 2, and tvOS 18. Key enhancements include new features in Apple Maps for exploring national parks and custom routes, greater flexibility in Apple Pay with rewards and installments, and a redesigned Apple Fitness+ experience. Apple Music also gains SharePlay improvements and accessibility features like Music Haptics, while Apple TV introduces InSight and smarter dialogue enhancement.",Apple,0.251628,Somewhat-Bullish
AAPL,2024-06-12,Adobe Responds to AI Fears With Plans for Updated Legal Terms,"Adobe Systems Inc. faced backlash from customers over updated terms of use, prompting a reevaluation of how the company communicates legal issues, especially concerning generative AI. General counsel Dana Rao emphasized that legal terms must evolve with technology. This incident highlights heightened scrutiny on terms of service as technology advances.",Bloomberg Law News,0.071416,Neutral
AAPL,2024-06-12,Ozempic Maker Novo Nordisk Closes In On Lego As Denmark's Most Valuable Brand: Report,"Pharmaceutical giant Novo Nordisk is rapidly closing in on Lego A/S for the title of Denmark's most valuable brand, driven by the immense global popularity of its weight-loss drugs, Ozempic and Wegovy. While Lego saw a modest 3% brand value increase to $8 billion, Novo Nordisk's brand value surged by 59% to $5.1 billion, significantly impacting Denmark's GDP and making it Europe's most valuable company. Despite this growth, both companies remain far behind global leader Apple Inc., valued at $517 billion.",Sahm,0.218771,Somewhat-Bullish
AAPL,2024-06-13,Apple Is Sued by Female Employees Claiming Pay Discrimination,"Apple Inc. is facing a lawsuit from two female employees, Justina Jong and Amina Salgado, who allege systemic pay discrimination against women for similar work compared to men. They claim Apple's practices of using salary history and then salary expectations have perpetuated pay disparities, impacting over 12,000 current and former female employees in California. The lawsuit also highlights that men allegedly receive higher scores in performance reviews, leading to lower bonuses and pay for women.",Time Magazine,0.020335,Neutral
AAPL,2024-06-13,Apple adds BNPL offerings from rivals,"Apple is expanding its buy now, pay later (BNPL) offerings on Apple Pay by integrating services from rivals like Affirm and flexible financing options from debit and credit cards issued by Citi, Fiserv, and Synchrony. This move represents a shift from Apple's traditional ""walled garden"" strategy, potentially influenced by recent antitrust pressures and fines regarding third-party payment restrictions. While Affirm does not expect a material impact on its fiscal year 2025 revenue or gross merchandise volume from this partnership, it provides users with more payment choices and integrates with Apple Pay's security features.",Payments Dive,0.125048,Neutral
AAPL,2024-06-13,Apple reigns again as most valuable U.S. company for first time since January,"Apple Inc. has once again become the most valuable U.S. company, surpassing Microsoft Corp. for the first time since January. The company ended Thursday's trading session with a market capitalization of $3.285 trillion after its stock rose 0.6%. Apple shares have advanced 10.9% over the past three sessions, adding $324 billion to its market cap.",MarketWatch,0.312818,Somewhat-Bullish
AAPL,2024-06-14,Semiconductors Hit Record Highs As Industry Reaches $6.3 Trillion: 5 Chip Stocks That Outpaced Nvidia This Week,"The semiconductor industry has reached a record $6.3 trillion valuation, driven by AI advancements, with the PHLX Semiconductor Sector Index showing significant gains. While Nvidia continues to dominate in market capitalization, several other chip stocks, including Broadcom and Arm Holdings, significantly outperformed Nvidia's weekly gains. This indicates a broader bullish trend in the semiconductor sector beyond just the largest players.",TradingView,0.410104,Bullish
AAPL,2024-06-16,Harmonix co-founder Alex Rigopulos and esteemed lawyer Priyanka Khimani join Songtradr board,"Songtradr has appointed Alex Rigopulos, co-founder of Harmonix, and Priyanka Khimani, a prominent entertainment lawyer, to its board of directors. Rigopulos brings deep understanding of music and technology, having been instrumental in games like Rock Band and Guitar Hero. Khimani, known for her work with high-profile clients and commitment to artists' rights, will add significant legal expertise. These appointments are expected to bolster Songtradr's strategic growth and innovation in the global music marketplace.",Music Business Worldwide,0.1061,Neutral
AAPL,2024-06-16,What is Gorilla Glass? Know the Differences Between Generations,"This article explains the evolution and differences between various generations of Corning's Gorilla Glass, a toughened alkali-aluminosilicate glass used in smartphones and other devices. It details how each version brought improvements in scratch resistance, drop protection, or thickness, from the original Gorilla Glass 1 on the first iPhone to the latest Gorilla Armor found in the Galaxy S24 Ultra and Gorilla Glass 7i for budget devices. The article also provides guidance on how users can determine if their phone uses Gorilla Glass.",nextpit Global,0.337555,Somewhat-Bullish
AAPL,2024-06-17,3 Great Funds for the Class of 2024,"This article suggests three investment funds for the Class of 2024, suitable for new graduates entering the investment world. It highlights the US total stock market (like Schwab US Broad Market ETF) for broad diversification, target-date funds (such as Vanguard Target Retirement 2070 Fund) for retirement savings, and balanced funds (like BlackRock Sustainable Balanced) for medium-term goals with a focus on sustainability. The author emphasizes the importance of investing for the future while cautioning against using short-term savings for volatile investments.",Morningstar,0.31393,Somewhat-Bullish
AAPL,2024-06-17,Trade the AI Trend With This Pair of Leveraged ETFs,"The article discusses how investors can capitalize on the artificial intelligence (AI) trend through leveraged ETFs, specifically highlighting the performance of Nvidia and Apple. It introduces the Direxion Daily AI and Big Data Bull 2X Shares (AIBU) and Direxion Daily AI and Big Data Bear 2X Shares (AIBD) as tools for traders to gain 200% exposure to the Solactive US AI & Big Data Index. These ETFs offer flexibility for traders to express short-term convictions on the upside or downside of the AI and big data sector.",ETF Trends,0.328071,Somewhat-Bullish
AAPL,2024-06-18,"10 Things You Didn’t Know About the Holiday Inn Brand – From Fun Facts to Pioneering Moments, Illuminating the Brand’s Ongoing Leadership in Mainstream Hospitality","This article highlights 10 pioneering aspects and fun facts about the Holiday Inn brand, which is recognized as the most trusted travel and hospitality brand in the U.S. It recounts how founder Kemmons Wilson innovated key services like free stays for kids, onsite restaurants, and in-room technology. The brand's history also includes establishing the first hotel loyalty program and reservation system, promoting diversity, and expanding globally.",Hotel Online,0.318528,Somewhat-Bullish
AAPL,2024-06-18,A major tech ETF is set to load up on Nvidia at the expense of Apple,"The Technology Select Sector SPDR Fund (XLK), a major tech ETF, is poised to significantly increase its Nvidia holdings while reducing its Apple stake during its quarterly rebalance. This strategic shift comes as Nvidia has surpassed Apple to become the world's second-largest tech company. The rebalance will involve the purchase of $11 billion in Nvidia shares and the sale of $12 billion in Apple shares by State Street, the ETF's manager.",Finimize,0.212932,Somewhat-Bullish
AAPL,2024-06-18,Apple Original Films’ Formula 1® feature to be released on 25 June 2025 in partnership with Warner Bros. Pictures,"Apple Original Films' Formula 1 movie, starring Brad Pitt and directed by Joseph Kosinski, will be released internationally on June 25, 2025, and in North America on June 27, 2025. The film is a collaboration with Formula 1, filmed during actual Grand Prix events, and features Brad Pitt as a former driver alongside Damson Idris as his rookie teammate in a fictional team called APXGP. Production will continue at several races, including the British Grand Prix, and conclude in Abu Dhabi.",Formula One World Championship Limited,0.254036,Somewhat-Bullish
AAPL,2024-06-18,"Nvidia Becomes Most Valuable Public Company, Topping Microsoft (Published 2024)","Nvidia has surpassed Microsoft and Apple to become the world's most valuable public company, achieving a market capitalization of $3.34 trillion. This rapid ascent, largely attributed to the boom in generative artificial intelligence and high demand for its GPUs, highlights the transformative impact of AI on leading corporations. CEO Jensen Huang's early bet on GPUs for AI systems has positioned Nvidia to control over 80 percent of the market for AI chips.",The New York Times,0.162126,Somewhat-Bullish
AAPL,2024-06-18,Nvidia becomes world’s most valuable company amid AI boom,"Nvidia has become the world's most valuable company, surpassing Microsoft and Apple, with its market capitalization reaching $3.34 trillion. This surge is driven by high demand for its chips, which are central to the booming artificial intelligence industry. The company's exponential growth has also significantly increased CEO Jensen Huang's net worth and boosted the broader stock market.",The Guardian,0.345797,Somewhat-Bullish
AAPL,2024-06-18,Nvidia eclipses Microsoft as world's most valuable company,"Nvidia has surpassed Microsoft to become the world's most valuable company, with its market capitalization reaching $3.341 trillion. This surge is driven by high demand for its processors essential for artificial intelligence technology. Nvidia's stock has nearly tripled this year, reflecting the market's strong optimism about its role in the booming AI sector.",VOA - Voice of America English News,0.315999,Somewhat-Bullish
AAPL,2024-06-18,Nvidia set to overtake Apple in $72 billion technology ETF shakeup after its monster 164% rally this year,"Nvidia is projected to surpass Apple in the Technology Select Sector SPDR ETF (XLK) later this month, triggering a significant $23 billion rebalance. This comes after Nvidia's stock surged 164% this year, briefly pushing its valuation past Apple's. The rebalancing is driven by a diversification rule within the ETF that limits the concentration of its top holdings, leading to an estimated $11 billion in Nvidia stock purchases and about $12 billion in Apple stock sales.",markets.businessinsider.com,0.232361,Somewhat-Bullish
AAPL,2024-06-18,Nvidia surpasses Microsoft to become the world’s most valuable company,"Nvidia Corp. has surpassed Microsoft Corp. to become the world's most valuable publicly traded company, reaching a market capitalization of $3.34 trillion. This milestone follows a surge in Nvidia's stock, driven by its dominance in the AI chip market, particularly with its GPUs essential for generative AI development. The company's exceptional growth contrasts with Microsoft and Apple, which have also benefited from AI but not to the same extent, solidifying Nvidia's unique position in the tech landscape.",SiliconANGLE,0.263803,Somewhat-Bullish
AAPL,2024-06-18,Venu Sports Announces Management Team Under CEO Pete Distad,"Venu Sports, a joint venture by Disney, Fox, and Warner Bros. Discovery, announced its executive team under CEO Pete Distad. Key hires include Brian Borkowski as CMO, Jessica Casano-Antonellis as SVP and head of communications, Tim Connolly as chief business officer, Amit Dudakia as SVP and head of product, Skarpi Hedinsson as CTO, David Hillman as chief legal officer, Gautam Ranji as CFO, and Judy Schwab as SVP and head of people, all bringing extensive experience from major media and tech companies.",Nexttv,0.166349,Somewhat-Bullish
AAPL,2024-06-19,"Nvidia Beats Apple, Microsoft to Become Most Valuable Company On Earth","Nvidia has surpassed Apple and Microsoft to become the world's most valuable company, with its market capitalization reaching $3.34 trillion, driven by explosive growth in the AI sector. The company's stock surge was fueled by an increased presence in the Technology Select Sector SPDR Fund and an optimistic price target from Rosenblatt Securities, highlighting its dominant position in AI chip technology. Nvidia's value has soared nearly tenfold since early 2023, solidifying its lead among the 'Magnificent Seven' technology stocks.",ProPakistani,0.126711,Neutral
AAPL,2024-06-19,Nvidia beats Microsoft to become world's most valuable company,"Nvidia has surpassed Microsoft to become the world's most valuable company with a market capitalization of $3.34tn, driven by its dominance in AI chips. Its stock has nearly doubled this year, reflecting explosive growth fueled by demand for its technology, though some analysts are cautious about future gains amid increasing competition.",BBC,0.419186,Bullish
AAPL,2024-06-19,"Nvidia becomes world’s most valuable company, dethroning Microsoft","Nvidia has dethroned Microsoft to become the world's most valuable company, with its market capitalization reaching $3.335 trillion. The chipmaker's stock price surged by 3.5 percent to $135.58, driven by the strong demand for its GPUs essential for artificial intelligence development. This milestone follows Nvidia's consistent rise, fueled by its dominant market share in AI chips and strategic investments by CEO Jensen Huang.",Al Jazeera,0.33411,Somewhat-Bullish
AAPL,2024-06-19,"To address talent shortage, chipmakers skilling engineering students","Semiconductor companies in India, including Intel India, AMD, Applied Materials, and Tessolve, are actively addressing the industry's talent shortage by partnering with engineering students and academic institutions. They are establishing labs, driving industry-academia collaborations for research in core design and AI training, and sponsoring student research. These initiatives aim to develop fresh talent, build a skilled workforce, and improve diversity within the rapidly growing Indian semiconductor sector, which is projected to more than double by 2026.",The Economic Times,0.359628,Bullish
AAPL,2024-06-20,3 ETFs to Watch as Tech Looks Unlikely to Slow Down,"As the hype around artificial intelligence continues to drive investor interest, the momentum of tech stocks appears set to continue an upward trend. Direxion Investments offers three leveraged ETFs for traders looking to capitalize on this ongoing growth. These ETFs provide exposure to broad technology, AI and big data specifically, and the semiconductor industry, including key players like Nvidia.",ETF Trends,0.383721,Bullish
AAPL,2024-06-20,Insulet fully launches Omnipod 5 with Dexcom G7 in the U.S. along with iPhone app,"Insulet has fully launched its Omnipod 5 automated insulin delivery system with Dexcom G7 continuous glucose monitor integration in the U.S., alongside a limited release of an iPhone app. The company also expanded Omnipod 5 availability in Europe, including France, the UK, and the Netherlands, offering compatibility with various CGM sensors like Dexcom G6 and Abbott FreeStyle Libre 2 Plus. These developments aim to improve access and flexibility for people with Type 1 diabetes globally.",Drug Delivery Business,0.393254,Bullish
AAPL,2024-06-21,"Apple Intelligence won't launch in EU in 2024 due to antitrust regulation, company says","Apple announced that its Apple Intelligence AI product and three other new features will not be launched in the European Union in 2024. This delay is attributed to ""regulatory uncertainties"" stemming from the EU's Digital Markets Act (DMA), which Apple believes could compromise user privacy and data security due to interoperability requirements. Apple stated it would work with the EU to find a solution that allows the features to be rolled out without compromising safety.",CNBC,-0.145975,Neutral
AAPL,2024-06-21,How Nvidia surpassed Microsoft and Apple to become world’s most valuable company,"Nvidia has overtaken Microsoft and Apple to become the world's most valuable company, driven by its critical role in the booming AI market. This surge in market value, exceeding $3.35 trillion, is attributed to the immense demand for its H100 accelerators and its dominant position in providing chips for AI applications. The company's strategic pivot to AI, visionary leadership, and robust R&D investments have been key factors in its spectacular financial growth and market leadership.",Bobsguide,0.339558,Somewhat-Bullish
AAPL,2024-06-21,"Working with Elavon, Delta Adopts Tap to Pay on iPhone for U.S. Flights","Delta Air Lines is implementing Tap to Pay on iPhone for its U.S. flights, in collaboration with processor Elavon Inc. This change allows flight attendants to use their existing iPhones for payment acceptance, eliminating the need for separate point-of-sale devices. Delta has been a long-time client of Elavon, a unit of U.S. Bank, which has over 1.3 million customers.",Digital Transactions,0.250547,Somewhat-Bullish
AAPL,2024-06-23,"IWF Is a Great Choice for Most, But I Like VUG ETF Better","This article compares the iShares Russell 1000 Growth ETF (IWF) and the Vanguard Growth ETF (VUG), both popular growth stock ETFs. While IWF is suitable for most, the author prefers VUG due to its lower expense ratio and historically better returns. The article details their holdings, costs, and performance differences, recommending VUG for investors seeking enhanced growth exposure.",The Globe and Mail,0.18668,Somewhat-Bullish
AAPL,2024-06-24,Apple is first tech company accused of violating EU's new competition law,"The European Union has accused Apple of violating its new Digital Markets Act, making Apple the first tech company to face charges under the law. The investigation focuses on Apple's app store rules, which allegedly hinder developers from directing consumers to alternative purchasing methods. Apple has a chance to respond before a final decision in March 2025, potentially facing fines up to 20% of its global revenue for repeated infringements.",Axios,-0.076316,Neutral
AAPL,2024-06-24,"Collective Audience CEO, Peter Bordes, Appointed to Symitri’s All-Star Board of Digital Tech Executives and Investors","Peter Bordes, CEO of Collective Audience, Inc. (NASDAQ-GM:CAUD), has been appointed to the board of directors of Symitri, a company pioneering integrated privacy firewall and real-time data cleanroom technology for the open web. Bordes, a seasoned entrepreneur and investor with over 30 years of experience, joins other tech executives and investors, Keith Bank and Jeff White, to guide Symitri's mission of balancing open internet advertising with consumer privacy. Symitri's solution enables deterministic identity connections for media buyers and sellers without exposing personal data, aiming to provide a sustainable model for the ad-supported internet.",Yahoo Finance,0.210672,Somewhat-Bullish
AAPL,2024-06-26,"What Exactly Does NVIDIA Do, and Why Should You Care?","This article provides an introduction to NVIDIA, highlighting its transformation from a GPU manufacturer to a systems company offering hardware and an ecosystem for developers. It delves into the factors driving NVIDIA's success, its significant impact on the customer experience market through AI, and key partnerships with companies like Cisco, SAP, and ServiceNow. The piece emphasizes NVIDIA's role in advancing AI for personalized and intelligent customer interactions across various sectors.",CX Today,0.322823,Somewhat-Bullish
AAPL,2024-06-27,A Shakeup for Technology ETFs,"The Technology Select Sector SPDR Fund (XLK) recently underwent a significant rebalance, swapping a large position in Apple for Nvidia. This rebalance highlights the complexities of index rules, particularly the RIC diversification test, and its impact on ETF holdings. The article discusses how passive indexing can sometimes appear active due to various exceptions and weighting methodologies, influencing ETF performance and investor perceptions.",ETF Trends,0.015853,Neutral
AAPL,2024-06-27,The Case for Investing in a Capital Appreciation ETF,"The T. Rowe Price Capital Appreciation ETF (TCAF) has shown rapid growth since its launch in June 2023, accumulating $1.7 billion in assets. This active ETF focuses on U.S. large-cap equities with a bottom-up stock selection approach, seeking attractive valuations and strong management. Managed by award-winning portfolio manager David Giroux, TCAF aims to capitalize on market opportunities through fundamental analysis and may be particularly advantageous in a period of anticipated interest rate divergence.",ETF Trends,0.268946,Somewhat-Bullish
AAPL,2024-06-27,What’s the Secret Sauce in this High-Income Fund?,"The article explores the success of Fidelity Tactical High Income Sr F, managed by Adam Kramer, highlighting its consistent category-beating performance. Kramer attributes the fund's ""secret sauce"" to a flexible mandate across various income-oriented asset classes, the ability to preserve capital in down markets, and skillful matching of bonds and stocks. The fund's strategy involves actively adjusting asset class weightings and leveraging expertise from a specialized team to identify the best risk-reward opportunities across the capital structure.",Morningstar Canada,0.307962,Somewhat-Bullish
AAPL,2024-06-27,Why Blue Chips Are Ripe for Growth Investing,"The article discusses why blue-chip companies are attractive for growth investing, particularly through the Fidelity Blue Chip Growth ETF (FBCG). Sonu Kalra, FBCG's portfolio manager, highlights the compelling time for growth stocks due to an innovation cycle, emphasizing that many large companies are also highly innovative. He details FBCG's strategy of investing in companies with sustainable business models, strong earnings growth, and competitive advantages, focusing on themes like artificial intelligence and health and wellness.",ETF Trends,0.341487,Somewhat-Bullish
AAPL,2024-06-28,"Fumble! Your Favorite NFL Team Is On The Hook For $450 Million In Sunday Ticket Lawsuit, 1.76x More Than Player Pay In 2024","A federal jury has ruled that the NFL must pay between $4.7 billion and $14.4 billion in damages due to a class-action lawsuit over anticompetitive practices related to the Sunday Ticket television package. If the maximum amount is upheld, each of the 32 NFL teams would be liable for approximately $450 million, an amount significantly higher than their 2024 player salaries. The NFL plans to appeal the verdict.",Sahm,0.08424,Neutral
AAPL,2024-06-28,How Global Regulators Are Catching Up With Temu,"Global regulators, lawmakers, and consumers are increasingly scrutinizing Temu's e-commerce platform due to concerns about its data collection practices. Arkansas has filed a lawsuit alleging the app functions as malware and spyware, while previous class-action suits and congressional inquiries raised similar issues. Internationally, Temu faces investigations in Indonesia for violating direct-to-consumer regulations, in South Korea for inappropriate sales, and has been designated a Very Large Online Platform under the EU's Digital Services Act due to manipulative practices and product risks.",The Fashion Law,-0.241805,Somewhat-Bearish
AAPL,2024-06-28,Simon Property Group adds nine retailers to South Shore Plaza,"Simon Property Group's South Shore Plaza in Braintree, MA, is expanding its retail and dining offerings with nine new tenants, including the first New England location for Savage x Fenty. Other notable additions include Uniqlo, Akira, Box Lunch, Golf Lounge 18, Earthbound Trading, Turmeric House, and Pho & Dough, alongside an expanded Apple Store. These new arrivals aim to diversify choices and enhance the overall shopping experience for customers.",NEREJ,0.192988,Somewhat-Bullish
AAPL,2024-06-30,Sonos Ace Headphones Review,"The Sonos Ace headphones mark Sonos's entry into the premium wireless over-ear headphone market, offering a sleek design, impressive sound quality, and active noise cancellation. While they excel in comfort, battery life, and integration with the Sonos Arc soundbar for TV audio, their broader ecosystem integration is limited, and noise cancellation isn't best-in-class compared to competitors like Sony and Bose. Despite some areas for improvement, they represent a strong first offering for Sonos, particularly for users within their ecosystem.",Comics Gaming Magazine,0.294827,Somewhat-Bullish
AAPL,2024-07-01,Active investing is suited to the uncertain markets ahead,"The article argues that changing market conditions, characterized by higher rates, greater dispersion, and heightened volatility, will favor active investing over passive strategies. While passive investing saw significant growth in recent decades, primarily due to low interest rates and index concentration, narrowing fee gaps and the rise of active ETFs suggest a shift in the investment landscape. Active managers with strong research capabilities are expected to thrive by identifying opportunities in a more discerning market.",T. Rowe Price,0.210817,Somewhat-Bullish
AAPL,2024-07-01,The Best Satellite Messengers for Traveling Off-the-Grid,"This article reviews the best satellite messengers for off-grid travel, highlighting devices like the Garmin inReach Mini 2, Somewear Labs Global Hotspot, and ACR Bivy Stick. It discusses features, pricing, subscription plans, and the evolving accessibility of these devices for various types of adventurers. The piece also touches on using existing technology like Apple's Emergency SOS via satellite and emphasizes the importance of reliable communication in the wilderness.",WIRED,0.341666,Somewhat-Bullish
AAPL,2024-07-01,"The robots are coming: GXO Logistics, operator of warehouses in the region, starts using humanoids","GXO Logistics is deploying ""Digit"" humanoid robots from Agility Robotics in its warehouses for repetitive tasks like moving totes. This initiative, referred to as ""Robots-as-a-Service,"" aims to augment the human workforce and addresses the growing automation trend in the warehouse industry. GXO, which manages logistics for companies including Apple and Nike, is exploring additional use cases for the bipedal robots.",WFMZ.com,0.249295,Somewhat-Bullish
AAPL,2024-07-02,Affirm Card Users' Data Compromised in Evolve Bank Cybersecurity Breach: Report,"Affirm Holdings Inc. announced that personal information of its card users was compromised due to a cybersecurity incident at Evolve Bank and Trust, a third-party issuer of Affirm cards. While Evolve Bank confirmed the breach and is investigating with law enforcement, Affirm's own systems remained uncompromised, allowing cardholders to continue using their cards. Affirm has also launched its independent investigation into the incident.",Yahoo Finance,0.023127,Neutral
AAPL,2024-07-05,Better Chip Stock: Arm Holdings vs. Intel,"This article compares Arm Holdings and Intel, two major chipmakers. Arm, dominating mobile CPU design, has seen significant stock growth due to its flexible approach and expansion into cloud and auto markets, despite a high valuation. Intel, a major PC and server CPU producer, has struggled with manufacturing delays and competition, leading to a stock decline, though analysts expect some recovery. The author concludes that Arm is the better buy due to its faster growth, wider market moat, and higher-margin business.",Yahoo Finance,0.085261,Neutral
AAPL,2024-07-05,Headphones maker Koss Corp. continues to ride latest meme-stock craze,"Koss Corp. stock surged more than 250% this past holiday week, with over 100 million shares traded, as speculators reignited interest in the Milwaukee-based stereo headphone company as a ""meme stock."" The company's headquarters are located on Milwaukee's north side. This event marks another instance of Koss Corp. being caught in ""meme mania.""",The Business Journals,0.289225,Somewhat-Bullish
AAPL,2024-07-06,"SPYG: S&P 500 Growth Stocks Are Pricey, But Still Worth It (NYSEARCA:SPYG)","The SPDR S&P 500 Growth ETF (SPYG) tracks the S&P 500 Growth Index, focusing on stocks with strong sales and earnings growth, price momentum, and high valuations. Despite historical underperformance compared to some peers due to its price momentum screen, the author anticipates continued outperformance for SPYG, assigning it a ""buy"" rating. This outlook is based on competitive growth rates, slightly below-average valuations, and strong Wall Street sentiment, especially after the upcoming rebalancing.",Seeking Alpha,0.371936,Bullish
AAPL,2024-07-08,"Apple may start iPad production in India, AirPod charging cases at Jabil facility in Pune, says report","Apple is reportedly considering starting iPad production in India under the country's PLI scheme, after issues with previous plans in China. The tech giant also aims to increase the local production of parts for AirPod wireless charging cases and potentially laptops and desktops, partnering with Jabil Inc. or Foxconn. India is increasingly becoming a significant manufacturing hub for Apple, with plans to produce a quarter of all iPhones in the country within the next few years.",mint,0.17285,Somewhat-Bullish
AAPL,2024-07-08,Corning raises second-quarter core sales forecast driven by AI boom,"Corning raised its second-quarter core sales forecast to about $3.6 billion, up from an earlier estimate of $3.4 billion, due to surging demand for its fiber optic products driven by the adoption of generative AI technology. The company's fiber optic solutions are crucial for hyperscale data centers that require high-capacity cables to transmit large amounts of data for AI systems. Corning's shares rose more than 9% following the announcement.",Reuters,0.291611,Somewhat-Bullish
AAPL,2024-07-08,"Skydance, Paramount Global Agree on Deal; David Ellison, Jeff Shell to Lead ‘New Paramount’","Skydance Media and Paramount Global have announced an $8 billion merger agreement that will result in Skydance acquiring Paramount Global. David Ellison of Skydance will become CEO and chairman of the newly formed ""New Paramount,"" with former NBCUniversal CEO Jeff Shell serving as president. The deal involves Skydance and its investor group acquiring National Amusements Inc. for $2.4 billion and injecting an additional $6 billion into Paramount Global, subject to regulatory approval.",Media Play News,0.204373,Somewhat-Bullish
AAPL,2024-07-09,Revisiting Hong Kong: Optimism Still Improving Even As Rally Gets Tested,"This article discusses the improving investor optimism in Hong Kong despite a recent pullback in the market rally. It highlights several factors contributing to this optimism, including strong 6.18 e-commerce sales, a more favorable tone from Chinese leaders towards foreign business, anticipated stimulus measures from the ""Third Plenum,"" increased stock buybacks and dividends by Chinese firms, and growing mainland investor interest in Hong Kong stocks, especially internet stocks. The author suggests that Hong Kong-listed internet companies are particularly attractive due to their strong fundamentals and potential catalysts.",KraneShares,0.404116,Bullish
AAPL,2024-07-09,Salesforce and other software stocks are expected to bounce back in a big way,"Despite a strong rally in the S&P 500 and its information technology sector this year, some software companies like Salesforce and Adobe have lagged behind. Analysts foresee a significant rebound for these underperforming software stocks, with Salesforce projected to have a 14% upside and Adobe a 5% upside over the next 12 months. This presents potential buying opportunities for investors looking for bargains in the tech sector.",MarketWatch,0.189696,Somewhat-Bullish
AAPL,2024-07-09,What broadening rally? AI stocks dominate US market again in Q2,"AI stocks, particularly a select group of major tech companies, continued to dominate the US market rally in Q2 2024, contributing almost all of the Morningstar US Market Index's gains. This concentration of returns in AI-related large-cap growth stocks, led by Nvidia and Apple, indicates that the anticipated broadening of the stock market rally has not yet occurred. Other sectors and smaller capitalization stocks either showed minimal gains or detracted from overall market performance, while some AI-adjacent companies like Intel and Salesforce experienced significant drops.",Morningstar,0.413056,Bullish
AAPL,2024-07-10,Apple Aims to Ship 10% More New iPhones This Year After Bumpy 2023,"Apple is targeting a 10% increase in new iPhone shipments this year, aiming for at least 90 million iPhone 16 devices. The company is banking on new AI services to boost demand after a challenging 2023, where it shipped about 81 million iPhone 15s in the latter half. This aggressive goal suggests Apple anticipates a stronger sales performance driven by AI features, despite competitive pressures.",Bloomberg.com,0.174052,Somewhat-Bullish
AAPL,2024-07-10,Best Metaverse ETFs,"This article provides a comprehensive comparison of the best Metaverse ETFs available for investors looking to gain exposure to the growing Metaverse market. It details five key ETFs: Roundhill Ball Metaverse ETF (METV), Fount Metaverse ETF (MTVR), Evolve Metaverse ETF (MESH), Horizons Global Metaverse Index ETF (MTAV), and First Trust Indxx Metaverse ETF (ARVR), outlining their objectives, holdings, fees, and accessibility. The article also addresses the potential of the Metaverse market, its recent hype, and the considerations for investing in Metaverse ETFs, including growth potential and associated risks.",Dr Wealth,0.208689,Somewhat-Bullish
AAPL,2024-07-11,"Staples Canada Leads Back to School 2024 with Trends, Insights and Savings","Staples Canada has launched its 2024 Back to School campaign, offering deals and insights based on a national survey of parents. The study highlights that parents prefer in-store shopping for efficiency, seek savings on tech, and show increased comfort with AI tools for schoolwork when school-approved. Staples is rolling out ""Red Dot Savings,"" price matching, financing, new AI-enabled tech, wireless solutions, and exclusive product lines like Pep Rally, alongside in-store experiences like the ""Backpack Challenge"" AR game.",MultiVu,0.244853,Somewhat-Bullish
AAPL,2024-07-11,Value investors cooling their heels as growth stocks stay hot,"Value investors are patiently waiting for growth stocks to cool down, even as growth stocks continue their massive run-up. Experts like Christopher Davis and Daniel Lash discuss the misconceptions about value investing, the impact of passive investing, and the cyclical nature of market performance, anticipating that value stocks will eventually regain favor due to lower P/E ratios and higher dividends. Despite recent underperformance compared to growth, value investors believe their approach offers an advantage, especially during challenging market decades.",InvestmentNews,0.285232,Somewhat-Bullish
AAPL,2024-07-12,Apple Intelligence Strategy: AI Impact on Enterprises,"Apple Inc. recently unveiled its ""Apple Intelligence"" strategy, a hybrid AI model that primarily processes tasks on devices with encrypted cloud exchanges for complex workloads. This initiative is expected to bring productivity gains for enterprises through AI functionality integrated into operating systems and apps, though it may necessitate expensive device upgrades. Apple is also integrating OpenAI's ChatGPT and focusing on privacy with its Private Cloud Compute, aiming to differentiate itself in the competitive AI landscape.",SiliconANGLE,0.154269,Somewhat-Bullish
AAPL,2024-07-14,BTCZ Stock Price | T-Rex 2X Inverse Bitcoin Daily Target ETF,"This article provides details on the T-Rex 2X Inverse Bitcoin Daily Target ETF (BTCZ), including its current stock price of 5.28, key statistics, and performance metrics. It lists the ETF's trading on the NYSE and outlines its investment strategy, which involves leveraging derivatives to implement a short strategy in Bitcoin. Additionally, it offers historical data, dividend information, and technical analysis perspectives for potential investors.",Investing.com,-0.21634,Somewhat-Bearish
AAPL,2024-07-15,AES Corp (AES) August 16 puts purchased as share price down 9.5%,"AES Corp (NYSE: AES) saw significant options activity with 3500 contracts of August 16 puts purchased for 40c as its share price dropped 9.5%. The company's 30-day implied volatility is at 42, within its 52-week range of 25 to 87. This trading action suggests increased bearish sentiment or hedging activity around AES.",StreetInsider,0.10408,Neutral
AAPL,2024-07-15,"Buffett's Berkshire Hathaway sets, closes at record high","Berkshire Hathaway's Class A share price reached a new record high on Monday, closing up 2.1% at $652,997.17, reflecting strong investor confidence in Warren Buffett's company. The company's market value rose to approximately $937 billion, and its shares have gained 20% this year, outperforming the S&P 500. This milestone occurred despite a previous glitch on June 3 that erroneously showed an even higher record price.",Reuters,0.161312,Somewhat-Bullish
AAPL,2024-07-16,Apple at all-time high after Morgan Stanley calls stock 'top pick' for AI efforts,"Apple's shares reached a record high after Morgan Stanley named the stock a ""top pick,"" citing the company's AI efforts as a significant boost to device sales. The investment bank raised its price target for Apple to $273 from $216, anticipating nearly 500 million iPhone sales over the next two years due to demand for its new Apple Intelligence features. This move positions Apple to capitalize on the growing interest in GenAI-enabled smartphones, even as its market share slightly declined.",Reuters,0.248235,Somewhat-Bullish
AAPL,2024-07-16,Imax Expands Saudi Arabia Footprint In Pact With Big Exhibitor Muvi Cinemas,"Imax has partnered with Muvi Cinemas, Saudi Arabia’s largest exhibitor, to open four new Imax With Laser locations, including two in Riyadh, one in Jeddah, and the first in Dhahran. Three of these locations are set to open by the end of 2024, with the fourth in 2025. This deal significantly expands Imax's presence in the country, which has been a strong market for both Hollywood and international films.",Deadline,0.216798,Somewhat-Bullish
AAPL,2024-07-16,Production Begins for New Plug & Play Recessed Light,"SKYX Platforms Corp. has announced the start of production for its new patented smart Plug & Play recessed light, aiming to revolutionize the smart home market and the multi-billion-unit global recessed light industry. This innovation, protected by patents in multiple key countries, offers a safer and more efficient installation process, controllable via various smart home systems. With bullish analyst ratings and strategic partnerships, SKYX is positioned to capitalize on the rapidly expanding smart home technology and recessed lighting markets.",Streetwise Reports,0.272452,Somewhat-Bullish
AAPL,2024-07-16,The AI Revolution Continues,"This article examines the ongoing AI revolution through the lens of WisdomTree's AI & Innovation Fund (WTAI) and U.S. Quality Growth Fund (QGRW), highlighting investor behavior and performance attribution within the sector. It specifically focuses on the sustainability of Nvidia's share price given its significant exposure in QGRW, contrasting it with WTAI's broader AI company base. Potential market catalysts for the latter half of 2024 include new AI hardware and potential interest rate cuts.",Seeking Alpha,0.210224,Somewhat-Bullish
AAPL,2024-07-17,Deal for “high-performance” batteries signed for mystery Mixed Reality leader,"Battery manufacturer Enovix has signed a deal to supply high-performance batteries to a ""clear leader in the mixed reality market"" based in California. This mysterious client is speculated to be either Apple, potentially for a future Vision Pro model, or Meta, possibly for the rumored Meta Quest 3S. The deal aims to address the generally poor battery life of current mixed reality headsets, a significant issue for immersive devices.",PhoneArena,0.303824,Somewhat-Bullish
AAPL,2024-07-18,Can Value Stocks Really Make a Comeback?,"After lagging behind for months, value stocks recently surged ahead of growth stocks, prompting questions about a potential comeback. While some analysts believe value stocks could remain strong due to factors like anticipated Fed rate cuts and their current undervaluation, others remain confident in the continued dominance of AI-driven growth stocks. The article explores the arguments for large-cap value stocks, emphasizes the importance of distinguishing between cyclical and non-cyclical value companies, and highlights their dividend appeal as a defensive play.",Morningstar,-0.144779,Neutral
AAPL,2024-07-18,TSMC second-quarter profit beats expectations as AI chip boom continues,"TSMC reported better-than-expected revenue and profit in Q2 2024, driven by surging demand for advanced AI chips. The company's 3-nanometer and 5-nanometer technologies contributed significantly to its performance, with demand for AI applications expected to keep supply tight through 2025. TSMC projects continued strong growth for the remainder of 2024 and plans to narrow its capital budget to $30 billion to $32 billion, focusing on advanced technologies.",CNBC,0.51315,Bullish
AAPL,2024-07-19,GoPlay Chinese - Kids Games by iHuman Inc.,"GoPlay Chinese is an educational app by iHuman Inc. designed to make learning Chinese fun and engaging for children. It offers a comprehensive learning system packed with games, videos, activities, and books to develop listening, speaking, reading, and writing skills. The app boasts over 500 unique games, animated videos, daily speaking activities with instant feedback, exciting storybooks, and interactive characters, having helped more than 20 million children learn Chinese.",AppAdvice,0.168144,Somewhat-Bullish
AAPL,2024-07-22,Rumor: Is Apple Plotting a Sound United Buyout From Masimo?,"A rumor suggests Apple Inc. might be plotting to acquire Masimo Consumer's audio properties, which include brands like B&W, Denon, and Marantz. This potential buyout emerges amid a tense proxy war on Masimo's board between its founder/CEO Joe Kiani and activist investors, with some suggesting Apple could even be behind the internal strife. The article explores the history between Apple and Masimo, the implications of such an acquisition for the hi-fi audio market, and potential upsides if Apple allows the acquired brands to operate independently.",Audioholics,0.07051,Neutral
AAPL,2024-07-23,Credit Card Prequalification Gives Control to the Consumers -...,"The article discusses the increasing trend of credit card prequalification tools, which empower consumers by allowing them to check approval odds without a hard credit pull. These tools, offered by major issuers like Apple, Goldman Sachs, American Express, and Capital One, benefit both consumers by preventing wasted credit inquiries and issuers by reducing unqualified applications and maintaining brand favorability. Comscore data shows significant growth in the use of these tools, accounting for a substantial portion of digital credit card applications.",comScore,0.213127,Somewhat-Bullish
AAPL,2024-07-23,Impact of Microsoft Copilot+ Recall on corporate cybersecurity,"Microsoft's Copilot+ Recall feature, which continuously captures screenshots and extracts information, poses significant cybersecurity risks for corporations, particularly regarding data retention and potential exfiltration. Despite Microsoft's revisions and delays, competitors like Apple and Google are developing similar AI-driven visual assistants, necessitating that IT and cybersecurity teams implement conservative policies and control measures. The article recommends a strategic approach, including policy creation, blocking spontaneous AI activation, and pilot programs to assess the benefits against the risks of these emerging technologies.",Kaspersky,-0.036396,Neutral
AAPL,2024-07-24,"Data Center Market size is set to grow by USD 434.8 billionn from 2024-2028, Rise in adoption of multi-cloud and network upgrades to support 5G to boost the market growth, Technavio","The global data center market is projected to grow by USD 434.8 billion from 2024-2028, driven by the increasing adoption of multi-cloud strategies and network upgrades for 5G support. This growth is also fueled by the implementation of AI for enhanced energy efficiency and automation in data centers, despite challenges such as cybersecurity issues. Technavio's report highlights key segments including IT infrastructure, power management, mechanical construction, general construction, and security solutions, with significant growth expected across North America, APAC, Europe, South America, and the Middle East and Africa.",PR Newswire,0.372469,Bullish
AAPL,2024-07-24,This Vanguard ETF Is Tumbling as Big Tech Stocks Sink,"The article discusses how a Vanguard ETF is experiencing a downturn due to the recent struggles of major technology stocks, specifically referencing the ""Magnificent Seven."" The author suggests that the market for tech investors is becoming more volatile.",Barron's,-0.433457,Bearish
AAPL,2024-07-25,Apple Vision Pro Launches New Lake-Setting Environment For Digital Crown VR,"Apple Vision Pro has enhanced its Digital Crown virtual reality feature by introducing a new lake-setting environment, featuring Norway's Lake Vrangla. This new environment offers a serene foggy view, a calming sunset scene, and reflective water for displayed videos. Apple also announced visionOS 2 will add a Bora Bora environment later this year, transforming 2D images into 3D.",TradingView: siga todos los mercados,-0.316502,Somewhat-Bearish
AAPL,2024-07-25,Check out OneStream's stock price (OS) in real time,"OneStream Inc. (OS) stock closed at $17.74, down 1.77%, with its 52-week range between $16.51 and $31.61. The company, which provides an AI-enabled Digital Finance Cloud platform, has a market cap of $4.325 billion. Recent news includes analyst calls and a CFO transition plan.",CNBC,0.138401,Neutral
AAPL,2024-07-26,"Apple signs on to voluntary US scheme to manage AI risks, White House says","Apple Inc. has joined President Joe Biden's voluntary commitments for artificial intelligence, becoming the 16th company to agree to manage AI risks. These commitments aim to ensure that AI's power is not used for destructive purposes. Other major firms like Google, Microsoft, Adobe, IBM, and Nvidia had previously signed on to the scheme.",Reuters,0.17582,Somewhat-Bullish
AAPL,2024-07-26,US to award Amkor up to $400 million for chip packaging plant,"The U.S. Commerce Department plans to award Amkor Technology up to $400 million in grants to fund its $2 billion advanced semiconductor packaging facility in Arizona. This plant will be the largest of its kind in the U.S., with Apple as its first major customer for chips refined at a nearby TSMC facility. The award is part of a larger $39-billion subsidy program aimed at boosting U.S. semiconductor manufacturing and addressing the growing demand for AI chips.",Reuters,0.321613,Somewhat-Bullish
AAPL,2024-07-29,Amkor scores $400M in CHIPS funding,"Amkor Technology Inc. has been offered up to $400 million in direct funding and $200 million in loans under the CHIPS and Science Act for its new $2 billion semiconductor assembly and test facility in Peoria, Arizona. This facility, which will be Amkor's first in the U.S., is set to package and test chips for Taiwan Semiconductor Manufacturing Co. (TSMC), with Apple as its primary customer. The investment aims to boost domestic semiconductor manufacturing, address the shortage of 2.5D advanced packaging capacity crucial for AI chips, and create approximately 2,000 jobs.",Manufacturing Dive,0.410315,Bullish
AAPL,2024-07-29,Integrate Generative AI into OpenUSD Workflows Using New NVIDIA Omniverse Developer Tools,"NVIDIA introduced new USD-based generative AI and NVIDIA-accelerated development tools at SIGGRAPH 2024 to enhance OpenUSD adoption across various industries like robotics and industrial design. These new NVIDIA NIM USD microservices, including USD Code, USD Search, and USD Validate, integrate generative AI into 3D workflows, allowing developers to create highly accurate virtual worlds. Companies such as WPP, HOMEE AI, and Livvy by Aireal are already leveraging these tools to accelerate creative campaigns, improve intelligent search, and develop AI-powered solutions for sectors like interior design.",NVIDIA Developer,0.317101,Somewhat-Bullish
AAPL,2024-07-29,NVIDIA Accelerates Humanoid Robotics Development,"NVIDIA is expanding its support for humanoid robotics development by offering new services, models, and computing platforms. Key offerings include NVIDIA NIM microservices for robot simulation and learning, the NVIDIA OSMO orchestration service, and an AI- and simulation-enabled teleoperation workflow to train robots with minimal human demonstration data. These tools aim to accelerate the development, training, and building of the next generation of humanoid robots globally.",NVIDIA Newsroom,0.370308,Bullish
AAPL,2024-07-29,"NVIDIA Announces Generative AI Models and NIM Microservices for OpenUSD Language, Geometry, Physics and Materials","NVIDIA has unveiled significant advancements to OpenUSD, introducing generative AI models and NIM microservices to expand its adoption across robotics, industrial design, and engineering. These new services aim to accelerate the development of highly accurate virtual worlds and digital twins by enabling AI models to generate OpenUSD language, Python code, apply materials to 3D objects, and understand 3D space and physics. Collaborations with companies like Foxconn, WPP, and Siemens are already leveraging these technologies to enhance manufacturing, marketing, and industrial simulation workflows.",NVIDIA Newsroom,0.32261,Somewhat-Bullish
AAPL,2024-07-29,"[News] TSMC’s N3 Process Fuels High Demand, as Supply Chain Expected to Boom Through Next Year","TSMC's 3nm advanced process is experiencing strong demand from major tech companies like Apple, Qualcomm, NVIDIA, and AMD, with capacity fully booked well into 2025. This high demand is expected to significantly benefit TSMC's 3nm supply chain companies, including Gudeng Precision Industrial, KINIK Company, Solar Applied Materials Technology Corp, YEEDEX, and GreenFiltec, through next year. Wafer prices for these advanced processes are projected to see double-digit percentage increases by 2025.",TrendForce,0.261905,Somewhat-Bullish
AAPL,2024-07-30,"Buffett cuts Bank of America stake, sales top $3 bln","Warren Buffett's Berkshire Hathaway has sold over $3 billion worth of Bank of America shares in July, reducing its stake by 6.9%. This move follows a significant run-up in Bank of America's stock price and comes despite Buffett's previous praise for CEO Brian Moynihan. Berkshire Hathaway remains Bank of America's largest shareholder.",Reuters,-0.247456,Somewhat-Bearish
AAPL,2024-07-31,The Apple of One Business Reporter’s Eye (Published 2024),"Tripp Mickle, a business reporter for The New York Times, covers Apple and more recently Nvidia, detailing how his beat has evolved to focus on the tech industry's thematic changes, from regulatory scrutiny to the rise of A.I. Since 2022, Mickle has reported on key Apple developments like the Vision Pro, AI initiatives, and the ongoing antitrust case. He shares insights into his career path and the unique challenges of covering a secretive company like Apple.",The New York Times,0.111087,Neutral
AAPL,2024-08-01,IVV ETF or VAS ETF: Where should I invest?,"This article compares two popular ETFs, the Vanguard Australian Shares Index ETF (VAS) and the iShares S&P 500 ETF (IVV), for Australian investors. While IVV has outperformed VAS significantly over the past five to ten years due to the surge in American tech giants, the author argues for a balanced approach, suggesting an equal allocation to both ETFs. This strategy would create a diversified portfolio blending IVV's growth-oriented, tech-heavy exposure with VAS's income-focused, Australian banking and mining tilt.",The Motley Fool Australia,0.277009,Somewhat-Bullish
AAPL,2024-08-02,"Apple Beats on Q3 Earnings, Pins Hopes on AI: ETFs to Buy","Apple Inc. reported strong Q3 fiscal 2024 results, surpassing both earnings and revenue estimates and returning to revenue growth. The company is strategically focusing on AI for future iPhone upgrades, particularly with the upcoming iPhone 16 expected to feature an AI chip. Investors interested in Apple's AI strategy can consider several ETFs with significant allocations to Apple, including Vanguard Information Technology ETF (VGT), MSCI Information Technology Index ETF (FTEC), and iShares US Technology ETF (IYW), all of which hold strong Zacks ETF Ranks.",TradingView,0.360853,Bullish
AAPL,2024-08-02,"Arca Biopharma plans to sell off tech, IP as part of Oruka merger","Arca Biopharma Inc. intends to divest assets related to its drug-discovery technology and intellectual property. This divestiture is a component of its anticipated reverse merger with Oruka Therapeutics Inc. The article is subscriber-only, limiting further details.",BizWest,0.213433,Somewhat-Bullish
AAPL,2024-08-02,"August 2024: Bitcoin, the Dollar, and Fed Rate Cuts","In August 2024, crypto valuations softened, with Bitcoin outperforming Ethereum amidst broader market volatility. Fed Chair Powell's signals of impending rate cuts, combined with a weakening U.S. Dollar, are viewed as positive for Bitcoin's valuation due to its role as an alternative store of value. Ethereum's underperformance is attributed to speculative positioning and uncertainties surrounding its Layer 2 scaling strategy, despite increased activity on these networks.",Grayscale,0.149989,Neutral
AAPL,2024-08-05,The 3 Best 6G Stocks to Buy in August 2024,"This article identifies InterDigital (IDCC), SK Telecom (SKM), and Apple (AAPL) as the top three 6G stocks to consider buying in August 2024. It highlights 6G technology's potential for ultra-high speeds and near-instantaneous response times, projecting significant market growth. The piece details each company's relevance to 6G development and their strong financial performance, making them attractive investments in the burgeoning 6G market.",InvestorPlace,0.323208,Somewhat-Bullish
AAPL,2024-08-06,Should You Invest in the Fidelity MSCI Information Technology Index ETF (FTEC)?,"This article evaluates the Fidelity MSCI Information Technology Index ETF (FTEC) as an investment option. It details FTEC's passive management, low expense ratio, top holdings like Apple and Microsoft, and strong performance, recommending it as a ""Strong Buy"" for investors seeking exposure to the Technology ETFs segment.",Nasdaq,0.363801,Bullish
AAPL,2024-08-06,"Xtrackers Artificial Intelligence and Big Data ETF ETF Price, Holdings, & News (NASDAQ:XAIX)","The Xtrackers Artificial Intelligence and Big Data ETF (XAIX) tracks a market-cap weighted index of companies engaged in artificial intelligence and big data, having launched on August 2, 2024. As of February 27, 2026, the ETF was trading at $42.58, representing a slight decrease from its January 1, 2026 price, and holds approximately $112.13 million in assets under management. Key holdings within the ETF include major tech companies like Alphabet, Apple, Samsung, Palantir Technologies, and NVIDIA.",MarketBeat,0.153633,Somewhat-Bullish
AAPL,2024-08-09,Apple’s satcom partner Globalstar says keen on India entry,"Apple's satellite communication partner Globalstar is looking to enter the Indian market, submitting plans to set up a wholly-owned subsidiary and an earth station gateway. The company, which provides emergency connectivity for iPhones, aims to acquire a GMPCS authorization and regulatory approvals, joining other firms like Eutelsat OneWeb and Orbit Connect India in seeking to offer satellite broadband services in the country. Globalstar views India as a significant, untapped market for its services.",The Economic Times,0.377331,Bullish
AAPL,2024-08-09,Design Patents Claiming Component Parts of a Larger Product Are Not Inherently Invalid,"A recent federal court decision clarified that design patents covering component parts of a larger product are not inherently invalid. This ruling, stemming from a case between LKQ Corporation and General Motors, found that ""article of manufacture"" in patent law encompasses both complete products and their individual components, aligning validity interpretations with existing damages precedents. The decision enables practitioners to pursue design patents on novel ornamental features of an article separately, offering enhanced intellectual property protection and potentially larger damage awards.",ArentFox Schiff,0.0752,Neutral
AAPL,2024-08-09,Should Vanguard Russell 1000 Growth ETF (VONG) Be on Your Investing Radar?,"This article examines the Vanguard Russell 1000 Growth ETF (VONG), a passively managed ETF focusing on large-cap US growth stocks. It highlights VONG's low expense ratio, significant exposure to the Information Technology sector, and strong performance over the past year. The piece also compares VONG to alternative ETFs like VUG and QQQ, making a case for VONG as an excellent option for investors targeting the Large Cap Growth segment.",Nasdaq,0.362902,Bullish
AAPL,2024-08-10,VFQY: A Diversified But Underperforming Quality ETF,"The Vanguard U.S. Quality Factor ETF (VFQY) offers a diversified portfolio across market cap categories but has underperformed the broader market and other quality ETFs. Despite having attractive valuations and a unique screening model, VFQY exhibits higher volatility and has not delivered superior returns. The ETF resembles a value fund due to its low price/earnings ratio.",Seeking Alpha,-0.095608,Neutral
AAPL,2024-08-12,3 Principal Financial Group Mutual Fund for Strong Returns,"This article recommends three Principal Financial Group mutual funds for strong returns, emphasizing their sustainable investing approach and favorable Zacks Mutual Fund Ranks. It details each fund's investment strategy, top holdings, annualized returns, and expense ratios, suggesting them as judicious long-term investment options.",Nasdaq,0.349842,Somewhat-Bullish
AAPL,2024-08-13,"Apple Stock Is Gaining Momentum, Is AAPL Stock a Buy?","Apple's stock (AAPL) is showing renewed momentum after lagging the broader market for much of the year, driven by strong Q3 performance and an expanded U.S. investment to ease tariff concerns. Despite macro challenges, Apple's product demand and services business are robust, yet analysts maintain a ""Moderate Buy"" rating due to the stock's current valuation reflecting much of the positive outlook. The company's strategic balancing act between U.S. manufacturing and its global supply chain, coupled with solid growth in iPhone, Mac, and services, positions it well, although trade tensions could still impact margins.",Barchart.com,0.173599,Somewhat-Bullish
AAPL,2024-08-13,Growth Beats Yield at This T. Rowe Price Mutual Fund,"The T. Rowe Price Dividend Growth Fund (PRDGX) has lagged the S&P 500 over the past year due to its focus on dividend-growing companies rather than the mega-cap tech stocks that have driven market gains. Manager Tom Huber prioritizes companies with increasing dividends over high yields, anticipating a shift in investor attention towards dividend stocks as interest rates are expected to fall. He is currently investing in discounted sectors like consumer staples, energy, and healthcare.",Kiplinger,-0.102143,Neutral
AAPL,2024-08-15,Apple Card named best in customer satisfaction among co-branded credit cards with no annual fee by J.D. Power,"Apple Card and its issuer Goldman Sachs have been recognized by J.D. Power as the best co-branded credit card for customer satisfaction with no annual fee for the fourth consecutive year. The J.D. Power 2024 U.S. Credit Card Satisfaction Study assessed factors such as Account Management, Customer Service, and New Account Experience. Apple Card, introduced in 2019, emphasizes financial health with no fees, Daily Cash rewards, Apple Card Family sharing, and an integrated Savings account option with Goldman Sachs Bank.",Apple,0.760915,Bullish
AAPL,2024-08-15,Berkshire Hathaway Takes Stake in Ulta Beauty,"Berkshire Hathaway Inc. acquired new stakes in Ulta Beauty Inc. and Heico Corp. during the second quarter, allocating approximately $227 million to Ulta shares and $247 million to Heico shares. This comes amidst a broader selling spree where Berkshire significantly reduced its Apple Inc. holdings and increased its record cash pile to $276.9 billion. Ulta's stock surged 12 percent following the news.",The Business of Fashion,-0.091731,Neutral
AAPL,2024-08-15,"Berkshire invests in Ulta Beauty, Heico as it retreats from Apple","Warren Buffett's Berkshire Hathaway acquired stakes in Ulta Beauty and aircraft parts maker Heico during the second quarter of 2024, while significantly reducing its holdings in Apple. The company sold $77.2 billion in stocks during this period, including 390 million Apple shares, and bought only $1.6 billion, leading to a substantial increase in its cash reserves. Despite the large sale, Buffett still expects Apple to remain Berkshire's largest stock holding by year-end.",Reuters,0.04146,Neutral
AAPL,2024-08-15,IUSG: A Growth ETF With An Impressive 12% IRR Potential (NASDAQ:IUSG),"The iShares Core S&P U.S. Growth ETF (IUSG) aims to replicate the S&P 900 Growth Index, holding 483 constituents and managing $18.6 billion in assets. Despite its recent underperformance compared to the S&P 500, the ETF boasts a low expense ratio and bid/ask spread. Its current portfolio, heavily weighted in tech giants like Apple, Microsoft, and Amazon, suggests a potential internal rate of return exceeding 12%, though this concentration also introduces higher risk.",Seeking Alpha,0.351156,Bullish
AAPL,2024-08-15,Kosciusko County Court News,"This article provides a comprehensive list of legal proceedings in Kosciusko County, including small claims, civil collections, evictions, plenaries, and civil torts, with specific monetary awards and details for each case. It also lists fines for various infractions, marriage licenses issued, and marriage dissolutions filed, offering a snapshot of recent court activities in the county.",InkFreeNews.com,0.068269,Neutral
AAPL,2024-08-15,"Warren Buffett Still Holds 400M Apple Shares, Reveals New Investments In Ulta Beauty And Heico — Elon Musk Calls Berkshire Hathaway's $277B Cash Reserves 'Wild'","Warren Buffett's Berkshire Hathaway Inc. significantly reduced its Apple Inc. holdings in Q2, selling over 389 million shares while still retaining 400 million. The company also disclosed new investments in Ulta Beauty and Heico, along with adjustments to other positions, leading Elon Musk to comment on Berkshire's substantial $277 billion cash reserves. These moves come amid a period where Berkshire's stock has performed well year-to-date, despite a decline in Q2 net earnings.",Yahoo Finance,0.130617,Neutral
AAPL,2024-08-16,A Record 8.5% of U.S. Homes Are Worth $1 Million or More,"A record 8.5% of U.S. homes, totaling over 8 million, are now valued at $1 million or more, an increase from 7.6% a year ago and more than double the pre-pandemic share of 4%. This surge is driven by historically low housing inventory and rising home prices, even amidst high mortgage rates that dampen demand. While this benefits homeowners, it presents significant affordability challenges for prospective buyers, especially in high-cost areas like California metros.",Redfin,0.166224,Somewhat-Bullish
AAPL,2024-08-16,"Big XR News from Meta, Vuzix, Pico, Apple","The XR industry is abuzz with upcoming hardware announcements from Meta, Pico, and HTC VIVE, coinciding with a new wave of mainstream interest. Meta is expected to reveal more about its Quest 3s MR headset, while Pico's new 4S MR headset has been leaked. Concurrently, Vuzix Corporation reported a significant 77 percent revenue drop in Q2 2024 but anticipates improvement, and rumors suggest a lower-priced Apple Vision Pro could launch next year.",XR Today,-0.07723,Neutral
AAPL,2024-08-21,AI Stock Eyes Early Buy Trigger As Profits Surge,"Powell Industries (POWL), an AI-related stock, is approaching an early buy trigger despite a recent midday dip. The company, which specializes in electrical energy management and data center solutions, saw its profits surge by 149%. This AI stock is currently an IBD 50 Stocks To Watch pick.",Investor's Business Daily,0.295824,Somewhat-Bullish
AAPL,2024-08-21,Amkor Gets Federal Funding Boost for $2B Arizona Semiconductor Facility,"Amkor Technology Inc. is moving forward with its $2 billion semiconductor advanced packaging manufacturing plant in Peoria, Ariz., backed by $400 million in direct federal funding and up to $200 million in loans from the CHIPS and Science Act. The facility, which will be the largest outsourced semiconductor assembly and test (OSAT) plant in the U.S., plans to have over 500,000 sq ft of clean room space and has already secured Apple as its first customer. Peoria is also contributing $3 million for infrastructure costs.",Engineering News-Record | ENR,0.179978,Somewhat-Bullish
AAPL,2024-08-22,"Amplify CWP Growth & Income ETF ETF Price, Holdings, & News (NYSEARCA:QDVO)","The Amplify CWP Growth & Income ETF (QDVO) invests primarily in large-cap equities, specifically holding long exposure to the Russell 1000 Growth Index and employing covered call options. The ETF, launched on August 22, 2024, aims to provide a balanced approach to growth and income with a current dividend yield of 10.78% and assets under management of $606.95 million. Its top holdings include major tech companies like NVIDIA, Apple, Microsoft, and Alphabet.",MarketBeat,0.265841,Somewhat-Bullish
AAPL,2024-08-22,Amplify CWP Growth & Income ETF Holdings,"This article details the holdings of the Amplify CWP Growth & Income ETF (QDVO), which was established on August 22, 2024. The ETF, with $611.89 million in assets under management and 44 holdings, focuses on large-cap equity, specifically the Russell 1000 Growth Index, and employs exchange-traded call options for a balanced growth and income approach. Key holdings include NVIDIA, Apple, Microsoft, and Amazon.",Quiver Quantitative,0.105701,Neutral
AAPL,2024-08-23,"Apple Targets Sept. 10 Debut for New iPhones, AirPods and Watches","Apple Inc. is reportedly planning its biggest product launch event of the year for September 10, 2024. During this event, the company is expected to unveil its latest iPhones, Apple Watches, and AirPods. The new iPhones are anticipated to go on sale approximately 10 days later, on September 20, aligning with Apple's usual product release schedule.",Bloomberg.com,0.329993,Somewhat-Bullish
AAPL,2024-08-23,QDVO Top Holdings List & Exposure (Amplify CWP Growth & Income ETF),"This article details the top holdings and exposure of the Amplify CWP Growth & Income ETF (QDVO). It lists the top 25 stock holdings, led by NVIDIA, Apple, and Microsoft, which collectively account for a significant portion of the fund. The report also provides a comprehensive breakdown of QDVO's geographic, currency, sector, industry, and sub-industry exposures, indicating a strong focus on the U.S. technology sector.",MarketBeat,0.021401,Neutral
AAPL,2024-08-24,Best Dividend ETFs for 2024,"This article discusses dividend ETFs as a potential income source for investors, especially with anticipated interest rate reductions. It highlights the importance of careful selection, as payout sizes among funds can vary significantly. An example given is the Vanguard Dividend Appreciation ETF, which includes Apple and focuses on companies with a decade of dividend increases.",Barron's,0.360112,Bullish
AAPL,2024-08-24,Will Alphabet (GOOG) AI Phones Crush Apple’s AI Plans?,"This article examines whether Alphabet's new AI-powered Pixel phones will challenge Apple's AI ambitions, highlighting the stabilization and potential rebound of AI stocks. It delves into analyst opinions from RBC Wealth Management and Wedbush, who see the recent pullback as a healthy correction and an early stage of an AI bull market. The piece focuses on Alphabet (GOOG), its Gemini Nano AI assistant, despite market pressures like a potential Justice Department breakup and competition from OpenAI.",Yahoo Finance,0.234693,Somewhat-Bullish
AAPL,2024-08-26,Apple to Hold ‘Glowtime’ iPhone 16 Launch Event on Sept. 9,"Apple Inc. has announced a ""Glowtime"" product launch event for September 9th at its Cupertino headquarters, where it will unveil the iPhone 16 and other new devices. The event's theme, ""It’s Glowtime,"" hints at the new Siri digital assistant interface, and the iPhone 16 Pro line is expected to feature screen and camera upgrades. The presentation will be streamed live from the Steve Jobs Theater.",Bloomberg.com,0.327102,Somewhat-Bullish
AAPL,2024-08-26,"How to avoid the new Sonos app, which everyone hates","The new Sonos app has been widely criticized for being buggy, unreliable, and lacking features, leading to significant problems for Sonos as a company. This article offers solutions for users to minimize their reliance on the problematic app, primarily by utilizing alternative features like Apple AirPlay or the third-party Android app, AirMusic. The author emphasizes that these methods allow users to continue enjoying their Sonos speakers without much interaction with the flawed official app.",Fast Company,-0.296974,Somewhat-Bearish
AAPL,2024-08-26,Stay Flexible With the AI Trade With These 2 ETFs,"This article discusses being flexible with AI stock market trades using leveraged and inverse ETFs from Direxion. It highlights the Direxion Daily AI and Big Data Bull 2X Shares (AIBU) for bullish trends and the Direxion Daily AI and Big Data Bear 2X Shares (AIBD) for bearish turns, allowing traders to adapt to short-term market volatility especially with the forthcoming U.S. presidential election.",ETF Trends,0.372382,Bullish
AAPL,2024-08-27,3 Dividend-Growth Stocks That a Top-Rated Vanguard Fund Manager Likes,"This article highlights three dividend-growth stocks favored by Peter Fisher, lead manager of the Vanguard Dividend Growth fund (VDIGX), which holds Morningstar’s Gold Medalist Rating. These stocks are Microsoft (MSFT), Stryker (SYK), and Apple (AAPL), chosen for their strong operating performance and ability to grow dividends annually by more than 8%. The fund manager and Morningstar analysts provide an in-depth look at each company's financial health, economic moats, and stock valuations.",Morningstar,0.188834,Somewhat-Bullish
AAPL,2024-08-27,Immersion Stock Surges as It Monetizes Haptic Technology Patents,"Immersion Corp. (NASDAQ: IMMR), a pioneer in haptic technology, saw its stock surge after it settled a patent lawsuit with Meta Platforms Inc. for $87.5 million and secured a licensing agreement. The company specializes in licensing its extensive patent portfolio for haptic feedback used in billions of devices and has also made a significant investment in Barnes and Noble Education Inc. Immersion continues to evolve its active sensing technology and monetize its intellectual property.",www.sharewise.com,-0.09129,Neutral
AAPL,2024-08-27,Landsea Homes sells out at 55+ community at Verrado in Buckeye,"Landsea Homes Corporation has announced a complete sell-out of its 86 homes at the Skye Ridge at Victory 55+ active adult community in Buckeye, Arizona. Following this success, the company is preparing to launch Mira Vista at Victory this fall, offering 145 new duplex and single-family home floorplans with anticipated prices starting in the upper-$300ks. These new homes will also feature Landsea Homes’ High Performance Home features within the Verrado master-planned community.",AZ Big Media,0.172636,Somewhat-Bullish
AAPL,2024-08-27,The Shanghai High People's Court Concludes Trial in Shanghai Xiao-i's Patent Infringement Lawsuit against Apple,"Xiao-I (NASDAQ: AIXI) announced that the Shanghai High People's Court has concluded the trial in its subsidiary Shanghai Xiao-i's patent infringement lawsuit against Apple. The lawsuit, alleging Apple's Siri infringes on Shanghai Xiao-i's patent ZL200410053749.9, concluded on July 31, 2024, with a verdict pending. Previously, the Beijing Intellectual Property Court upheld the validity of Shanghai Xiao-i's patent on June 28, 2024.",Stock Titan,0.065883,Neutral
AAPL,2024-08-28,Apple fends off appeal of win in $506 mln University of Wisconsin patent case,"A U.S. appeals court rejected the University of Wisconsin's bid for a new trial in its long-running patent dispute with Apple regarding computer processor technology. This decision upholds a 2022 ruling that denied a new trial to the university, which had previously won a $506 million verdict that was later overturned. The court found that the university should have presented its infringement theory during the original trial.",Reuters,0.324344,Somewhat-Bullish
AAPL,2024-08-28,Berkshire Just Crossed $1 Trillion. Is It a Buy?,"Berkshire Hathaway recently reached a market capitalization of $1 trillion, joining an exclusive group of U.S. firms. Despite its significant rally this year, Morningstar analysts currently rate Berkshire Hathaway stock as moderately overvalued, with a 2-star rating. The article details the company's strong Q2 earnings, insurance operations, rising cash pile, and continued equity selling, while also addressing risks such as CEO longevity and competitive markets.",Morningstar,0.057723,Neutral
AAPL,2024-08-28,Google’s Antitrust Defeat Opens the Door to Lawsuit From Yelp (Published 2024),"Yelp has sued Google in federal court in San Francisco, claiming Google used its dominance in general search to unfairly impact local search services. This lawsuit follows a landmark ruling where a federal judge declared Google an illegal monopoly. Yelp is seeking unspecified monetary damages and an order to stop Google's alleged anticompetitive practices.",The New York Times,-0.151377,Somewhat-Bearish
AAPL,2024-08-28,MSA Safety Honored with Outstanding Innovator Award,"MSA Safety (NYSE: MSA) has been honored with the 2024 Outstanding Corporate Innovator (OCI) Award by The Product Development and Management Association (PDMA) for the second time. The company was recognized for its commitment to innovation, customer-centric focus, and transformation into a global leader in advanced safety technologies, particularly for integrating Voice-of-Customer feedback into its innovation strategy. MSA Safety will accept the award at the 2024 PDMA Inspire Innovation Conference in St. Louis on September 16, 2024.",Stock Titan,0.531962,Bullish
AAPL,2024-08-28,Smart Home Automation Companies | Forecast by 2033,"The global smart home automation market was valued at USD 82.10 billion in 2023 and is projected to reach USD 903.94 billion by 2033, growing at a CAGR of 27.11%. The growth is driven by increasing consumer demand for security, safety, and energy management, with wireless technology and AI-powered systems playing a significant role. North America currently dominates the market, while Asia Pacific is expected to be the fastest-growing region.",Precedence Research,0.267738,Somewhat-Bullish
AAPL,2024-08-28,"Yelp sues Google, alleging a search engine monopoly that promotes its own reviews","Yelp has filed an antitrust lawsuit against Google, accusing the tech giant of using its search engine monopoly to unfairly promote its own local search and advertising services. The lawsuit, filed in federal court in San Francisco, claims Google manipulates search results to keep users within its own ecosystem, preventing them from using rival platforms like Yelp, which it argues offer higher quality reviews. This action comes after a federal judge's ruling in August that Google violated US antitrust law with its search business.",WRAL,0.267315,Somewhat-Bullish
AAPL,2024-08-29,Warren Buffett's Berkshire Hathaway is Worth $1 Trillion. Should I Buy Shares?,"Berkshire Hathaway's market capitalization has surpassed $1 trillion, driven by a 30% rise in its shares this year. Despite this, Morningstar deems the stock moderately overvalued with a 2-star rating, maintaining fair value estimates of $640,000 for Class A and $427 for Class B shares. The article highlights strong insurance results and a record cash pile but notes headwinds from BNSF Railway and Berkshire Hathaway Energy, as well as concerns about CEO Warren Buffett's longevity and succession.",Morningstar Canada,0.101554,Neutral
AAPL,2024-09-03,A Dot-Com-Like Bust Isn’t in the Cards for AI Investors Who Diversify,"Concerns about an AI bubble akin to the dot-com bust are overblown, according to J.P. Morgan Private Bank, citing lower valuations and stronger earnings expectations for current AI leaders. While investing in an S&P 500 index fund provides some AI exposure, investors seeking outperformance should diversify across AI infrastructure (AI 1.0) and AI applications (AI 2.0), potentially including global companies and low-cost ETFs for broader exposure. A long-term perspective is crucial as AI is expected to be a multi-year or multi-decade trend.",Barron's,0.298945,Somewhat-Bullish
AAPL,2024-09-03,This type of index fund might help you after the S&P 500’s concentration peaks,"The S&P 500's concentration in a few large-cap tech stocks is nearing a peak, with nearly 20% of the index tied to Apple, Microsoft, and Nvidia. While S&P 500 index funds have performed well, this high concentration may run counter to desired diversification for some investors. A decade ago, the top three holdings were significantly less concentrated, suggesting a potential need for broader investment strategies.",MarketWatch,-0.068052,Neutral
AAPL,2024-09-04,3 Great ETFs That Offer Broad Diversification,"This article highlights three ETFs that offer broad diversification, which is crucial given the current top-heavy stock market. The ETFs discussed are Schwab Fundamental U.S. Large Company ETF (FNDX), JPMorgan Core Plus Bond ETF (JCPB), and Vanguard Total Stock Market ETF (VTI), each employing different strategies to achieve diversification and strong long-term performance. The author emphasizes that a broadly diversified portfolio, rather than betting on a few stocks, generally yields better and safer returns for most investors.",Morningstar Canada,0.113381,Neutral
AAPL,2024-09-04,"How Nvidia doubled earnings, lost almost $300 billion in value and shook the stock market","Nvidia experienced a significant stock market shake-up, losing almost $300 billion in value in a single day, despite having doubled its earnings. This downturn is attributed to growing fears of an economic slowdown and renewed skepticism about the immediate payoff from AI investments, causing broader market indexes to also fall. Analysts highlight Nvidia's dependence on continued massive AI investments from major tech companies and warn of stock volatility.",NBC News,-0.079589,Neutral
AAPL,2024-09-05,Introducing PayPal Everywhere,"PayPal is launching ""PayPal Everywhere,"" a new initiative designed to make shopping and paying more rewarding both online and in-store. This expansion introduces enhanced rewards like 5% cash back on a chosen monthly spending category for PayPal Debit Mastercard users, stackable offers from various brands, and a new auto-reload option for managing PayPal balances. The company is also integrating with Apple Wallet for easier in-store payments, aiming to provide a comprehensive and secure omnichannel solution for consumers.",PYPL Investor Relations,0.329196,Somewhat-Bullish
AAPL,2024-09-05,Kartoon Studios Slates Roblox-Based Competition on Kartoon Channel Streamer,"Kartoon Studios announced it will launch the third season of ""Kidaverse Roblox Rumble,"" a Roblox-based competition series for children, which will premiere this fall globally on its Kartoon Channel streaming service. Hosted by Frankie Vu, the series features young gamers competing in unique Roblox challenges for prizes like iPhones and PlayStation 5s. The first two seasons are already available on various platforms, with Kartoon Channel Worldwide President Paul Robinson highlighting the show's success and safe environment for kids.",Media Play News,0.360291,Bullish
AAPL,2024-09-05,Pheton Holdings Ltd Class A Ordinary Shares (PTHL) Stock Forecast & Price Prediction 2026–2030,"This article provides a stock forecast and price prediction for Pheton Holdings Ltd Class A Ordinary Shares (PTHL) from 2026 to 2030, and beyond. It includes short-term and long-term price estimates, investment return calculations, and technical analysis indicators. The current sentiment for PTHL is bearish, with predictions of potential growth in the short term but varied long-term outlooks, including a peak around 2030 followed by significant declines.",CoinCodex,-0.142929,Neutral
AAPL,2024-09-05,Target integrates curbside and in-store order pickup services with Apple CarPlay,"Target is the first retailer to integrate its curbside and in-store order pickup services with Apple CarPlay, allowing customers to manage their Drive Up and pickup orders directly from their car's built-in screens. This new feature enables shoppers to view order details, get directions, and notify the store of their arrival, streamlining the pickup process. Target plans to introduce a similar service for Android Auto soon, enhancing convenience for its customers.",Chain Store Age,0.313441,Somewhat-Bullish
AAPL,2024-09-06,Global Sustainable Funds Are Up Nearly 11% This Year,"Global large-cap sustainable funds have seen an average return of 10.9% year-to-date, slightly lagging broader market indices. The top-performing sustainable funds, however, have achieved significantly higher returns, largely driven by investments in companies like Nvidia and Constellation Energy. This article details the largest and best-performing global large-cap sustainable funds, highlighting their strategies and key holdings.",Morningstar,0.329882,Somewhat-Bullish
AAPL,2024-09-09,2 ETFs That Are Screaming Buys in September After the Nvidia-Led Technology Stock Sell-Off,"Following a recent sell-off in technology stocks, particularly those influenced by Nvidia, two tech-heavy ETFs, the Invesco QQQ ETF and the Vanguard Information Technology ETF, are presented as strong buying opportunities for September. Both ETFs have a history of outperformance, offering significant exposure to leading tech companies poised to benefit from artificial intelligence. The article details their holdings and past returns, suggesting they are attractive investments given the current market pullback.",The Motley Fool,0.305241,Somewhat-Bullish
AAPL,2024-09-09,4 charts on the US rotation out of growth and tech stocks,"The article discusses the recent rotation in the US stock market, with investors shifting away from high-flying growth and tech stocks, particularly those tied to AI, towards value stocks in sectors like financials, healthcare, and consumer defensive. This shift is attributed to overvaluation in AI plays and attractive valuations in value and small-cap stocks, with economists foreseeing rate cuts and a soft landing. While major tech companies that led the market rally are now seeing declines, value stocks and defensive sectors are supporting the market's overall performance.",Morningstar,-0.254441,Somewhat-Bearish
AAPL,2024-09-09,Apple introduces iPhone 16 and iPhone 16 Plus,"Apple announced the iPhone 16 and iPhone 16 Plus, featuring the new A18 chip and built for Apple Intelligence, an easy-to-use personal intelligence system. The new models boast powerful camera upgrades, including a 48MP Fusion camera with 2x Telephoto option, Camera Control for enhanced visual interaction, and improved battery life. Pre-orders begin September 13, with availability starting September 20.",Apple,0.241541,Somewhat-Bullish
AAPL,2024-09-09,Apple’s new CFO appointed: Indian origin Kevan Parekh will succeed Luca M,"Apple Inc. has named Kevan Parekh as its next CFO, succeeding Luca Maestri, effective January 1, 2025. Parekh, of Indian origin, currently serves as Apple's Vice-President for Financial Planning and Analysis (FP&A) and has been with the company since 2013, playing a key role in its financial and business planning. This transition is part of Apple's long-term leadership strategy as Maestri moves into a new role within Apple's Corporate Services teams.",The Finance Story,0.318226,Somewhat-Bullish
AAPL,2024-09-09,"LiveOne to raise prices of its Plus, Premium subscription audio tiers","LiveOne is increasing the prices of its Plus and Premium streaming music subscriptions to cover costs associated with new features and innovations, including leveraging artificial intelligence. The annual cost of LiveOne Plus will rise to $40 per year, and LiveOne Premium will increase to $11 per month, aligning with competitors like Spotify and Apple Music. CEO Robert Ellin believes AI will significantly improve user experience and help the company reach 10 million subscribers and $1 billion in revenue within five years.",TheDesk.net,0.039681,Neutral
AAPL,2024-09-10,"Apple supplier Jabil to set up Rs 2,000 crore mfg unit in Tiruchirapalli","Apple supplier Jabil Inc. is investing Rs 2,000 crore to establish an electronics manufacturing facility in Tiruchirappalli, India, creating 5,000 jobs. This move signifies the expanding Apple supplier ecosystem in India, with Tamil Nadu emerging as a prominent electronics manufacturing hub. The investment is part of India's ""China Plus One"" strategy, drawing global players to diversify their manufacturing bases.",Business Standard,0.269242,Somewhat-Bullish
AAPL,2024-09-10,"Apple supplier Jabil's massive ₹2,000 crore investment in Trichy to create 5,000 jobs, says Tamil Nadu CM, MK Stalin","Jabil, an American electronics manufacturing company and key Apple supplier, has announced a ₹2,000 crore investment to establish a new facility in Trichy, Tamil Nadu, expected to create 5,000 jobs, as confirmed by Chief Minister MK Stalin during an agreement signing in the US. This investment further solidifies Tamil Nadu's position as a major electronics manufacturing hub, now hosting all major Apple suppliers. Additionally, other companies like Rockwell Automation, Eaton, Ohmium, Google, Nokia, PayPal, Yield Engineering Services, Microchip, Infinx Healthcare, and Applied Materials are making significant investments and expanding operations in the state, boosting employment and technological capabilities.",Mint,0.376745,Bullish
AAPL,2024-09-10,"Apple's supplier Jabil to invest ₹2,000 cr in Tamil Nadu, aims to create 5,000 jobs","Apple's contract manufacturer Jabil Inc. is set to invest ₹2,000 crore in a new electronics manufacturing facility in Tiruchirapalli, Tamil Nadu, expecting to create 5,000 jobs. This makes Jabil the fourth Apple supplier in the state, joining Foxconn, Pegatron, and Tata Electronics, and was finalized during Tamil Nadu CM M.K. Stalin's U.S. visit. The investment contributes to Tamil Nadu's growing electronics exports, largely driven by iPhone shipments, positioning the state as India's electronics hub.",Fortune India,0.20422,Somewhat-Bullish
AAPL,2024-09-10,ETFs to Tap Apple's Potential AI-Based Growth,"Apple introduced new AI-powered iPhone 16 models, Watch Series 10, and AirPods, aiming to spur a significant upgrade cycle and enhance company performance. Analysts are bullish, with some raising price targets, as Apple integrates AI to revive iPhone sales. Investors interested in Apple's AI-driven growth can consider ETFs with substantial Apple allocations, such as VGT, FTEC, IYW, IWY, and MGK, which hold a Zacks ETF Rank #1 or #2.",TradingView — Track All Markets,0.394998,Bullish
AAPL,2024-09-10,Electronic manufacturer Jabil to invest Rs 2000 crore in Tamil Nadu,"US-based electronics manufacturer Jabil plans to invest Rs 2000 crore in a new facility in Tiruchirapalli, Tamil Nadu, creating 5,000 jobs. This investment further establishes Tamil Nadu as a major electronics manufacturing hub, hosting all key Apple suppliers. The state's Chief Minister, M K Stalin, highlighted this and other investments, including Rockwell Automation's expansion and an MoU with Autodesk, to boost industrial growth and job creation.",The New Indian Express,0.32628,Somewhat-Bullish
AAPL,2024-09-10,"JABIL to invest ₹2,000 crore in electronics manufacturing facility at Manapparai, create 5,000 Jobs","JABIL, a $35 billion global manufacturing company, will invest ₹2,000 crore to establish an electronics manufacturing facility in Manapparai, Tamil Nadu, creating over 5,000 jobs. This investment, formalized through an MoU exchanged in the US, marks the emergence of Tamil Nadu's third major electronics cluster in Trichy and is expected to significantly boost the central zone's economy. Additionally, Rockwell Automation is expanding its manufacturing with a ₹666 crore investment in Kanchipuram, and an MoU was signed with Autodesk for skill development.",BusinessLine,0.404589,Bullish
AAPL,2024-09-10,"Jabil Inc to invest ₹2,000 crore in electronics manufacturing unit in Tiruchi in Tamil Nadu","Jabil Inc. and Rockwell Automation are set to invest a total of ₹2,666 crore in industrial projects in Tamil Nadu. Jabil Inc. will invest ₹2,000 crore in an electronics manufacturing unit in Tiruchi, creating 5,000 jobs, while Rockwell Automation will expand its unit in Kancheepuram with an investment of ₹666 crore. These investments were formalized through MoUs signed in the presence of Tamil Nadu Chief Minister M.K. Stalin in Chicago.",The Hindu,0.271146,Somewhat-Bullish
AAPL,2024-09-10,Key Apple supplier Jabil to set up electronics manufacturing unit in Trichy,"Jabil, a key supplier for Apple Inc., is establishing a new electronics manufacturing unit in Trichy, Tamil Nadu. This move further solidifies Tamil Nadu's position as a hub for Apple suppliers, joining other major players like Foxconn, Pegatron, Tata Electronics, and Salcomp. The expansion highlights the increasing investment in electronics manufacturing within the region.",Deccan Herald,0.389945,Bullish
AAPL,2024-09-10,VIDEO: ETF of the Week: ALPS Equal Sector Weight ETF (EQL),"This article features a discussion between Todd Rosenbluth, Head of Research at VettaFi, and Chuck Jaffe of ""Money Life"" about the ALPS Equal Sector Weight ETF (EQL). They explore how EQL equal-weights sectors rather than individual stocks, providing a different approach to diversification compared to market-cap-weighted indices. The conversation also covers EQL's historical performance and how it can complement an existing portfolio by reducing concentration risk in mega-cap stocks and specific sectors.",ETF Trends,0.186625,Somewhat-Bullish
AAPL,2024-09-11,BlackRock Inc. Expands Stake in Repay Holdings Corp,"BlackRock Inc. significantly increased its stake in Repay Holdings Corp by acquiring an additional 733,419 shares on August 31, 2024, bringing its total holdings to 8,800,357 shares. This investment reflects BlackRock's strategic interest in the digital financial services sector, despite Repay Holdings Corp's current unprofitability and recent stock price decline, suggesting a long-term view on the growing digital payments industry.",Yahoo Finance,0.107166,Neutral
AAPL,2024-09-11,Ireland’s special relationship with Apple and Google has created a multibillion-dollar windfall—and an existential crisis,"Ireland recently received a €13 billion tax windfall from Apple, resulting from an EU ruling on unpaid taxes, which significantly adds to its already substantial government surplus. While seemingly positive, this windfall presents an economic dilemma as Ireland struggles with how to spend the funds and questions its long-standing relationship with U.S. tech giants amidst existing infrastructure and housing crises. The country faces pressure to invest in improvements to maintain its attractiveness as a business hub, despite concerns about overheating the economy or securing funds for future needs.",Fortune,-0.076216,Neutral
AAPL,2024-09-11,"Jabil Inc to invest Rs 2,000 crore in Trichy","Jabil Inc, a key supplier to Apple and others, is set to invest Rs 2,000 crore in Trichy, Tamil Nadu. This significant investment is expected to create 5,000 jobs and foster a new electronics manufacturing cluster in the region, as announced by Tamil Nadu Chief Minister M.K. Stalin.",Deccan Herald,0.300062,Somewhat-Bullish
AAPL,2024-09-11,T. Rowe Price Tapping Into Experienced Managers,"T. Rowe Price is successfully bringing experienced mutual fund managers into the ETF industry, leveraging their active management skills. The firm has launched several active ETFs, some replicating successful mutual funds and others managed by seasoned teams. This strategy has led to significant asset growth in their ETF offerings, appealing to advisors.",ETF Database,0.230161,Somewhat-Bullish
AAPL,2024-09-11,"Tamil Nadu government signs pact with US firms for Rs 2,666 crore, 5,365 jobs","The Tamil Nadu government has signed investment agreements worth over Rs 2,600 crore with US companies, Jabil and Rockwell Automation, during Chief Minister MK Stalin's visit to the United States. These agreements are expected to create 5,365 jobs in the state. Jabil will invest Rs 2,000 crore in a new electronics manufacturing unit in Tiruchirappalli, while Rockwell Automation will expand its Kanchipuram unit with an investment of Rs 666 crore.",India Today,0.379455,Bullish
AAPL,2024-09-12,"Jabil Inc to pour Rs 2,000 Crore into new electronics manufacturing plant in Tiruchi","Jabil Inc is committing Rs 2,000 crore to establish a new electronics manufacturing facility in Tiruchi, Tamil Nadu, a strategic investment expected to create approximately 5,000 jobs. This move is part of broader industrial development efforts in the region, with Jabil Inc. and Rockwell Automation collectively investing Rs 2,666 crore. The expansion reinforces Tamil Nadu's growing prominence as an electronics manufacturing hub.",Manufacturing Today India,0.452786,Bullish
AAPL,2024-09-12,Should TCW Transform 500 ETF (VOTE) Be on Your Investing Radar?,"The TCW Transform 500 ETF (VOTE) is a passively managed exchange-traded fund launched on June 22, 2021, focusing on the Large Cap Blend segment of the US equity market. With over $682.12 million in assets and an expense ratio of 0.05%, it aims to track the Morningstar US Large Cap Select Index. The ETF has shown strong performance, gaining 17.30% year-to-date and 25.40% over the last year as of September 12, 2024, with significant allocation to the Information Technology sector.",TradingView,0.093422,Neutral
AAPL,2024-09-13,ResMed lauds Apple’s sleep apnoea detection feature,"ResMed (NYSE:RMD) has expressed strong support for Apple's new sleep apnea detection feature integrated into its latest smartwatches, believing it will significantly increase awareness and early diagnosis of the disorder. ResMed highlights the widespread and often undiagnosed nature of sleep apnea, which affects nearly 2.5 billion people, and sees Apple's involvement as a collaborative step toward improving global health outcomes. Both companies emphasize the critical role of sleep in overall health and the potential of technology to identify serious medical conditions.",Proactive financial news,0.370919,Bullish
AAPL,2024-09-13,Top EU court rules Apple owes Ireland over $14B in back taxes,"The European Union Court of Justice has ruled that Apple must pay over 13 billion euros (more than $14 billion) in back taxes to Ireland, concluding a years-long legal battle. This decision overturned a 2020 ruling and supports the European Commission's claim that special tax rates offered to Apple constituted unlawful state aid. The ruling stems from the 2017 Paradise Papers investigation, which revealed how Apple restructured its Irish companies to gain significant tax advantages.",International Consortium of Investigative Journalists - ICIJ,-0.420969,Bearish
AAPL,2024-09-16,"iOS 18 is available today, making iPhone more personal and capable than ever","Apple has released iOS 18, bringing significant updates to iPhone customization, the Photos app, Messages, Mail, and introducing Apple Intelligence. Users can now personalize their Home Screen and Control Center, enjoy a redesigned Photos experience with automatic organization, and benefit from enhanced communication features. Apple Intelligence, rolling out next month, integrates generative models with personal context for advanced features in writing, photo editing, and Siri, all while prioritizing user privacy.",Apple,0.845359,Bullish
AAPL,2024-09-18,Macquarie Group mulls $2.3b stake sale in UK’s Wavenet: Bloomberg,"Macquarie Group is reportedly considering selling its stake in UK information technology services provider Wavenet, a deal that could be valued at £1.2 billion ($2.3 billion). The Australian financial giant is open to divesting a majority stake, with a formal sale process expected to begin next year. Wavenet, which provides cybersecurity and cloud solutions, recently merged with Daisy Corporate Services and serves clients like the NHS Trusts and John Lewis Plc.",Capital Brief,0.18419,Somewhat-Bullish
AAPL,2024-09-18,Tata Inks Pact With Analog Devices To Explore Opportunities In Indian Chip Manufacturing,"Tata Group has partnered with US-based Analog Devices to build a robust electronics manufacturing ecosystem in India. This collaboration involves Tata Electronics manufacturing Analog Devices' products at its upcoming Gujarat fab plant and Assam OSAT facility, with production expected to start by 2026. Additionally, Tata Motors and Analog Devices will explore joint manufacturing of electronic hardware for electric vehicles and energy solutions.",Inc42,0.356548,Bullish
AAPL,2024-09-19,Apple surpasses forecasts with strong Q3 2024 performance,"Apple Inc. reported strong Q3 2024 earnings, surpassing forecasts with $85.8 billion in revenue and an 11% increase in earnings per diluted share. The company's iPhone sales remained robust, contributing significantly to revenue, while Mac and iPad sales also saw growth. Despite varied regional performance and a slight decline in product revenue for the nine months ending June 29, 2024, Apple's focus on innovation, customer loyalty, and sustainability, combined with rising R&D investments and a strong services segment, positions it for continued market leadership.",Straits Research,0.781256,Bullish
AAPL,2024-09-19,MUSQ Global Music Industry ETF Celebrates Its One-Year Anniversary on the New York Stock Exchange,"MUSQ LLC announced the one-year anniversary of its MUSQ Global Music Industry ETF (NYSE:MUSQ) debut on the New York Stock Exchange. The fund has surpassed $22 million in assets under management (AUM), offering investors diversified exposure to the global music ecosystem. With the global music industry projected to reach $163.7 billion by 2030, the ETF provides access to key players like Spotify, Universal Music Group, Apple, Alphabet, and Sony Group.",ACCESS Newswire,0.352979,Bullish
AAPL,2024-09-20,Apple ships $6 billion of iPhones from India in big China shift,"Apple's iPhone exports from India increased by a third to nearly $6 billion in the six months ending September, signaling a significant shift from China. This expansion is driven by Indian subsidies and a skilled workforce, with the company on track to surpass $10 billion in annual exports for fiscal year 2024. Despite its growth in India, Apple still relies heavily on China for manufacturing and sales, though its Indian revenue hit a record $8 billion due to new stores and increased demand.",Fortune,0.432212,Bullish
AAPL,2024-09-20,"Politan prevails in Masimo proxy fight, gaining 2 board seats and ousting CEO Joe Kiani","Activist investor Politan Capital Management secured two new board seats at Masimo's annual meeting, leading to the ouster of founder and CEO Joe Kiani and fellow board member Chris Chavez. This victory doubles Politan's previous board representation and follows criticism over Masimo's acquisition of Sound United and its plans to spin out consumer businesses. Following the vote, Masimo's stock price saw a 3.4% increase.",Fierce Biotech,0.157103,Somewhat-Bullish
AAPL,2024-09-20,The queues for iPhone 16 track emerging economic realities,"The article discusses how the queues for the iPhone 16 reflect emerging economic realities, with strong demand and long lines observed in APAC regions like India, Taiwan, Thailand, China, UAE, Australia, and Malaysia, contrasting with a more muted reception in some European countries. It suggests that Apple's strategy to focus on emerging markets is paying off, potentially leading to new sales records that compensate for slower growth in traditional Western markets, and highlighting a shift in global economic dynamism.",Apple Must,0.248226,Somewhat-Bullish
AAPL,2024-09-21,Is the iShares Russell 1000 Growth ETF a Millionaire Maker?,"This article discusses the iShares Russell 1000 Growth ETF (IWF) as a potential ""millionaire maker"" investment. It highlights the ETF's historical performance, its focus on growth stocks within the Russell 1000 index, and its exposure to both large and mid-cap companies. The author suggests that while not perfectly balanced, IWF offers a good chance to outperform the broader market over the long term.",The Motley Fool,0.232622,Somewhat-Bullish
AAPL,2024-09-23,Amkor Falls 18% in 3 Months: How Should Investors Play the Stock?,"Amkor Technology (AMKR) shares have declined by 17.7% in the last three months due to supply chain disruptions, macroeconomic challenges, and semiconductor shortages. The company faces stiff competition in the OSAT market from Taiwan Semiconductor Manufacturing Company (TSM) and ASE Technology Holding (ASX) and is currently rated a Zacks Rank #5 (Strong Sell). Investors are advised to sell the stock given these headwinds, despite its partnerships with major tech giants like Apple.",Nasdaq,-0.182396,Somewhat-Bearish
AAPL,2024-09-23,Capturing the in vogue ‘mega-forces’ in a one-stop ETF shop,"The iShares Global 100 ETF (IOO) was recognized as the top ETF Product at the 2024 Financial Newswire/SQM Research Fund Manager of the Year Awards. This BlackRock fund specifically targets top-performing global companies, focusing on those with diversified revenue streams and large market caps, moving beyond simple index tracking. It has a strong track record of capitalizing on prevailing mega-trends like technology and AI, demonstrating consistent performance in capturing global economic transformers.",Financial Newswire,0.335873,Somewhat-Bullish
AAPL,2024-09-23,Should Motley Fool 100 Index ETF (TMFC) Be on Your Investing Radar?,"The Motley Fool 100 Index ETF (TMFC) is highlighted as a suitable option for investors seeking exposure to the Large Cap Growth segment of the US equity market, especially given its strong performance and Zacks ETF Rank of 2 (Buy). The article details its expense ratio, sector allocation, top holdings like Apple, Microsoft, and Nvidia, and compares it to alternative ETFs such as Vanguard Growth ETF (VUG) and Invesco QQQ (QQQ). Investors are encouraged to consider TMFC's attributes alongside its risk and performance metrics for long-term investment strategies.",Yahoo Finance,0.202217,Somewhat-Bullish
AAPL,2024-09-24,"Apple unexpectedly fell on rebalancing day, who is the culprit?","Apple experienced a surprising downturn on a rebalancing day when it was expected to benefit from index adjustments. Despite anticipation of increased buying pressure from index funds, a massive sell-off of 30 million shares occurred in the final minutes of trading. Theories suggest either active funds capitalizing on predictable liquidity or arbitrageurs selling after accumulating shares before the rebalancing event contributed to the unexpected drop.",富途牛牛,-0.095631,Neutral
AAPL,2024-09-24,Artificial Intelligence and Adaptive Portfolio Management,"This article highlights a podcast episode from Investor Insights that explores the role of Artificial Intelligence in adaptive portfolio management. The discussion emphasizes AI as a tool to enhance human expertise in creating sophisticated investment applications and evolving portfolio strategies from traditional ""buy and hold"" approaches. It concludes that investors need to understand AI's implications for portfolio management, even if they don't grasp its technical intricacies.",ETF Trends,0.228024,Somewhat-Bullish
AAPL,2024-09-24,Hello Group: Undervalued With Expertise In App Development Makes It Attractive,"Hello Group (MOMO) is considered significantly undervalued with a P/E ratio of 5x TTM Non-GAAP earnings and 2x TTM EBITDA, presenting a strong buy opportunity. The company benefits from its app development expertise, presence in China's market, and a recently upsized stock repurchase program. However, risks include its Cayman Islands incorporation, operational challenges in China, and potential regulatory changes.",Seeking Alpha,0.306986,Somewhat-Bullish
AAPL,2024-09-24,"Spotify expands AI Playlist feature to four new markets, including U.S. and Canada","Spotify is expanding its AI Playlist feature for premium users to four new markets, including the United States and Canada. This tool, currently in beta, allows subscribers to create personalized song selections using generative AI and text prompts. The expansion aims to attract new subscribers and enhance the app's features amidst competition from Apple and Amazon.",The Globe and Mail,0.175702,Somewhat-Bullish
AAPL,2024-09-24,The Marygold Companies Secures Private Placement to Finance Next-Stage Rollout Initiatives for Recently Developed Fintech Product,"The Marygold Companies, Inc. secured $4.38 million in funding, part of a $6.56 million private placement with Streeterville Capital, LLC, to finance the rollout of its Marygold & Co. fintech app. This digital banking alternative, already soft-launched in the U.S., is set for further market penetration including in the U.K. later this year, leveraging recently acquired investment advisory firms. The app offers features like a digital wallet, physical debit card, and tools for saving and investing, aiming to provide a private banking experience without traditional fees.",Business Wire,0.212768,Somewhat-Bullish
AAPL,2024-09-25,"Broadcom: Semiconductors, M&A's, and Bold Leadership","This article details Broadcom's journey from its origins in HP's division and Broadcom Corporation to becoming a global semiconductor giant through strategic mergers and acquisitions. It highlights CEO Hock Tan's leadership in expanding the company's product portfolio across semiconductors, software, and infrastructure solutions. The company's strategy involves targeting niche markets and utilizing a fabless design model to achieve market dominance.",Quartr,0.14972,Neutral
AAPL,2024-09-25,The Suppliers Behind the Apple Pencil Pro,"The Apple Pencil Pro, launched in May 2024, relies heavily on a global network of key third-party suppliers for its advanced components, demonstrating Apple's strategic use of outsourcing. Companies like TSMC, Texas Instruments, Bosch, and SiTime provide essential chips, sensors, and timing solutions, enabling Apple to focus on design and user experience. This collaborative approach highlights Apple's competitive advantage in leveraging specialized expertise, rather than attempting to produce all components in-house.",Quartr,0.328628,Somewhat-Bullish
AAPL,2024-09-26,Apple’s Lisa Jackson on How to Design for Sustainability,"Lisa Jackson, Apple's VP of environment, policy, and social initiatives, advises entrepreneurs on designing for sustainability by involving affected communities and embracing regulation. Drawing from her EPA experience, she highlights how regulation ""levels the playing field"" for businesses committed to environmental responsibility and encourages young people to pursue careers in sustainability, stressing the importance of scientific understanding.",Inc.com,0.280291,Somewhat-Bullish
AAPL,2024-09-26,"InterDigital, IBD Stock Of The Day, Flirts With Buy Point After Analyst Day",InterDigital (IDCC) has been named IBD Stock Of The Day and is approaching a buy point of 140.60 after an analyst day. The stock has a Composite Rating of 95/99 and is forming a shallow flat base. The article also mentions widespread investment in AI stocks by major tech companies.,Investor's Business Daily,0.331629,Somewhat-Bullish
AAPL,2024-09-27,'Coin-sized' version of Dexcom G6 sensor developed in China,"Researchers from Chinese universities have developed a miniature continuous glucose monitoring (CGM) system that is as effective as market-leading devices like the Dexcom G6. This coin-sized biosensor utilizes an organic electrochemical transistor (OECT) for improved signal-to-noise ratio and stability, making it suitable for wearable applications. The team is now moving towards clinical application of their innovative CGM system.",MobiHealthNews,0.207045,Somewhat-Bullish
AAPL,2024-09-27,"Guo Mingxi: Meta AR glasses Orion will be mass-produced as early as 2027, positioning to replace mobile phones and computers.","Analyst Ming-Chi Kuo from TF International Securities predicts that Meta's AR glasses, Orion, could enter mass production as early as 2027, aiming to replace smartphones and tablets. Orion's key selling points are its integration of AI technology and spatial computing, though technical challenges and production partner decisions could delay the timeline. Meta may release a lower-spec version before the full-scale mass production to gather market feedback.",富途牛牛,0.121163,Neutral
AAPL,2024-09-30,Goldman Sachs Reiterates Buy Rating on Jabil (JBL),"Goldman Sachs has reiterated a Buy rating on Jabil (NYSE: JBL) with a $136.00 price target, following the company's Q4 FY24 earnings report. Despite a mixed report with FY25 EBIT guidance modestly below the Street, Goldman Sachs believes Jabil's repositioned business mix, focusing on favorable end markets like datacenter, auto, industrial, renewables, and medical, will drive long-term growth. The firm also notes Jabil's investments in these areas, addition of new hyperscale customers, and supportive capital allocation as reasons to maintain a positive outlook.",StreetInsider,0.28963,Somewhat-Bullish
AAPL,2024-09-30,"Ingram Micro IPO, Revenue Details Go Live","Ingram Micro has filed its registration statement with the SEC for a proposed initial public offering, with its common stock set to trade under the symbol ""INGM"" on the New York Stock Exchange. The filing reveals that Ingram Micro's net sales have declined over the past three years, from $54.4 billion in 2021 to $48 billion in 2023. Platinum Equity, which owns Ingram, will sell the common stock through its entity Imola JV Holdings, with the number of available shares and price range yet to be determined.",Channel Futures,-0.071813,Neutral
AAPL,2024-09-30,ResMed Unveils New Collection of Digital and Personalized Solutions designed to Improve Sleep Health,"ResMed has announced new patient-centric products aimed at enhancing the therapy journey for sleep apnea patients, integrating with digital wearables and generative AI for a more personalized sleep health experience. Key innovations include a myAir™ smartwatch app, sleep staging integration, personalized coaching, holistic health trend tracking, and an AI-enabled sleep health concierge named Dawn. Additionally, ResMed introduced LUXE travel gear designed for CPAP users on the go.",GlobeNewswire,0.344045,Somewhat-Bullish
AAPL,2024-09-30,Xiao-I Awaits Final Ruling On Patent Infringement Lawsuit Against Apple Over AI Technology Claims,"Xiao-I Corp. (AIXI) is awaiting a final ruling in its patent infringement lawsuit against Apple Computer Trading (Shanghai) Co., Ltd. and Apple, Inc. (AAPL) concerning alleged infringements on AI technology. The Shanghai High People's Court held a hearing on September 24, 2024, and the trial concluded on July 31, 2024. Both parties are now awaiting the Court's decision.",RTTNews,0.139502,Neutral
AAPL,2024-10-01,Apple launches new professional learning resources for teachers and expands global education grant program,"Apple has launched new free classroom resources for teachers and students to encourage creativity, coinciding with World Teachers' Day. The company also announced a significant expansion of its education grant program to include 100 new schools across six continents, providing free grant-funded STEAM programming. Additionally, Apple released its first-ever Education Impact Report, detailing its global efforts to support educators and learners.",Apple,0.499645,Bullish
AAPL,2024-10-01,Coherent sells wafer fab to UK's Ministry of Defence for reported £20M,"Coherent has sold its gallium arsenide (GaAs) wafer fabrication facility in the north of England to the UK government for a reported £20 million. The move is part of Coherent's strategy to optimize its portfolio and streamline operations following the 2022 merger of II-VI and the original Coherent laser business. While the UK's Ministry of Defence acquired the fab, a new company, Octric Semiconductors, managed by the former general manager of the facility, has been formed, with the MoD emphasizing a focus on military applications for the secure GaAs fab.",Optics.org,0.034578,Neutral
AAPL,2024-10-01,"Invesco QQQ Stock Forecast Monthly 2024, 2025 To 2030","This article provides a long-term forecast for Invesco QQQ stock from 2024 to 2030, based on its past performance and future business strategies, particularly focusing on the growth of its underlying tech giant holdings. It details monthly forecasts for 2024 and segmented forecasts for subsequent years, alongside QQQ's fundamentals, historical price data, and its top 20 holdings on the Nasdaq-100 Index. The analysis suggests QQQ could be a good long-term investment given its strong portfolio of tech companies.",Exla Resources,0.353028,Bullish
AAPL,2024-10-01,Threat assessment: ranking risk among US companies dealing with China,"A market research firm, Strategy Risks, has identified the most vulnerable US companies among the top 250 publicly listed firms regarding their exposure to China. Ford Motor, Carrier, Tesla, Apple, and Coca-Cola were ranked highest due to their extensive business ties to the country. The assessment considered factors like supply chain dynamics, government connections, and industry regulations in China.",South China Morning Post,-0.258985,Somewhat-Bearish
AAPL,2024-10-02,Germany hit with another OnePlus sales ban after new 5G patent dispute ahead of OnePlus 13 launch,"OnePlus is facing another sales ban in Germany due to a new 5G patent dispute with InterDigital, similar to a prior one with Nokia. This new dispute has halted smartphone sales in the German online store shortly before the anticipated launch of the OnePlus 13. The company is in negotiations with InterDigital to resolve the issue quickly, as the previous dispute took two years to settle.",Notebookcheck,0.101918,Neutral
AAPL,2024-10-03,Cap-weighted vs. equal-weighted ETFs: Which is best for Canadian investors?,"This article explores the pros and cons of cap-weighted versus equal-weighted ETFs for Canadian investors, especially in light of the concentrated dominance of ""Magnificent 7"" tech stocks. It delves into the potential concentration risk of cap-weighted indexes and examines whether equal weighting offers a better solution, ultimately concluding that cap-weighting, due to its simplicity and lower friction costs, tends to be more effective for long-term risk-adjusted returns despite some arguments for equal weighting's diversification benefits.",MoneySense,-0.116261,Neutral
AAPL,2024-10-03,Run the Neighborhood: NBA® 2K25 Arcade Edition Now Available on Apple Arcade,"2K has announced the release of NBA® 2K25 Arcade Edition on Apple Arcade, featuring NBA champion Jayson Tatum on the cover. This latest installment brings new features like an expanded MyCAREER mode with an interactive Neighborhood, a GOAT Challenge to relive NBA legends' careers starting with Jayson Tatum, and an improved tutorial system through Quests. Upcoming Seasons will offer fresh rewards and updates for players across Apple devices including iPhone, iPad, Mac, Apple TV, and Apple Vision Pro.",2K Newsroom,0.429519,Bullish
AAPL,2024-10-03,"Visa monopolizes debit card networks, DOJ lawsuit claims","The U.S. Department of Justice (DOJ) has filed an antitrust lawsuit against Visa Inc., alleging the company maintains an unlawful monopoly on debit card networks. The lawsuit claims Visa engages in anticompetitive practices, such as penalizing banks and merchants using alternative payment systems and making agreements with technology companies like Apple, PayPal, and Square to prevent them from becoming competitors. These actions have allowed Visa to control over 60% of debit card transactions and charge more than $7 billion in processing fees, which the DOJ argues are passed on to consumers.",Class Action Lawsuits,-0.211876,Somewhat-Bearish
AAPL,2024-10-05,TSMC signs deal with US chip test firm,"Taiwan Semiconductor Manufacturing Co (TSMC) has partnered with Amkor Technology Inc to provide advanced packaging and test services in Arizona, supporting customer needs for geographical flexibility in chip manufacturing. This collaboration will establish local advanced packaging capabilities for TSMC's customers, especially those using its Phoenix, Arizona wafer fabrication facilities, and aims to strengthen the US semiconductor ecosystem. Amkor's planned facility in Peoria, Arizona, will be the largest outsourced advanced packaging and test facility in the US, with TSMC leveraging its services for technologies like Integrated Fan-Out (InFO) and Chip on Wafer on Substrate (CoWoS).",Taipei Times,0.337102,Somewhat-Bullish
AAPL,2024-10-07,Apple Dips as Jefferies Says Hopes for AI Phone Are Overblown,"Apple Inc. shares fell after a Jefferies analyst, Edison Lee, stated that investor expectations for the AI-powered iPhone 16/17 are ""premature"" and ""overblown."" Jefferies downgraded its rating on Apple stock to ""hold,"" citing a lack of material new features and limited AI coverage that suggests high market expectations for unit growth will not be met.",Bloomberg.com,-0.382938,Bearish
AAPL,2024-10-07,How BP Hopes to Boost User Touch Points With Its New Loyalty App,"BP has launched a new loyalty app called ""earnify"" to increase customer engagement and drive its mobility business in the U.S. The app allows users to earn points on fuel and in-store purchases, offering rewards and a 5-cents-per-gallon discount on gas. BP expects ""earnify"" to significantly boost daily customer touchpoints globally.",Digital Transactions,0.220648,Somewhat-Bullish
AAPL,2024-10-07,"Top Stock Movers Now: Humana, Amazon, Apple, and More","U.S. equities saw declines at midday due to rising oil futures and bond yields. Humana, Apple, and Amazon shares fell after analyst downgrades, while Super Micro Computer stock jumped following a major GPU delivery to AI factories. Pfizer and Arcadium Lithium also saw gains on positive news regarding investments and potential acquisition.",Investopedia,-0.111106,Neutral
AAPL,2024-10-08,"Florence manufacturing plant closes, resulting in layoffs for 108 workers","Multinational manufacturing company Jabil is closing one of its facilities on Ted Bushelman Drive in Florence, Kentucky, resulting in the layoff of 108 plant workers. The closure is due to one of Jabil's customers moving out of state, and the layoffs are projected to be completed by December 6. Jabil, a Fortune 150 company headquartered in St. Petersburg, Florida, manufactures electronic circuit boards and systems for major companies including Apple, Coca-Cola, and Alphabet.",LINK nky,-0.074058,Neutral
AAPL,2024-10-08,Here’s why I’d avoid the DGRO ETF and buy VOO instead,"The article advises investors to prefer the Vanguard S&P 500 ETF (VOO) over the iShares Core Dividend Growth ETF (DGRO) for long-term investments. Although DGRO has performed well, VOO has demonstrated superior returns and a lower expense ratio. The author argues that DGRO's low dividend yield makes it less attractive compared to government bonds or other dividend-focused ETFs.",Invezz,0.135534,Neutral
AAPL,2024-10-09,3 Powerful ETFs for Income Seekers Looking to Maximize Gains,"This article highlights three ETFs, VOO, XLE, and PEY, that offer income-seeking investors a combination of long-term growth and dividend income. VOO provides broad market exposure with a low expense ratio, XLE offers exposure to the energy sector with a strong dividend yield and potential upside from geopolitical tensions, and PEY focuses on high-dividend-paying stocks with potential for capital appreciation. Each ETF is presented as a suitable option for conservative, buy-and-hold investors looking for stability and income.",MarketBeat,0.28041,Somewhat-Bullish
AAPL,2024-10-09,How Masimo’s 20-year CEO was ousted by activist investors,"This article details how activist investor firm Politan Capital successfully ousted Masimo’s long-standing CEO and founder, Joe Kiani, after a two-year battle. The conflict arose from Masimo's controversial acquisition of Sound United, which led to a significant drop in stock value and concerns from investors. Ultimately, Politan Capital gained majority control of the company's board, leading to Kiani's resignation.",Medical Device Network,0.030588,Neutral
AAPL,2024-10-10,Amazon Adds Apple TV+ to Its Channels Store for Streaming,"Amazon.com Inc. is integrating Apple Inc.'s TV+ streaming service into its US channels store, making popular shows like ""Ted Lasso"" available through Prime. This collaboration will allow Apple to sell TV+ subscriptions directly through Amazon Prime, starting later this month. The announcement was made by Mike Hopkins, senior vice president of Amazon Prime Video, at a Bloomberg conference.",Bloomberg.com,0.404633,Bullish
AAPL,2024-10-10,"Unafraid of Wall Street's pessimism! Apple's stock price approaching a new high, has it shaken off the shadow of the ""Stock God""'s shareholding?","Despite Wall Street's pessimism, Apple's stock price is nearing a new high, seemingly unaffected by Buffett's recent shareholding reduction. The iPhone 16 series, particularly the Pro models, are performing better than expected, although material costs have increased. Analysts remain cautious about short-term sales growth due to limited AI innovation and high valuation.",富途牛牛,-0.05179,Neutral
AAPL,2024-10-11,Living Without Apple CarPlay in the Chevrolet Equinox EV,"The Chevrolet Equinox EV will not offer Apple CarPlay or Android Auto, instead relying on its Google Built-In infotainment system. While the built-in Google Maps offers superior EV-specific routing, the overall user experience, including music apps and text message access, is less intuitive than Apple CarPlay and requires a data subscription. The author questions Chevrolet's decision to omit a popular feature when competitors offer both native and smartphone mirroring systems.",Cars.com,0.002596,Neutral
AAPL,2024-10-11,Texas Instruments: From Calculators to Master Capital Allocators,"Texas Instruments (TI), founded in 1930 as an oil exploration business, evolved into a leading global semiconductor company. The article traces TI's history from its military contributions and invention of the integrated circuit to its near-monopoly in calculators and its current focus on analog and embedded processors. TI is highlighted as a master capital allocator, emphasizing long-term shareholder value through disciplined investments, dividends, and share repurchases, especially during economic downturns.",Quartr,0.403949,Bullish
AAPL,2024-10-11,"US labor board accuses Apple of restricting workers' Slack, social media use","The U.S. National Labor Relations Board has accused Apple of interfering with workers' rights by restricting their use of social media and Slack, and illegally firing an employee for advocating for workplace changes. This marks the second complaint against Apple this month from the NLRB. Apple denies the claims, stating its commitment to a positive workplace and vowing to present facts at a hearing.",Reuters,-0.327244,Somewhat-Bearish
AAPL,2024-10-11,"Wearable Devices Announces the Launch of Mudra Band for Apple Watch on Walmart.com, Expanding Access to Its Innovative Gesture-Controlled Wearable Technology","Wearable Devices Ltd. launched its Mudra Band for Apple Watch on Walmart.com, significantly expanding its market reach in the U.S. This move follows a successful introduction on Amazon, making the AI-powered neural-based gesture control technology more accessible to Apple users nationwide. The Mudra Band allows hands-free interaction with Apple devices using simple neural gestures.",Yahoo Finance,0.250816,Somewhat-Bullish
AAPL,2024-10-13,"Should You Buy Class A Shares of Berkshire Hathaway Below $700,000?","This article examines the investment potential of Berkshire Hathaway's Class A shares, particularly when trading below $700,000. It discusses Berkshire's valuation methods, including price-to-tangible book value and price-to-earnings ratios, and highlights the company's strong business moat, significant cash reserves, and exceptional track record. Despite leadership changes, the article concludes that Class A shares remain a solid long-term investment.",The Globe and Mail,0.265185,Somewhat-Bullish
AAPL,2024-10-14,"Destiny: Rising announced, a free-to-play mobile shooter developed by NetEase","NetEase Games has announced Destiny: Rising, a free-to-play mobile shooter set in an alternate timeline within the Destiny universe. Officially licensed by Bungie, the game will feature hero shooter elements, campaign missions, six-player strikes, and both PVE and PVP modes. Pre-registrations are currently open in the US and Canada, with playtests scheduled to begin on November 1.",Neowin,0.144361,Neutral
AAPL,2024-10-14,"Freedom Holding Corp. celebrates five years on Nasdaq, marking Cyprus’ strategic role","Freedom Holding Corp., parent company of Freedom24, celebrates five years on Nasdaq, highlighting its commitment to transparency and growth. Executive Director Evgenii Tiapkin discusses the challenges and rewards of the Nasdaq listing, the company's significant growth in client numbers, and Cyprus' strategic role as its headquarters. Freedom24 aims to expand its services beyond brokerage to banking with an anticipated EMI license and plans for a ""super app,"" while emphasizing its regulatory compliance and contributions to the Cypriot economy.",Cyprus Mail,0.327686,Somewhat-Bullish
AAPL,2024-10-14,"Jabil opens 516,000 sqft manufacturing site in Croatia","Jabil, a US electronic components maker, has opened a 516,000 square feet manufacturing site in Osijek, Croatia, its first greenfield investment in Europe in 20 years. The facility aims to support customers in the automotive, transportation, and healthcare industries, leveraging Osijek's strategic location and a highly skilled workforce. Jabil also provided financial forecasts for fiscal year 2025, anticipating $27 billion in revenue and restructuring costs between $150 million and $200 million.",Evertiq,0.185814,Somewhat-Bullish
AAPL,2024-10-15,"Nvidia notches record close, could unseat Apple as most valuable company","Nvidia's shares closed at a record high, positioning the AI chipmaker to potentially surpass Apple as the world's most valuable company. Strong demand for its AI processors propelled Nvidia's market value to $3.39 trillion, just shy of Apple's $3.52 trillion, while analysts predict significant revenue growth due to AI data center spending.",Reuters,0.348054,Somewhat-Bullish
AAPL,2024-10-15,Options Backtesting Now Available on tastytrade,"tastytrade has launched a free options backtesting tool for account holders, allowing users to test options strategies against historical market data dating back to 2013 across various time intervals and market events. The platform also enables a detailed download of logs, orders, transactions, and daily settlements in CSV format for a wide range of popular symbols. Additionally, the article features upcoming earnings announcements for several major companies.",tastylive,0.117962,Neutral
AAPL,2024-10-15,Prepare for the rebound in stock prices! Evercore believes the market has exaggerated pessimism about apple.,"Evercore analysts believe the market's pessimism toward Apple is overstated, advising investors to prepare for a stock rebound ahead of the September quarter financial report. They maintain an 'outperform large cap' rating with a $250 target price, citing strong US upgrade demand driven by AI and growth in developing markets. JPMorgan analysts also echo optimism regarding Apple's product supply and delivery times for the Pro Max model.",富途牛牛,0.216474,Somewhat-Bullish
AAPL,2024-10-16,State Street Corp's Strategic Acquisition of Evergy Inc Shares,"State Street Corp increased its holdings in Evergy Inc by acquiring an additional 10,955 shares for $62.01 each, bringing its total to 16,465,218 shares. This strategic move, representing a 0.04% portfolio position, reinforces State Street Corp's investment in the stable utilities sector and Evergy's focus on renewable energy. The acquisition highlights Evergy's fair valuation and strong future potential according to its GF Score of 77.",Yahoo Finance,0.243498,Somewhat-Bullish
AAPL,2024-10-17,Apple celebrates 10 years of Apple Pay,"Apple is celebrating the 10th anniversary of Apple Pay, highlighting its growth to hundreds of millions of users in 78 markets and its role in secure and private transactions. Jennifer Bailey, Apple’s vice president of Apple Pay and Apple Wallet, discusses new features like rewards and installment loans, and the ongoing vision to expand Apple Wallet's capabilities to replace physical wallets. The company attributes Apple Pay's success to its ease of use, privacy, and security, with high customer satisfaction rates.",Apple,0.225484,Somewhat-Bullish
AAPL,2024-10-17,"How much money you'd have now if you invested $1,000 in Netflix 10 years ago","This article analyzes the returns on a $1,000 investment in Netflix over various periods, including one, five, and ten years ago, as well as since its IPO. It highlights Netflix's recent stock performance due to password sharing crackdowns and new initiatives, and also discusses the company's decision to stop providing quarterly subscriber numbers. The article also recommends passive investing strategies like low-cost index funds as an alternative to hand-selecting individual stocks.",CNBC,0.271922,Somewhat-Bullish
AAPL,2024-10-17,Trump says Apple CEO Cook called him with concerns about EU penalties,"Donald Trump stated that Apple CEO Tim Cook contacted him to express concerns about significant financial penalties levied by the European Union against the iPhone maker. Trump mentioned that Cook cited fines totaling $17 billion related to back taxes and an antitrust ruling. Trump reassured Cook that if elected, he would prevent such exploitation of American companies.",Reuters,-0.26173,Somewhat-Bearish
AAPL,2024-10-17,Warren Buffett Pick Breaks Out: IBD Stock Of The Day,"Chubb (CB), a Warren Buffett pick, has been named IBD Stock Of The Day after breaking out above its 294.18 buy point from a flat base, base-on-base pattern. The stock's strong performance, supported by its insurance industry's market strength, comes ahead of its earnings report on October 29. Chubb boasts a high Composite Rating of 93/99, indicating strong technical and fundamental metrics.",Investor's Business Daily,0.175035,Somewhat-Bullish
AAPL,2024-10-17,"iShares Top 20 U.S. Stocks ETF ETF Price, Holdings, & News (NYSEARCA:TOPT) $TOPT","The iShares Top 20 U.S. Stocks ETF (TOPT) tracks the S&P 500 Top 20 Select index, aiming to replicate the performance of the 20 largest U.S. firms by market capitalization within the S&P 500. Launched on October 23, 2024, by BlackRock, TOPT has assets under management of $473.18 million and a net expense ratio of 0.20%, with its stock currently trading at $30.05. Its top holdings include NVIDIA, Apple, Microsoft, and Meta Platforms, reflecting its focus on leading large-cap U.S. technology and financial companies.",MarketBeat,0.06641,Neutral
AAPL,2024-10-18,Data Breach Investigation on Cisco,"CYFIRMA's investigation revealed a significant data leak at Cisco involving the threat actor ""IntelBroker,"" who claimed responsibility for compromising sensitive data including GitHub and GitLab projects, source code, hardcoded credentials, and customer information. This incident poses substantial security, reputational, and supply chain risks to Cisco and its B2B clients, as evidence suggests continued access despite Cisco's security measures. The breach also impacted numerous B2B clients, with potential exposure of their production source codes, and highlights the ongoing threat from the CyberNiggers hacking group.",CYFIRMA,-0.253105,Somewhat-Bearish
AAPL,2024-10-18,Marketing Technology Market Still Has Room to Grow | Emerging,"The global Marketing Technology (MarTech) market is projected to grow significantly from USD 389.1 billion in 2023 to USD 1378.03 billion by 2032, with a CAGR of 19.8%. This growth is driven by trends like personalization, AI integration, real-time marketing, and predictive analytics. North America currently dominates the market, while Asia-Pacific is the fastest-growing region.",openPR.com,0.250244,Somewhat-Bullish
AAPL,2024-10-18,State Street Corp's Strategic Acquisition of John Wiley & Sons Inc Shares,"State Street Corp acquired 1,688,156 shares of John Wiley & Sons Inc (NYSE:WLY) on September 30, 2024, at $48.25 per share, significantly boosting its investment in the media-diversified industry. This strategic move increases State Street's holdings in WLY to 3.70% of its portfolio. Despite WLY being currently overvalued according to GF Value, State Street's acquisition suggests a positive long-term outlook for the academic publishing and online education provider.",Yahoo Finance,0.196244,Somewhat-Bullish
AAPL,2024-10-18,Which AI Stocks Are Leading the Market to New Highs?,"After a sharp selloff, AI-related stocks, including Nvidia, Apple, and Amazon, are once again driving the market to new highs, contributing significantly to recent gains. While the Morningstar Global Next Generation Artificial Intelligence Index is up 30.94% this year, it's also trading at a premium, raising questions about future growth and prompting Morningstar strategists to suggest opportunities might lie in undervalued small-cap and value stocks. This current tech-led recovery mirrors earlier market trends since October 2022, with technology and financial services sectors consistently leading the way.",Morningstar,0.26696,Somewhat-Bullish
AAPL,2024-10-18,"Why this money manager sees FirstService, Novo Nordisk and Microsoft as good long-term holdings","Money manager Paul Harris of Harris Douglas Asset Management Inc. focuses on long-term investments in high-quality businesses, holding onto a core group of about two dozen stocks. He emphasizes that less than 4% of stocks drive most market gains and seeks companies with strong balance sheets and high returns on invested capital. His firm's top holdings include FirstService Corp., Novo Nordisk A/S, and Microsoft Corp., which he continues to buy for new clients due to their strong fundamentals and growth prospects in property management, diabetes/weight-loss drugs, and AI respectively.",The Globe and Mail,0.343162,Somewhat-Bullish
AAPL,2024-10-20,XMAG Stock Fund Price and Chart — NASDAQ:XMAG,"The Defiance Large Cap ex-Mag 7 ETF (XMAG) is a passively managed fund that provides exposure to stocks similar to the S&P 500 Index, but excludes the seven ""Magnificent 7"" companies (Apple, Microsoft, Alphabet, Amazon, Nvidia, Meta, and Tesla). Its objective is to offer a broader and more balanced representation of the US equity market, with holdings weighted by free-float market capitalization from the 700 largest stocks. As of the article, XMAG has $136.62 million in assets under management, and its price has shown a 16.07% increase over the past year.",TradingView,-0.064934,Neutral
AAPL,2024-10-21,MAGS: An Efficient Way To Invest In The Magnificent Seven (NASDAQ:MAGS),"The Roundhill Magnificent Seven ETF (MAGS) offers a diversified, quarterly rebalanced investment strategy focused on the Magnificent Seven tech giants, which are expected to lead market growth. Despite some bubble concerns, MAGS has shown strong performance, appreciating 45.01% in 2024, with reasonable valuations and expected earnings growth of 47.17% over two years. While MAGS carries risks like concentration and derivative-related imbalances, it presents a compelling investment opportunity in a favorable economic environment.",Seeking Alpha,0.325212,Somewhat-Bullish
AAPL,2024-10-22,European Smart Home Industry worth $36.12 billion by 2030,"The European smart home market is projected to reach $36.12 billion by 2030, growing at a CAGR of 7.9% from $24.74 billion in 2025. This growth is driven by seamless connectivity, government incentives, and increasing consumer demand for safety, convenience, and comfort. The behavioral segment is expected to hold a larger market share, while retrofit installations are anticipated to grow at a higher CAGR, with the UK poised to be the second-largest market share holder in Europe.",MarketsandMarkets,0.424477,Bullish
AAPL,2024-10-22,Google Parent Stock Sinks as OpenAI Launches AI-Powered Browser ChatGPT Atlas,"Alphabet Inc. (Google's parent company) stock dropped after OpenAI introduced ChatGPT Atlas, its first AI-powered web browser. ChatGPT Atlas integrates the AI chatbot directly into web browsing, offering features like in-browser assistance and browser memory, which could pose a significant challenge to existing browsers like Google Chrome. The browser is available on MacOS, with Windows, iOS, and Android versions planned soon, and includes a web-browsing agent for task automation.",富途牛牛,-0.306126,Somewhat-Bearish
AAPL,2024-10-22,Verizon earnings imply Apple’s iPhone 16 didn’t have the most ‘auspicious start’,"Verizon's recent earnings report suggests a potentially slow start for Apple's iPhone 16, despite the device launching late in Verizon's third quarter. The key indicator is Verizon's retail postpaid upgrade rate, which dropped to 3.0% from 3.4% a year earlier. This decline in upgrades could be a point of concern for Apple investors looking at early iPhone 16 performance.",MarketWatch,-0.247179,Somewhat-Bearish
AAPL,2024-10-22,XMAG ETF: What to Know About the New Anti-Mag 7 Fund,"The article introduces the XMAG ETF, a new fund designed to exclude the ""Magnificent Seven"" tech stocks (Apple, Nvidia, etc.) from its holdings. This ETF focuses on the hundreds of other stocks within the S&P 500, catering to investors looking beyond the megacap tech firms that have dominated market discussions. It highlights that other S&P 500 components have also performed well recently.",Barron's,0.039529,Neutral
AAPL,2024-10-23,AT&T Revenue Misses Estimates on Lower Equipment Revenue,"AT&T Inc. reported third-quarter revenue that missed analyst estimates, primarily due to lower equipment revenue. Despite this, the company added more mobile subscribers than anticipated, continuing a recent winning streak. AT&T gained 403,000 net new monthly wireless phone subscribers, exceeding projections, but its total revenue remained largely unchanged at $30.2 billion.",Bloomberg.com,-0.162834,Somewhat-Bearish
AAPL,2024-10-23,Cisco Unveils New AI Innovations to Amplify the Employee Experience,"Cisco has introduced new AI-powered solutions at WebexOne to enhance collaboration and boost employee productivity. These innovations include Cisco Spatial Meetings for immersive 3D experiences, Ceiling Microphone Pro with AI-driven adjustments, and new Cisco AI Assistant features for workflow automation and content generation. The goal is to create equitable and exceptional experiences in hybrid work environments and simplify management for IT teams.",Cisco Newsroom,0.37564,Bullish
AAPL,2024-10-24,Ingram Micro IPO: Major tech product distributor debuts on NYSE today after pricing its stock within target range,"Ingram Micro Holding Corporation, a major behind-the-scenes tech product distributor with $48 billion in net sales last year, is making its initial public offering on the NYSE today, October 24, 2024, under the ticker symbol ""INGM"". The shares were priced at $22, within its target range, and the company is offering 18.6 million shares, raising approximately $255 million from its direct share sales. This marks a return to the public market for Ingram Micro, which was previously listed on the NYSE until 2016.",Fast Company,0.203224,Somewhat-Bullish
AAPL,2024-10-24,Twitter Names Marjorie Scardino to Board,"Twitter has appointed Marjorie Scardino, former CEO of Pearson PLC, to its board of directors, addressing previous criticism regarding the absence of women on its all-male board. Scardino, 66, was the first woman to lead a FTSE 100 company and joins the board alongside CEO Dick Costolo and co-founder Jack Dorsey. Her appointment comes after Twitter faced scrutiny, similar to Facebook, for its lack of board diversity.",Naharnet,0.173069,Somewhat-Bullish
AAPL,2024-10-25,Apple supplier Jabil eyes two more India units with $275 million investment,"Apple supplier Jabil plans to invest an additional $250-$275 million (Rs 2,102-Rs 2,312 crore) to establish at least two more manufacturing units in India over the next three to four years. This expansion aims to capitalize on India's growing market for consumer electronics and potentially produce components for various Apple products beyond AirPods casings. The move is part of a broader trend of Apple suppliers increasing their manufacturing presence in India to reduce reliance on China.",The Economic Times,0.380404,Bullish
AAPL,2024-10-25,Clear Harbor Asset Management's Strategic Reduction in Intellicheck Holdings,"Clear Harbor Asset Management reduced its stake in Intellicheck Inc (NASDAQ:IDN) by selling 178,030 shares at $2.17 each on September 30, 2024. This transaction adjusted Clear Harbor's holding to 1,205,854 shares, representing a 0.03% impact on its portfolio. Intellicheck, a company specializing in identity authentication, is currently valued at $47.859 million and is considered modestly undervalued with a GF Value of $2.87.",Yahoo Finance,0.149321,Neutral
AAPL,2024-10-25,"If you invested $10,000 in Apple, Nvidia, or these 8 other stocks in 1999, you'd have over $1 million now","This article examines how a $10,000 investment in specific companies 25 years ago would have yielded over $1 million today. It highlights top performers like Nvidia, Monster Beverage, and Deckers Outdoor, detailing their current worth. The piece also advises against picking individual stocks in favor of diversified investments like index funds due to market unpredictability.",CNBC,0.724806,Bullish
AAPL,2024-10-26,Nvidia overtakes Apple as world's most valuable company,"Nvidia has surpassed Apple to become the world's most valuable company, driven by robust demand for its specialized AI chips. Its market value briefly touched $3.53 trillion, exceeding Apple's $3.52 trillion, as the tech trio including Microsoft remains in a close race for top market capitalization. The surge in Nvidia's stock is fueled by the ongoing boom in generative AI and strong investment in AI capabilities across various companies.",NBC News,0.387726,Bullish
AAPL,2024-10-28,Apple iPhone 16 sales blocked in Indonesia due to local parts rule,"Indonesia has blocked sales of the Apple iPhone 16 due to the company's failure to meet local content requirements, which mandate 40% locally manufactured components. While the phones can be brought in for personal use with taxes paid, Apple has not fulfilled its investment commitment for local certification. This decision comes despite Indonesia being a key market and Apple having invested in app developer academies in the country.",Reuters,-0.393788,Bearish
AAPL,2024-10-28,Apple introduces new iMac supercharged by M4 and Apple Intelligence,"Apple announced a new iMac featuring the powerful M4 chip and Apple Intelligence, boasting significant performance improvements and new features. This updated iMac comes in a range of new colors, offers a nano-texture display option, an enhanced 12MP Center Stage camera, and improved Thunderbolt 4 connectivity. It starts at $1,299, with pre-orders available immediately and shipping beginning November 8, promising a transformative user experience with AI capabilities and privacy protections.",Apple,0.417775,Bullish
AAPL,2024-10-28,How Nvidia Overtook Apple as World's Most Valuable Company,"Nvidia briefly surpassed Apple to become the world's most valuable company, driven by the immense demand for its specialized AI chips crucial for advanced AI applications. This shift highlights the growing importance of AI-driven technologies in the tech market, with Nvidia benefiting significantly from the race among tech giants to dominate AI. While Apple later regained its lead, Nvidia's surge underscores the impact of AI on market valuations and investment trends.",Technology Magazine,0.279768,Somewhat-Bullish
AAPL,2024-10-28,MoneyGram Names Anthony Soohoo as CEO,"MoneyGram International, Inc. has appointed Anthony Soohoo as its new Chief Executive Officer, effective immediately. Mr. Soohoo, an experienced technology executive with a background in digital transformations, succeeds Alex Holmes, who will transition to an advisory role. His focus will be on executing MoneyGram's digital innovation strategy and expanding its global partner network, leveraging his extensive experience in technology, business, and artificial intelligence.",PR Newswire,0.305441,Somewhat-Bullish
AAPL,2024-10-28,Worried About the Magnificent 7? This New S&P 500 Fund Excludes Them,"A new ETF, the Defiance Large Cap ex-Mag 7 ETF (NASDAQ:XMAG), has launched to address investor concerns about the high valuations of the ""Magnificent 7"" tech stocks. This fund includes 493 S&P 500 holdings but specifically excludes the seven major tech companies, offering an alternative for investors seeking large-cap exposure with potentially less risk. While it has a higher expense ratio than standard S&P 500 funds, it caters to those looking for a more diversified approach.",Baystreet.ca,0.147236,Neutral
AAPL,2024-10-29,3 Top Dividend ETFs That Could Build Generation-Spanning Wealth,"This article highlights three top dividend-focused ETFs—iShares Core Dividend Growth ETF (DGRO), Vanguard High Dividend Yield ETF (VYM), and Schwab U.S. Dividend Equity ETF (SCHD)—as efficient ways to build long-term wealth through compound growth. These ETFs offer low expense ratios and hold high-quality companies with consistent dividend histories, providing a reliable investment strategy amidst market volatility. Each fund is detailed with its investment strategy, top holdings, expense ratio, yield, and historical performance over the past decade.",The Motley Fool,0.325492,Somewhat-Bullish
AAPL,2024-10-29,"Apple’s all-new Mac mini is more mighty, more mini, and built for Apple Intelligence","Apple has unveiled an all-new Mac mini, powered by the M4 and M4 Pro chips, featuring significant performance enhancements in a more compact design. This new Mac mini is also built for Apple Intelligence and marks an important environmental milestone as Apple’s first carbon neutral Mac, with over 80 percent reduction in greenhouse gas emissions. Starting at $599, it is available for pre-order today and will be available on November 8.",Apple,0.492942,Bullish
AAPL,2024-10-29,"COPT plans 1GW data center campus outside Des Moines, Iowa","COPT Defense Properties is planning a 1GW data center campus near Des Moines, Iowa, after acquiring a 365-acre land parcel for $32 million. The campus is projected to include 15 buildings totaling 3.3 million square feet and will serve an existing Fortune 100 cloud computing tenant. This expansion leverages Des Moines' attractive land values, power availability, renewable energy access, and tax incentives.",Data Center Dynamics,0.309818,Somewhat-Bullish
AAPL,2024-10-29,Cadence raises fourth-quarter profit forecast on robust demand from chip designers,"Cadence Design Systems increased its annual profit forecast, driven by strong demand for its chip design software, fueled by the generative AI boom. The company reported a significant rise in September quarter revenue, exceeding estimates, and anticipates further growth from its new Palladium supercomputer. This positive outlook reflects resilient semiconductor firms' R&D expenditure despite economic pressures.",ET Telecom,0.515618,Bullish
AAPL,2024-10-29,Corning Inc. Earnings Call Highlights Growth and Challenges,"Corning Inc.'s Q3 earnings call revealed strong financial performance, especially in Optical Communications, with strategic plans like Springboard and a partnership with Apple driving growth. Despite challenges in the automotive sector and rising operating expenses, the company provided optimistic Q4 guidance, projecting continued expansion and profitability.",The Globe and Mail,0.391192,Bullish
AAPL,2024-10-29,Tap to Pay on iPhone expands to more European countries,"Apple has expanded its Tap to Pay on iPhone service to Austria, Czech Republic, Ireland, Romania, and Sweden, allowing millions of merchants to accept contactless payments securely using only an iPhone and a partner-enabled iOS app. This service supports payments from contactless credit/debit cards, Apple Pay, and other digital wallets without requiring additional hardware. Several payment platforms like Adyen, SumUp, and Viva.com are among the first to offer Tap to Pay on iPhone in these new countries, with more expected to follow.",Apple,0.310502,Somewhat-Bullish
AAPL,2024-10-30,Apple introduces M4 Pro and M4 Max,"Apple announced the new M4 Pro and M4 Max chips, expanding the M4 family with enhanced power efficiency and advanced capabilities for Mac. These chips, built on second-generation 3-nanometer technology, feature faster CPUs, GPUs with 2x faster ray-tracing, and significantly increased unified memory bandwidth, along with support for Thunderbolt 5. The M4 Pro and M4 Max are designed to deliver exceptional performance for pro and AI workloads, powering Apple Intelligence on Mac while emphasizing user privacy and environmental benefits.",Apple,0.304279,Somewhat-Bullish
AAPL,2024-10-30,CAE Unveils An Immersive Flight Training Solution Using Virtual Reality,"CAE has launched an immersive flight training application utilizing Apple Vision Pro, a virtual reality headset. This new solution allows pilots to train for procedures within a virtual cockpit, adapt to any aircraft type, and practice critical functions from anywhere. The application, which includes exploration, guided, and flight deck interaction modes, is set to officially roll out in Spring 2025.",Simple Flying,0.298521,Somewhat-Bullish
AAPL,2024-10-30,Fidelity MSCI Information Technology Index ETF Holdings,"This article details the holdings of the Fidelity MSCI Information Technology Index ETF (FTEC), which launched on October 21, 2013, focusing on information technology equity. The ETF manages $15.298 billion in assets across 286 holdings, tracking a market-cap-weighted index of US information technology stocks. It lists top holdings like NVIDIA, Apple, and Microsoft, and provides a comprehensive log of recent changes in its portfolio.",Quiver Quantitative,0.256987,Somewhat-Bullish
AAPL,2024-10-30,Vanguard Information Technology ETF: 3 Reasons Why Investors Need to Own VGT Right Now,"The Vanguard Information Technology ETF (VGT) is highlighted as a strong investment due to its focus on U.S. tech stocks, particularly mega-cap growth companies like Apple, Microsoft, and Nvidia. The article discusses VGT's impressive historical performance, its low expense ratio of 0.1%, and its significant exposure to leading technology growth companies, especially those benefiting from AI advancements. Investors are encouraged to consider VGT for long-term portfolio growth, possibly employing a dollar-cost averaging strategy to mitigate volatility.",24/7 Wall St.,0.32635,Somewhat-Bullish
AAPL,2024-10-31,BlackRock launches ETF that expands beyond the ‘Magnificent Seven',"BlackRock's iShares has launched the iShares Top 20 U.S. Stocks ETF (TOPT) to offer investors diversification beyond the ""Magnificent Seven"" tech giants. This new ETF comprises the 20 largest U.S. stocks by market capitalization, aiming to provide a broader and more diversified investment in leading U.S. companies. The move comes as some investors worry about the concentration of the Magnificent Seven in the S&P 500 and their high valuations.",NBC Los Angeles,-0.128349,Neutral
AAPL,2024-10-31,Dimensional US High Profitability ETF Holdings,"This article details the holdings of the Dimensional US High Profitability ETF (DUHP), which focuses on large-cap US stocks selected for high profitability. The ETF, established on February 23, 2022, has over $10.7 billion in AUM and 158 holdings. Key holdings include NVIDIA, Apple, Eli Lilly, and Microsoft, with a section also listing recent changes in its portfolio.",Quiver Quantitative,0.331654,Somewhat-Bullish
AAPL,2024-10-31,Ford's head of integrated services leaves automaker to join Peloton,"Peter Stern, Ford's head of integrated services, is departing the automaker after approximately one year to become CEO of Peloton, effective January 1, 2025. Stern was responsible for developing Ford's recurring revenue from vehicle services. Michael Amend will lead Ford's digital services unit on an interim basis.",Reuters,-0.087119,Neutral
AAPL,2024-10-31,"Lambda CEO Stephen Balaban says S. Korea has Fast-Paced AI Innovation, SKT-Lambda Partnership to Bring Exciting Changes | SK telecom newsroom","Stephen Balaban, CEO of Lambda, discusses their partnership with SK Telecom (SKT) to expand into the AI infrastructure market, including the launch of a GPU-as-a-Service (GPUaaS) in Seoul. Balaban highlights Korea's fast-paced AI innovation and emphasizes Lambda's strategy of building the best product for customers. He will also deliver a keynote speech at the ""SK AI Summit 2024"" discussing shifts in AI and the growing importance of open models and GPUs.",SK텔레콤 뉴스룸,0.327506,Somewhat-Bullish
AAPL,2024-10-31,PodcastOne Engages MZ Group to Lead Strategic Investor Relations Program,"PodcastOne (PODC) has engaged MZ Group to manage its investor relations and financial communications program to enhance visibility within the investment community. The company, the only pure-play podcast network listed on a US national exchange, highlights its significant content portfolio with 181 exclusive podcasts, 19 million monthly downloads, and 5 million unique listeners, operating in a $2 billion market. This partnership aims to strengthen investor awareness for PodcastOne's unique market position and growth strategy.",Stock Titan,0.143977,Neutral
AAPL,2024-10-31,T. Rowe Price PM a ‘big believer’ in crypto,"Dominic Rizzo, who manages T. Rowe Price’s new technology-focused ETF, believes in crypto, DeFi, and stablecoins, seeing numerous future applications for these technologies. He notes that while there aren't many direct public market equity exposures to these trends, Coinbase (COIN) is a key exception within his investment framework due to its role as a ""linchpin technology"" and its strong fundamentals. Rizzo expects more crypto equity opportunities to emerge as the trend continues to grow.",Blockworks,0.219341,Somewhat-Bullish
AAPL,2024-10-31,iShares Core S&P Total U.S. Stock Market ETF Holdings,"This article provides a detailed list of the holdings for the iShares Core S&P Total U.S. Stock Market ETF (ITOT), which was established in 2004 and focuses on total market equity. The ETF has significant assets under management and tracks a market cap-weighted index of all common equities listed on the NYSE and NASDAQ. The list highlights major corporate investments, including technology giants like NVIDIA, Apple, and Microsoft, and also provides recent changes in the ETF's holdings, showing detailed share adjustments for various companies.",Quiver Quantitative,0.298155,Somewhat-Bullish
AAPL,2024-11-01,"Apple Earnings: Our Valuation Rises to Reflect Stronger Long-Term Growth, but Less of an AI Impact","Morningstar has raised its fair value estimate for Apple to $200 from $185, driven by stronger longer-term growth expectations, particularly from iPhone unit sales and the services segment, along with expected margin expansion. However, the short-term forecast for iPhone revenue has been lowered due to a perceived lesser impact from AI on unit sales in the immediate future, leading to the conclusion that shares are currently overvalued. The article notes a positive inflection in iPhone revenue in the September quarter and continued strong growth in services.",Morningstar,-0.280268,Somewhat-Bearish
AAPL,2024-11-01,Apple accused by NLRB of deterring employees from discussing pay equity,"The National Labor Relations Board (NLRB) has filed a complaint accusing Apple of preventing employees from discussing pay equity and forcing an engineer to quit after she circulated a wage survey. This marks the third such complaint in a month against Apple, which is also alleged to have barred a Slack channel for pay equity discussions and restricted employees' use of social media and workplace messaging. Apple denies the claims, stating that it strongly disagrees and will share the facts at the hearing.",Reuters,-0.608617,Bearish
AAPL,2024-11-01,Apple commits $1.5 billion to Globalstar for expanded iPhone satellite services,"Apple has committed approximately $1.5 billion to Globalstar to expand iPhone satellite services, with the deal including $1.1 billion in cash and a 20% equity stake for Apple. This funding will enable Globalstar to acquire new satellites and enhance its ground infrastructure, further supporting direct-to-device satellite connectivity for iPhones, similar to the emergency satellite texting service rolled out in 2022. Globalstar's stock saw a significant jump of 31.4% following the announcement.",CNBC,0.62767,Bullish
AAPL,2024-11-01,"Tech layoffs tracker 2024: Dropbox, Meta, Tidal cut jobs in October","In October 2024, significant tech companies like Dropbox, Meta, and Tidal continued to announce job cuts, affecting thousands of employees. While these layoffs are devastating, overall numbers for tech layoffs in 2024 are down compared to 2023, with 142,532 employees laid off from 484 companies this year versus 264,220 from 1,193 companies last year. Dropbox, for instance, cut 20% of its workforce, citing softening demand and an overly complex organizational structure.",Fast Company,-0.105798,Neutral
AAPL,2024-11-02,CoreCard Corporation (NYSE:CCRD) Q3 2024 Earnings Call Transcript,"CoreCard Corporation (NYSE:CCRD) reported better-than-expected Q3 2024 results, with total revenue up 17% year-over-year to $15.7 million, driven by higher license, professional services, and processing/maintenance revenues. The company provided 2025 guidance forecasting total revenue between $60 million and $64 million, and earnings per share between $0.88 and $0.94, with revenue growth excluding Goldman Sachs anticipated at 30% to 40%. CEO Leland Strange also discussed the secured Goldman Sachs agreement through 2026, the ongoing development of their CoreFi platform, and the company's share repurchase program, reiterating that the stock is undervalued.",Insider Monkey,0.231323,Somewhat-Bullish
AAPL,2024-11-05,Nvidia briefly overtakes Apple as world's most valuable company—it began in a breakfast booth at Denny's,"Nvidia briefly surpassed Apple as the world's most valuable company with a market cap of $3.38 trillion driven by its advanced AI chips. The company's journey began with its co-founders at a Denny's in 1993, overcoming early failures to become a dominant force in AI and computing. CEO Jensen Huang attributes their success to a combination of vision, luck, and 61 years of hard work.",CNBC,0.175872,Somewhat-Bullish
AAPL,2024-11-05,Nvidia passes Apple as world's most valuable company,"Nvidia has once again surpassed Apple to become the world's most valuable publicly traded company, reaching a market cap of $3.43 trillion. This comes as Nvidia's stock has nearly tripled in 2024 due to high demand for its GPUs in the AI market, while Apple's shares are up about 17% this year. Nvidia is also set to join the Dow Industrial Average, replacing Intel.",CNBC,0.214005,Somewhat-Bullish
AAPL,2024-11-05,Nvidia surpasses Apple to become world’s most valuable company,"Nvidia has overtaken Apple to become the world's most valuable company, with its market capitalization reaching $3.43 trillion. This shift highlights the increasing dominance of artificial intelligence in the technology sector, as Nvidia's shares have nearly tripled in 2024. The AI darling's stock closed at $139.91 on Tuesday.",The Washington Post,0.457269,Bullish
AAPL,2024-11-05,Vanguard Group Inc's Strategic Acquisition of Aspen Aerogels Inc Shares,"Vanguard Group Inc significantly increased its holdings in Aspen Aerogels Inc by acquiring an additional 118,603 shares, bringing its total to over 4.1 million shares. This move reflects Vanguard's confidence in Aspen Aerogels' growth potential within the sustainable technology sector, aligning with its long-term investment philosophy despite recent stock fluctuations. The acquisition also represents a strategic diversification into the construction sector for Vanguard.",GuruFocus,0.202113,Somewhat-Bullish
AAPL,2024-11-05,Vanguard Group Inc's Strategic Acquisition of Atossa Therapeutics Inc Shares,"Vanguard Group Inc acquired over 6.5 million shares of Atossa Therapeutics Inc on September 30, 2024, at $1.52 per share, increasing its biotechnology holdings. This acquisition maintains a 5.24% position ratio in Atossa for Vanguard, aligning with its diversification and long-term growth strategy. Atossa Therapeutics, a clinical-stage biopharmaceutical company focusing on breast cancer and COVID-19 treatments, has a market cap of $176.06 million and a current stock price of $1.40, facing challenges in profitability and growth despite its strong financial strength.",GuruFocus,0.134345,Neutral
AAPL,2024-11-06,Analysts Say ‘We Would Be Aggressive Buyers on Any Pullbacks’ in Microsoft Stock. Should You Be Too?,"Despite a slight dip after its latest earnings report due to increased capital expenditures, Microsoft (MSFT) is viewed by analysts, including Morgan Stanley's Keith Weiss, as a strong buy on any pullbacks. The company exceeded Q1 earnings expectations across all segments, particularly in Intelligent Cloud (Azure), and analysts project continued strong growth for its stock. With 41 out of 48 analysts recommending a ""Strong Buy"" and an average price target implying a 27% upside, the sentiment suggests that Microsoft's AI advancements and robust financial performance make it an attractive investment despite market fluctuations.",Barchart.com,0.148513,Neutral
AAPL,2024-11-06,SolarEdge Announces Changes to the Board of Directors,"SolarEdge Technologies, Inc. announced changes to its Board of Directors, electing Avery More as Chairman and appointing Guy Gecht as a new member. Gecht, bringing extensive experience from the technology and cybersecurity sectors, will replace Tal Payne, who stepped down. The company expressed confidence that these changes will strengthen the Board and guide future innovation and growth.",Business Wire,0.27784,Somewhat-Bullish
AAPL,2024-11-07,"After Earnings, Is Apple Stock a Buy, a Sell, or Fairly Valued?","Morningstar raised its fair value estimate for Apple to $200 per share, reflecting better long-term growth expectations despite trimming short-term estimates due to lower anticipated AI impact on iPhone sales. Despite the upward revision, Morningstar considers Apple's stock overvalued, citing growth headwinds in the mature smartphone market and increased competition. The services business remains a key growth driver, and Apple maintains a wide economic moat due to its strong ecosystem, and financial strength, though it faces risks from consumer reliance and geopolitical supply chain issues.",Morningstar,-0.240846,Somewhat-Bearish
AAPL,2024-11-07,Is Apple Inc. (AAPL) a Good Stock to Buy Now According to Redditors?,"This article examines Apple Inc. (NASDAQ:AAPL) as a stock to buy according to Redditors, ranking it 5th on a list of top trending stocks. It discusses recent market trends, the impact of AI on mega-cap stocks, and strategies for hedging risks. The article highlights Apple's strong fundamentals, cash reserves, and growth potential, particularly with its new Apple Intelligence platform, citing positive analyst sentiments and a record-breaking September quarter.",Yahoo Finance,0.214315,Somewhat-Bullish
AAPL,2024-11-07,SolarBank Expands into the projected $395 Billion Data Center Market as Developer and Strategic Partner,"SolarBank Corporation is strategically expanding into the rapidly growing data center market, projected to reach $395 billion by 2030, by pursuing opportunities as a developer, owner, and strategic partner. The company aims to provide high-performance, sustainable energy solutions, leveraging its renewable energy expertise to meet the industry's vast energy requirements. SolarBank is actively exploring partnerships to deliver energy-efficient, carbon-reducing data center solutions that align with the sustainability goals of major tech companies.",PR Newswire,0.379408,Bullish
AAPL,2024-11-08,"World's Largest Technology Company by Revenue, world record set by Apple Inc.","Apple Inc. has set a world record for being the World's Largest Technology Company by Revenue, with US$383.29 billion in revenues in 2023. The company, founded in 1976, is headquartered in Cupertino, California, and is known for its consumer electronics, software, and services. Apple has also been recognized as the world's most valuable brand and the largest company by market capitalization.",worldrecordacademy.org,0.70394,Bullish
AAPL,2024-11-11,"AAPX ETF Analysis: Dividends, Returns CBOE:AAPX","The AAPX ETF is designed for short-term bullish bets on Apple Inc. stock, offering 200% daily leveraged exposure through swap agreements. Managed by Tuttle Capital Management LLC, it launched on January 11, 2024, with an expense ratio of 1.05%. The fund is high-risk, performing daily rebalancing to maintain its leverage, and is not suitable for long-term investment due to compounding effects and potential for significant losses.",TradingView,-0.076238,Neutral
AAPL,2024-11-11,AAPX Stock Fund Price and Chart — CBOE:AAPX,"This article provides detailed financial information and analysis for the T-Rex 2X Long Apple Daily Target ETF (AAPX), an ETF designed for short-term bullish bets on Apple's stock through leveraged swap agreements. It covers various metrics including price, NAV, AUM, expense ratio, and technical analysis, highlighting its high-risk nature due to daily rebalancing and leverage. The fund aims to achieve 200% daily leveraged exposure to Apple and is not intended for long-term investment.",TradingView,0.034494,Neutral
AAPL,2024-11-11,Intel fuels R&D Surge: Chip wars amid Asian AI expansion,"The R&D World Index saw a modest climb, driven by Intel's gains and strategic expansion in Asia, while Honda experienced setbacks. The article highlights significant R&D developments including CATL's advancements in solid-state batteries, Apple's new subsidiary in India, TSMC facing U.S. export restrictions on AI chips to China, and DuPont's growth fueled by AI-based semiconductor products. It also touches on Toyota's revised sales forecast and China's large debt rescue package.",R&D World,0.307166,Somewhat-Bullish
AAPL,2024-11-12,"Apple’s Next Device Is an AI Wall Tablet for Home Control, Siri and Video Calls","Apple is preparing to launch a new wall-mounted AI tablet, code-named J490, designed to be a smart home command center. The device will control appliances, handle video calls, and leverage the new Apple Intelligence AI platform, positioning Apple to compete with rivals like Amazon and Google in the smart home market. A more advanced, robotic version with an AI personality is also in development, potentially priced up to $1,000.",Yahoo Finance,0.169331,Somewhat-Bullish
AAPL,2024-11-12,FIL Ltd Increases Stake in Noah Holdings Ltd,"FIL Ltd (Fidelity Worldwide Investments) significantly increased its stake in Noah Holdings Ltd (NOAH) on November 8, 2024, acquiring an additional 14,242,730 shares at $12.24 each. This transaction boosts FIL Ltd's total holdings in the Chinese wealth management firm to 19,140,955 shares, representing a 5.79% stake in the company. The strategic move reflects FIL Ltd's confidence in Noah Holdings' growth potential and strengthens its position in the Asian financial services market.",GuruFocus,0.215612,Somewhat-Bullish
AAPL,2024-11-12,Polen Capital Focus Growth Strategy Exited Salesforce (CRM) for Better Opportunities,"Polen Capital's Focus Growth Strategy exited its position in Salesforce (CRM) during the third quarter of 2024 to pursue better opportunities in companies like Shopify and MSCI. The decision was driven by Salesforce's slower-than-expected revenue growth in a weakening macroeconomic environment and the maturity of its core end markets. Salesforce, Inc. saw an 18.51% one-month return and a 54.50% gain over the last 52 weeks but contributed negatively to Polen Focus Growth Strategy's performance due to a slowdown in revenue and bookings growth.",Yahoo Finance,0.038545,Neutral
AAPL,2024-11-12,Schwab US Large-Cap ETF (SCHX) Is a Buy Right Now,"The Schwab U.S. Large-Cap ETF (SCHX) is highlighted as a compelling investment option due to its low expense ratio (0.03%), broad diversification across large-cap U.S. equities, and strong recent performance. It tracks approximately 750 of the largest publicly-traded U.S. stocks, with significant weight in tech giants like Apple, Microsoft, and Nvidia. The article discusses both the potential for continued outperformance in large-cap stocks and the inherent market risks, especially concerning high valuations.",24/7 Wall St.,0.307941,Somewhat-Bullish
AAPL,2024-11-12,Think value and growth — not just value or growth,"This article argues that investors should consider investing in both value and growth stocks, rather than exclusively one or the other. It highlights the historically high concentration in equity markets driven by a few large growth stocks, elevated growth valuations, and the potential for a market leadership change where value could outperform. The authors suggest that diversification is key to mitigate risk and that combining value and growth strategies makes sense.",Invesco,0.295071,Somewhat-Bullish
AAPL,2024-11-12,Top 22 US Companies in 2026 (Updated List),"This article lists and describes the top 22 US companies in 2026, highlighting their market capitalization as of February 2024 and the reasons for their success and popularity. It covers tech giants like Apple and Microsoft, e-commerce leader Amazon, financial services providers like Visa and Mastercard, and pharmaceutical and energy companies. The article aims to inform readers about the key players in the American business landscape and what makes them significant.",Marketing91,0.383208,Bullish
AAPL,2024-11-14,"Buffett's Berkshire Buys Shares of Domino's Pizza and Pool Corp., Dumps Apple Stock","Warren Buffett's Berkshire Hathaway acquired stakes in Domino's Pizza and Pool Corp. during the third quarter of 2024, while significantly reducing its holdings in Apple and Bank of America. Berkshire's cash pile surged to a record $320.3 billion, indicating a net selling position for the conglomerate as it awaits new investment opportunities. The company also slashed its stake in Ulta Beauty and added to Heico Corp.",Investopedia,-0.037443,Neutral
AAPL,2024-11-14,"Buffett’s Berkshire Buys Stakes in Domino’s Pizza, Pool Corp. (DPZ, BRK/A): 13F","Berkshire Hathaway Inc. acquired stakes in Domino’s Pizza Inc. and Pool Corp. during the third quarter, while simultaneously trimming some long-held investments. The conglomerate, led by Warren Buffett, purchased approximately 1.3 million shares in Domino's, establishing a 3.6% stake valued at around $550 million. These new holdings were disclosed in a regulatory filing, and shares of both companies saw a jump in late New York trading.",Bloomberg.com,0.124702,Neutral
AAPL,2024-11-14,New Snapchat feature targets families with teens,"Snapchat is introducing new live location sharing and ""Travel Notification"" features within its Family Center, aimed at enhancing safety for parents and teens. Parents can request their teen's live location and receive alerts when teens arrive at or depart specific locations. These features, which emphasize user consent and privacy settings, are rolling out in the coming weeks and build upon Snapchat's existing Snap Map functionality.",Pocket-lint,0.227711,Somewhat-Bullish
AAPL,2024-11-14,"Warren Buffett reveals craving for Domino’s, while cutting back on Apple — on Berkshire’s investment portfolio","Warren Buffett's Berkshire Hathaway made new investments in Domino’s Pizza and Pool Corp. in the third quarter of 2024, while simultaneously reducing its stakes in Apple and Bank of America. The company significantly increased its cash holdings to $325.2 billion and sold $36.1 billion of stocks, signaling a cautious approach amidst potentially high valuations. Berkshire maintained its diversified portfolio, adding to Heico and exiting Floor & Decor and most of Ulta Beauty.",New York Post,0.034263,Neutral
AAPL,2024-11-15,"Berkshire bites into Domino's Pizza, dips into Pool amid stock retreat","Warren Buffett's Berkshire Hathaway disclosed new investments in Domino's Pizza and Pool Corp during the third quarter of 2024, despite significantly reducing its overall stock holdings, particularly in Apple and Bank of America. These purchases come as Berkshire nearly doubled its cash reserves to $325.2 billion and halted stock buybacks, suggesting a cautious stance amid high valuations. The new investments caused shares of Domino's and Pool to rise, reflecting investor confidence in Berkshire's selections.",Reuters,0.085322,Neutral
AAPL,2024-11-15,"Berkshire bites into Domino's Pizza, dips into Pool as stock retreat","Warren Buffett's Berkshire Hathaway announced new investments in Domino's Pizza and Pool Corp in the third quarter, while simultaneously reducing its holdings in stocks like Apple and Bank of America. The conglomerate also significantly increased its cash reserves to $325.2 billion and halted stock repurchases, suggesting a cautious outlook on current market valuations, while still preserving capacity for a major acquisition.",Business Standard,0.068275,Neutral
AAPL,2024-11-15,Palantir Stock Rises as It Shifts Listing To Nasdaq,"Palantir Technologies announced its decision to move its stock listing from the New York Stock Exchange to the Nasdaq Global Select Market, with trading set to begin on November 26. This move, which is expected to make the company eligible for Nasdaq 100 inclusion, caused Palantir's shares to jump 6% on Friday morning. The company's stock, trading under the ""PLTR"" symbol, has seen significant growth in 2024, rising from $16.58 to around $63 per share.",Investopedia,0.347824,Somewhat-Bullish
AAPL,2024-11-16,Chilton Investment Co LLC Boosts Stake in Apple Inc,"Chilton Investment Co LLC, managed by Richard Chilton, has increased its stake in Apple Inc (AAPL) by 26,195 shares. Spark, TipRanks' AI Analyst, rates AAPL as ""Outperform"" due to its strong financial performance and robust revenue growth, despite high valuation and overbought technical indicators. Apple's strategic focus on services and overcoming supply chain issues are seen as positive long-term growth factors.",The Globe and Mail,0.538212,Bullish
AAPL,2024-11-18,"Biden locks in $6.6B for TSMC chip factories, ensuring Trump can’t rescind CHIPS Act deal","The Biden administration has finalized a $6.6 billion award with Taiwan Semiconductor Manufacturing Company (TSMC) for its chip factories in Phoenix, along with up to $5 billion in loans, largely to secure the deal against potential changes by President-elect Donald Trump. This investment, part of the CHIPS and Science Act, aims to boost domestic semiconductor manufacturing and create thousands of jobs in Arizona. Despite Trump's previous opposition to similar deals, the finalized contract is binding, ensuring the continuation of a project critical for U.S. economic and national security.",Arizona Mirror,0.360301,Bullish
AAPL,2024-11-18,FBY: One Of My Favorite Santa's Income Plays,"The author sees an opportunity to invest in big tech, particularly META, after a recent market sell-off, citing strong leadership and innovation. FBY, a YieldMax ETF for META, is highlighted as a favorable pick for high dividends and potential capital gains, especially in anticipation of a ""Santa rally."" The article suggests FBY offers a safer income play through covered call strategies compared to direct stock ownership.",Seeking Alpha,0.115772,Neutral
AAPL,2024-11-18,"What’s up with… SK Telecom, T-Mobile US, the FCC","SK Telecom has launched an AI Customer Service Support System underpinned by its proprietary Telco LLM and LMM, aiming to set new standards in customer service. T-Mobile US was reportedly among the telcos targeted by Chinese cybercriminals in an extensive espionage campaign. Meanwhile, Brendan Carr is set to become the next FCC chairman, poised to introduce significant policy changes, and the global telecom and pay-TV services sector is projected for healthy growth in 2024.",TelecomTV,-0.133963,Neutral
AAPL,2024-11-19,Corsair Unveils The First True Gaming Keyboard And Mouse For Macs,"Corsair has launched the first true gaming keyboard and mouse designed specifically for Macs, aiming to enhance the gaming experience on Apple devices. The K65 Plus Wireless keyboard and M75 Wireless gaming mouse come in Mac-exclusive colorways and are available through Apple. These peripherals, coupled with Apple's recent focus on gaming and the powerful M4 chip in the Mac mini, suggest a growing potential for Mac gaming.",HotHardware,0.399284,Bullish
AAPL,2024-11-19,Dolby Laboratories Reports Fourth Quarter and Fiscal Year 2024 Financial Results,"Dolby Laboratories announced strong financial results for Q4 and fiscal year 2024, with total revenue reaching $305 million and $1.27 billion respectively. The company highlighted strategic progress including the acquisition of GE Licensing and THEO Technologies, significant expansion in automotive partnerships for Dolby Atmos, and widespread adoption of Dolby technologies in new consumer electronics and platforms. Dolby also provided an optimistic financial outlook for fiscal year 2025, projecting continued growth in revenue and earnings per share.",PR Newswire,0.352448,Bullish
AAPL,2024-11-19,Fidelity High Dividend ETF Holdings,"This article details the holdings of the Fidelity High Dividend ETF (FDVV), established in 2016 and primarily focused on high dividend yield equities. It lists the top holdings by estimated value, such as NVIDIA, Apple, and Microsoft, and provides a comprehensive log of recent changes in the ETF's portfolio, including buys and sells of various company shares and treasury bills up to February 2026. The ETF currently manages $8821.8 million in assets across 99 holdings.",Quiver Quantitative,0.320603,Somewhat-Bullish
AAPL,2024-11-19,Kurv Investment Management Completes Reorganization of Yield Premium Suite to Proprietary Trust,"Kurv Investment Management has successfully reorganized its Yield Premium Suite ETFs into the Kurv ETF Trust, a move aimed at enhancing operational control and efficiency. This transition consolidates all ETFs under one trust, including those tracking major tech companies like Amazon, Apple, and Microsoft. The reorganization does not alter the funds' names, investment objectives, strategies, risks, or expense ratios, ensuring continuity for investors.",富途牛牛,0.308286,Somewhat-Bullish
AAPL,2024-11-19,The Smartest Megacap Growth ETF to Buy With $500 Right Now,"This article recommends the Vanguard Mega Cap Growth ETF (MGK) as a top investment for those seeking exposure to leading growth stocks, especially in technology and other high-potential industries, for as little as $500. The ETF has significantly outperformed the S&P 500 in both the short and long term, boasting a low expense ratio and diversified holdings including Apple, Nvidia, and Microsoft. It highlights the benefits of ETFs for easy diversification and access to market-leading companies without requiring extensive individual stock research.",The Motley Fool,0.539489,Bullish
AAPL,2024-11-19,This Is How John Deere Robs Farmers of Billions of Dollars,"The article exposes how John Deere and other companies use proprietary software and parts pairing to control repairs, effectively making it difficult for consumers, particularly farmers, to fix their own equipment. This practice, exemplified by a Montana rancher's experience with a John Deere tractor, leads to significant financial losses for owners and has sparked a ""right to repair"" movement, drawing scrutiny from regulators and resulting in new legislation.",More Perfect Union | Substack,-0.318422,Somewhat-Bearish
AAPL,2024-11-19,Wearable Devices Ltd. Unveils Mudra Band and Mudra Link: Revolutionary Neural Wristband Technology for Gesture Control,"Wearable Devices Ltd. has launched the Mudra Band and Mudra Link, innovative neural wristbands using proprietary Surface Nerve Conductance (SNC) technology for intuitive gesture control of digital devices. These devices aim to enhance user interaction in extended reality (XR) experiences by interpreting neural signals from wrist movements, offering a hands-free interface compatible with various operating systems. The technology allows gesture recognition even when hands are not visible, setting a new standard for user interaction in the rapidly evolving tech landscape.",Quiver Quantitative,0.258456,Somewhat-Bullish
AAPL,2024-11-20,"Black Friday Arrives at T-Mobile: Unwrap 4 Lines for Only $100/mo, 4 iPhone 16 on Us and More","T-Mobile and Metro by T-Mobile are launching Black Friday and Cyber Monday deals, including special offers on the latest iPhone 16 lineup and other Apple products. Customers can get four lines for $100/month with four iPhone 16s on Us, or other device discounts with eligible trade-ins and plans. The promotions also include an ultimate Apple bundle for Cyber Monday, offering an iPhone 16 Pro, Apple Watch SE 2nd Gen, and AirPods 4 all on Us.",Business Wire,0.378024,Bullish
AAPL,2024-11-20,Global X NASDAQ 100 Covered Call ETF Holdings,"This article details the holdings of the Global X NASDAQ 100 Covered Call ETF (QYLD), created by Global X on December 12, 2013. The ETF focuses on large-cap equity, has $8,076.34 million in AUM, and holds 102 stocks, tracking the Nasdaq 100 by selling call options. The top holdings include NVIDIA Corp, Apple Inc, and Microsoft Corp, with a comprehensive list of holdings and recent changes provided.",Quiver Quantitative,0.145292,Neutral
AAPL,2024-11-20,VOOG vs. SCHG: Which Is the Better Growth Stock ETF?,"This article compares two popular growth ETFs, the Vanguard S&P 500 ETF (VOOG) and the Schwab U.S. Large Cap Growth ETF (SCHG). While both are strong performers with similar portfolios of top growth stocks like Apple, Microsoft, and Nvidia, SCHG consistently outperforms VOOG in 3, 5, and 10-year returns and boasts a significantly lower expense ratio. The analysis concludes that SCHG is the better choice due to its superior performance and lower costs.",Nasdaq,0.304133,Somewhat-Bullish
AAPL,2024-11-21,America eats the world,"This article discusses the unprecedented dominance of US equities in the world market, with the S&P 500 now accounting for two-thirds of the world equity index. It explores how this concentration has occurred, driven by the rise of technology and the ""Magnificent Seven"" tech stocks, and questions whether this momentum is sustainable in the long term, especially considering the shift of these tech giants towards more capital-heavy AI investments. The author uses a ""second-level thinking"" approach to analyze the drivers and potential challenges to this US market leadership.",Morningstar Australia,0.132655,Neutral
AAPL,2024-11-21,"Applied Materials launches a maskless OLED production technology, to support 8-Gen high efficiency OLED deposition and encapsulation","Applied Materials has launched MAX OLED, a maskless production technology for OLED displays that promises brighter, clearer, more energy-efficient, and longer-lasting panels. This technology supports large glass substrates up to 8-Gen, aims to reduce production costs, and has already garnered repeat orders from leading display makers including Samsung Display. It achieves significant improvements in brightness, power consumption, and lifetime by individually depositing and encapsulating each pixel without a mask, doubling the aperture ratio compared to FMM deposition.",OLED-Info,0.280791,Somewhat-Bullish
AAPL,2024-11-21,"How To Dallas"" app seeks to build community for newcomers","A North Texas news station, WFAA, and its parent company Tegna have launched a new app called ""How To Dallas"" aimed at building community for young newcomers to the city. The app is designed to be user-propelled, allowing individuals to ask and answer questions about local recommendations, and also facilitates real-world meetups and educational programming. The initiative seeks to create a welcoming ""third place"" for people to connect and feel a sense of belonging in Dallas.",Axios,0.111394,Neutral
AAPL,2024-11-21,Under the Hood of Fidelity’s Blue Chip Growth,"The Fidelity Blue Chip Growth ETF (FBCG) is an active U.S. equity growth strategy with a large-cap bias that has outperformed its benchmark, the Russel 1000 Growth index. The fund focuses on identifying blue chip companies with sustainable business models, high returns on equity, and strong revenue and earnings growth through bottom-up fundamental analysis. FBCG's portfolio includes both mega-cap companies and smaller emerging growers, aiming for consistent +10% annual EPS growth.",ETF Database,0.499209,Bullish
AAPL,2024-11-21,Under the Hood of Fidelity’s Blue Chip Growth ETF,"The Fidelity Blue Chip Growth ETF (FBCG) is an actively managed U.S. equity growth strategy that has significantly outperformed its benchmark, the Russel 1000 Growth index. The fund employs bottom-up fundamental analysis to identify blue chip companies with sustainable business models, high returns on equity, and strong earnings growth, including both mega-cap and emerging companies. FBCG's active management and investment strategy have led to attractive returns for investors.",ETF Trends,0.444,Bullish
AAPL,2024-11-22,ICLV: Value With Some Tech Exposure (NYSEARCA:ILCV),"The iShares Morningstar Value ETF (ILCV) offers a diversified portfolio of 444 large- and mid-cap U.S. stocks with a low expense ratio of 0.04%. It balances traditional value sectors like Financials and Industrials with growth areas such as Information Technology and Health Care. This mix provides pure domestic market exposure and aims for a balanced risk-return profile, despite some concentration in the Financial sector.",Seeking Alpha,0.196077,Somewhat-Bullish
AAPL,2024-11-23,"Billionaire Warren Buffett Pours $752,000,000 Into New Assets After Dumping Apple, Bank of America","Warren Buffett's Berkshire Hathaway has invested $752 million into new assets, Domino's (DPZ) and Pool Corp (POOL), while significantly reducing its holdings in Apple (AAPL) and Bank of America (BAC). The firm's 13F filing shows a continued commitment to consumer-focused businesses with competitive advantages. Despite the sales, Apple remains Berkshire's largest holding, followed by American Express and Bank of America.",The Daily Hodl,0.093625,Neutral
AAPL,2024-11-23,Here's How Much You Would Need to Invest in This Unstoppable Vanguard ETF Today to Grow Your Portfolio to $1 Million or More by Retirement,"This article discusses using the Vanguard S&P 500 Growth Index Fund ETF Shares (VOOG) as a vehicle for long-term wealth accumulation, aiming for $1 million by retirement. It highlights the ETF's focus on growth stocks within the S&P 500, its low expense ratio, and historical outperformance. The author provides a table illustrating the investment amounts needed over 30 and 35 years, assuming an 8% annual growth rate, suggesting at least $70,000 for 35 years to reach the $1 million goal.",The Globe and Mail,0.365223,Bullish
AAPL,2024-11-24,"AI: Apple, Oura, and AI 'Smart Rings'. RTZ #550","This article discusses the growing trend of AI-enhanced wearables, focusing on ""smart rings"" from companies like Oura and their potential integration with glucose monitoring. It highlights Apple's ""Apple Intelligence"" AI strategy, particularly its focus on healthcare within wearables, and speculates on Apple's potential entry into the smart ring market, possibly through an acquisition of Oura. The strategic partnership between Oura and Dexcom, a leading glucose monitoring company, is presented as a significant development in mainstreaming blood sugar tracking.",AI: Reset to Zero,0.299424,Somewhat-Bullish
AAPL,2024-11-25,"Corning offers to waive exclusive deals in EU antitrust probe, may stave off fine","Corning has offered to drop all exclusive dealing clauses in its agreements with mobile phone makers and raw glass processing companies to resolve an EU antitrust investigation. This move could help the company avoid a significant fine. The European Commission will now open a six-week feedback period for third parties before deciding whether to accept Corning's concessions, which would last for nine years.",Reuters,0.150856,Somewhat-Bullish
AAPL,2024-11-26,Apple takes another bite of Penn District,"Apple has expanded its office footprint at Vornado Realty Trust’s Penn 11 by an additional 61,000 square feet, bringing its total space to 460,000 square feet across 11 floors. This new lease, for space formerly occupied by Macy's, extends Apple's presence in the building until 2035. The deal involved complex negotiations to keep Macy's credit on the hook while establishing a direct relationship with Apple.",The Real Deal,0.246711,Somewhat-Bullish
AAPL,2024-11-26,"Best Buy broadly misses earnings estimates as consumers pull back on appliances, electronics","Best Buy significantly missed its Q3 earnings estimates for the 12th consecutive quarter due to flagging consumer demand for appliances and electronics. CEO Corie Barry attributed this to macro uncertainty, customers seeking deals, and election-related distractions. Despite some positive signs in computing, mobile, and services, the company lowered its full-year outlook, though new AI-enabled products are expected to drive future growth.",Yahoo Finance,-0.060828,Neutral
AAPL,2024-11-26,Google faces £7 billion UK class action lawsuit over search engine dominance,"Google is facing a £7 billion class action lawsuit in the UK, which has been certified for trial after Google's attempt to dismiss it was rejected. The lawsuit, filed by consumer rights advocate Nikki Stopford, accuses Google of abusing its dominant search engine market position to inflate advertising costs passed on to consumers. Google denies the allegations, while simultaneously facing increased scrutiny and legal challenges from regulators globally, including the US Department of Justice.",Computing UK,-0.525523,Bearish
AAPL,2024-11-26,The S&P 500 is expected to return 10% in 2025,"Goldman Sachs Research anticipates the S&P 500 to return 10% in 2025, reaching 6,500 due to solid economic expansion and steady earnings growth. While valuations are high and political changes could introduce risks, Goldman Sachs advises investors to leverage low volatility periods. The report also highlights continued outperformance for ""Magnificent 7"" stocks, potential M&A increases, and a shift in AI investment focus towards application rollout and monetization.",Goldman Sachs,0.262311,Somewhat-Bullish
AAPL,2024-11-27,The S&P 500 (SPY) Is Ready for a Sell-Off,"The S&P 500 has gained 25% year-to-date, but this growth is largely driven by a small group of ""Magnificent 7"" stocks, pushing valuations above historical averages. While the SPDR S&P 500 ETF Trust (SPY) is generally recommended for long-term investors due to the market's historical resilience, the current concentration of gains suggests a potential sell-off is due. Despite this, experts advise against shorting the market and suggest that consistently investing in SPY can still lead to long-term gains, as bear markets are typically short-lived and followed by stronger bull markets.",24/7 Wall St.,0.099062,Neutral
AAPL,2024-11-28,Advanced Micro Devices (AMD) and Apple to Lead with TSM’s Advanced 2nm AI Chips in 2025,"Advanced Micro Devices (AMD) and Apple are expected to be the first customers for TSMC's advanced 2nm AI chips, with mass production scheduled to begin in 2025. This development highlights the increasing importance of advanced semiconductor technology in the AI sector and positions AMD as a key player among trending AI stocks. The article also touches on significant investments in AI startups and the overall boom in the AI market.",Yahoo Finance,0.291051,Somewhat-Bullish
AAPL,2024-11-30,2 no-brainer Warren Buffett stocks to buy into 2025,"As 2024 concludes, investors are looking to Warren Buffett's philosophy for guidance. This article highlights two ""forever stocks"" from Buffett's portfolio, Pool Corporation (NASDAQ: POOL) and Coca-Cola (NYSE: KO), as compelling long-term opportunities for 2025. It examines their recent performance, financial stability, and potential for growth.",Finbold,0.129876,Neutral
AAPL,2024-11-30,‘Small caps are going to become more in favor in 2025': VettaFi’s research head doubles down on winning group,"VettaFi's Todd Rosenbluth predicts small-cap stocks will gain favor in 2025, driven by recent strong performance, a shift from ""Magnificent Seven"" stocks, and investors rotating out of money market accounts due to anticipated Federal Reserve interest rate easing. The Russell 2000 recently hit a record high, and Rosenbluth suggests ETFs like the iShares Core S&P Small-Cap ETF and VictoryShares Small Cap Free Cash Flow ETF as ways to capitalize on this trend.",CNBC,-0.200871,Somewhat-Bearish
AAPL,2024-12-02,Should iShares S&P 500 Growth ETF (IVW) Be on Your Investing Radar?,"The iShares S&P 500 Growth ETF (IVW) offers broad exposure to the Large Cap Growth segment of the US equity market, with significant holdings in Information Technology, and top positions in Nvidia, Apple, and Microsoft. With an expense ratio of 0.18% and a ""Buy"" rating from Zacks, it presents a compelling option for investors seeking growth, despite the inherent volatility of growth stocks. The fund has shown strong performance, up about 34.84% year-to-date and 40% over the last year.",TradingView — Track All Markets,0.374404,Bullish
AAPL,2024-12-04,Amazfit Helio Smart Ring Review: A Viable Affordable Alternative That’s Best For Runners,"The Amazfit Helio Smart Ring is reviewed as an affordable alternative for health and fitness tracking, particularly suited for runners. While it offers robust recovery and sleep tracking, and integrates with the Zepp Aura service, its limited activity tracking to only four workout types (running, walking, cycling, treadmill) makes it less ideal as a standalone device for general fitness enthusiasts. The reviewer notes its stylish design, comfort, titanium build, and 10 ATM water resistance, but points out challenges with charger stability and battery life management.",Wifi Hifi Magazine,0.236655,Somewhat-Bullish
AAPL,2024-12-04,Arista Networks announces a four-for-one stock split,"Arista Networks (NYSE: ANET) has announced a four-for-one stock split, effective December 3, 2024, by increasing its authorized common stock from 1 billion to 4 billion shares. This move aims to make the stock more accessible to a broader investor base and enhance liquidity without altering the company's fundamental value or market capitalization. The decision follows a strong financial performance, with 20% year-over-year revenue growth in Q3 and significant new product introductions.",Investing.com,0.23293,Somewhat-Bullish
AAPL,2024-12-04,OwlTing Partners With MoneyGram; Nuvei Enables Blockchain Payment in Latin America; Nacha’s Crypto Report,"OwlTing Group is partnering with MoneyGram to integrate its OwlPay Wallet Pro service with MoneyGram Access, allowing cash-in and cash-out transactions for USD Coin across 30 countries and aiding financial inclusion in underbanked regions. Separately, Nuvei Corp. launched a blockchain-based payment solution for Latin American merchants using stablecoins via Visa-branded cards, and Nacha published a report on cryptocurrency to help financial institutions understand digital payments.",Digital Transactions,0.293271,Somewhat-Bullish
AAPL,2024-12-04,"Tech giant with 30,000 employees has no return-to-office policy","Globant SA, a software company with nearly 30,000 employees across 33 countries, has opted against a mandatory return-to-office policy, differentiating itself from other tech giants. CEO Martin Migoya emphasizes making offices attractive and flexible connection points rather than forcing attendance. The company is redesigning its office spaces to encourage collaboration and is planning to hire another 20,000 employees as part of a US$1-billion investment.",Buenos Aires Times,-0.138515,Neutral
AAPL,2024-12-04,Tech stocks hit first all-time high since July,"Technology stocks reached new all-time highs on Wednesday, driven by strong performances from key software players like Salesforce, Adobe, and ServiceNow, as well as megacap companies such as Apple, Nvidia, and Amazon. The Nasdaq Composite rallied 1%, and the Technology Select Sector SPDR Fund (XLK) advanced 1.8%, marking its first new high since July. Marvell Technology also saw significant gains, surging 23% after a strong quarter.",CNBC,0.395403,Bullish
AAPL,2024-12-05,Amkor secured north Peoria land for its $2B complex. What's next?,"Amkor Technology Inc. has finalized the purchase of 56 acres in north Peoria for its $2 billion microchip assembly and testing facility, which will be the largest of its kind in the U.S. The project, supported by $600 million in CHIPS Act subsidies, aims to create about 2,000 jobs and will serve companies like Apple and TSMC. Construction is slated to begin by September 2025, with the first phase completed by September 2027 and full completion by September 2034.",azcentral.com and The Arizona Republic,0.300291,Somewhat-Bullish
AAPL,2024-12-05,Contact - The Lethbridge Herald - News and Sports from around Lethbridge,"Simplify Asset Management Inc. announced that its Simplify Stable Income ETF (NYSE Arca: BUCK) has been renamed the Simplify Treasury Option Income ETF. This change became effective on October 29, 2024. Simplify Asset Management, founded in 2020, specializes in options-based strategies to address portfolio challenges.",FinancialContent,0.019715,Neutral
AAPL,2024-12-05,E.l.f. brings shopping to the speakeasy with Virtual Luxe Lounge,"E.l.f. Cosmetics has introduced the ""Virtual Luxe Lounge,"" an immersive 3D digital shopping experience accessible to members of its Beauty Squad loyalty program. Developed with Obsess, this speakeasy-themed platform allows users to shop holiday product drops and access exclusive coupons. This initiative is part of E.l.f.'s broader strategy to engage consumers digitally, following previous collaborations like a beauty shopping app for Apple Vision Pro, and aligns with their significant marketing investments that have boosted sales and attracted younger audiences.",Marketing Dive,0.24046,Somewhat-Bullish
AAPL,2024-12-05,"RiverNorth Flexible Municipal Income Fund II, Inc. (RFMZ) Stock Forecast & Price Prediction 2026–2030","This article provides a stock forecast and price prediction for RiverNorth Flexible Municipal Income Fund II, Inc. (RFMZ) for the years 2026 through 2030, and beyond to 2057. It includes short-term predictions, long-term monthly forecasts with minimum, average, and maximum price changes, and technical analysis based on moving averages and sentiment indicators. The forecast indicates a generally bullish sentiment for RFMZ in the short term, with detailed price targets and potential ROI calculations provided for various investment horizons.",CoinCodex,0.216809,Somewhat-Bullish
AAPL,2024-12-06,Apple Expands Footprint at 11 Penn Plaza,"Apple has significantly expanded its footprint at 11 Penn Plaza in Midtown Manhattan, securing an additional 61,000 square feet and bringing its total occupancy to 460,000 square feet. This deal, a direct lease agreement with Vornado Realty Trust rather than a sublease from Macy's, allows Apple to occupy floors four through fourteen of the historic building. Despite Apple's expansion, Macy's remains the primary tenant and headquarters at 11 Penn Plaza.",CommercialCafe,0.183069,Somewhat-Bullish
AAPL,2024-12-06,Apple Takes Over iCloud Passwords Add-On for Firefox,"Apple has officially taken over the independent iCloud Passwords add-on for Firefox, transitioning its ownership on addons.mozilla.org from developer Aurélien Garnier to Apple Inc. This move allows Firefox users running macOS Sonoma or recent Windows versions to confidently use Apple's password management features outside of Safari. While it's unclear if Apple acquired the code or hired Garnier, this step is seen as a positive expansion of iCloud Passwords support to non-Apple browsers and platforms, with potential future Windows support.",TidBITS,0.30236,Somewhat-Bullish
AAPL,2024-12-06,"Apple plans three-year modem rollout to compete with Qualcomm, Bloomberg News reports","Apple is preparing to launch its own series of cellular modem chips starting next year, aiming to replace components from Qualcomm by 2027. This move intensifies competition with Qualcomm, which currently supplies modems to Apple, and could impact other Apple suppliers like Skyworks Solutions and Qorvo. Apple has been developing its own modem technology since acquiring Intel's modem unit in 2019 and recently signed a deal with Broadcom for 5G radio frequency components.",Reuters,-0.03283,Neutral
AAPL,2024-12-06,"BlackRock, Inc. Reduces Stake in iShares MSCI Poland ETF","BlackRock, Inc. reduced its stake in the iShares MSCI Poland ETF (EPOL) by selling 880,171 shares on November 30, 2024, at $22.09 per share, leaving them with 133,296 shares. This move reflects a strategic adjustment by BlackRock, a leading investment firm with $4.761.03 trillion in equity and top holdings like Apple and Amazon. The iShares MSCI Poland ETF, with a market capitalization of $222.704 million, has shown a 4.48% price gain since the transaction and a 5.24% year-to-date appreciation, boasting a GF Score of 82/100 despite BlackRock's reduced position.",GuruFocus,0.020107,Neutral
AAPL,2024-12-06,Masimo update: SEC announces investigation of RTW Investments and role in proxy war voting,"The SEC has launched an investigation into RTW Investments' role in Masimo's recent proxy war, specifically regarding an ""empty voting"" scheme. Masimo alleges that former CEO Joe Kiani and RTW conspired to manipulate shareholder votes, rigging 19% in Kiani's favor through practices like put options or selling shares after record dates. While empty voting is not inherently illegal, Masimo claims evidence of an insider group, which is a red flag for the SEC and potentially the Department of Justice.",Telehealth and Telecare Aware,-0.286381,Somewhat-Bearish
AAPL,2024-12-06,Report: Apple will ship custom 5G modem chip with the 2025 iPhone SE,"Apple Inc.'s custom 5G modem chip, codenamed Sinope, is expected to debut in the 2025 iPhone SE. Produced by TSMC, Sinope offers download speeds of up to 4 gigabits per second, which is less than half of Qualcomm's latest modems due to more limited frequency support and carrier aggregation implementation. Apple plans to integrate Sinope with its Carpo RF front end and aims to release more advanced custom modems in subsequent years, eventually hoping to outperform Qualcomm and integrate modems directly into iPhone processors, as well as extend their use to Macs and the Vision Pro.",SiliconANGLE,-0.082184,Neutral
AAPL,2024-12-06,The Inside Story of Apple Intelligence,"This article delves into Apple's strategy for generative AI, dubbed Apple Intelligence, highlighting the company's ""best, not first"" approach. Key executives, including John Giannandrea and Craig Federighi, explain that Apple has been preparing for this moment for years and focused on integrating AI at a systems level with a strong emphasis on privacy. The piece also contrasts Apple's approach with competitors and discusses the future trajectory of AI at Apple.",WIRED,0.050522,Neutral
AAPL,2024-12-09,"Apple to bring e-commerce site, stores to Saudi Arabia","Apple is expanding its retail presence in Saudi Arabia, launching an online Apple Store in summer 2025 with Arabic service and support. Following this, the tech giant plans to open its first flagship physical stores in the kingdom starting in 2026, including a notable location in Diriyah. This expansion builds on existing investments, such as the Apple Developer Academy, and aims to deepen connections with Saudi Arabian customers.",Chain Store Age,0.780911,Bullish
AAPL,2024-12-09,Big Advertising just got bigger with Omnicom’s Interpublic merger,"Omnicom Group has agreed to acquire Interpublic Group, aiming to create the world's largest advertising company, bringing together agencies for major brands like Apple, McDonald’s, and Pepsi. This merger seeks to accelerate innovation and leverage new technologies, expecting to generate $750 million in annual cost synergies and increase adjusted earnings per share for both companies. The move reflects the advertising holding company model's continuous evolution to keep pace with technology and client demands, while Omnicom also focuses on scaling AI efforts and maintaining agency brand independence.",Fast Company,0.310302,Somewhat-Bullish
AAPL,2024-12-09,"NYC ad agencies Omnicom, Interpublic to form $30bn marketing powerhouse","Omnicom is set to acquire Interpublic Group in a stock-for-stock deal, creating the world's largest advertising agency with combined annual revenue of almost $26bn and a market worth of over $30bn. The merger aims to accelerate innovation, leverage new technologies like AI, and achieve annual cost savings of $750m. The deal, which could face regulatory scrutiny, positions the combined entity, Omnicom, to better compete with tech giants and adapt to the evolving advertising landscape.",Al Jazeera,0.2112,Somewhat-Bullish
AAPL,2024-12-09,Taiwan Semiconductor Extends Lead As Top Chipmaker,"Taiwan Semiconductor Manufacturing Co. (TSM) has solidified its position as the top global wafer foundry, increasing its market share to 64.9% in Q3 2024 due to strong demand for smartphone products and high-performance computing. The company reported $23.5 billion in revenue, a 39% increase, driven by 3nm and 5nm technologies. This growth contrasts with Samsung's market share decline and highlights the rising demand for advanced chip technologies and the impact of U.S. chip subsidies on key players like TSM and GlobalFoundries.",Sahm,0.265756,Somewhat-Bullish
AAPL,2024-12-10,"Jefferies says the Russell 2000 will reach 2,715 by 2025 year-end (NYSEARCA:IWM)","Jefferies analysts predict the Russell 2000 will increase by 13.5% to 2,715 by the end of 2025, anticipating it will finally outperform large-cap stocks after eight years of underperformance. Steven DeSanctis, Jefferies' U.S. small-mid cap strategist, provided this outlook.",Seeking Alpha,0.1087,Neutral
AAPL,2024-12-11,3 Vanguard ETFs That Can Help Build Your Perfect Portfolio,"This article highlights three Vanguard ETFs—the S&P 500 ETF (VOO), Growth ETF (VUG), and Total Bond Market ETF (BND)—as key components for building a balanced, long-term investment portfolio. It emphasizes Vanguard's low-cost structure and passively managed funds as an effective wealth-building strategy. The article provides insights into each ETF's performance, holdings, and expense ratios, along with a revised framework for age-based asset allocation.",The Motley Fool,0.052255,Neutral
AAPL,2024-12-11,Apple honors 2024 App Store Award winners,"Apple announced the winners of the 2024 App Store Awards, recognizing 17 apps and games for their exceptional user experiences, design, and innovation. The awards include categories for various Apple devices, the inaugural Apple Vision Pro category, and Cultural Impact winners, highlighting developers who have enriched users' lives and communities. The winning selections showcase the diverse opportunities available across the App Store and the Apple ecosystem.",Apple,0.412156,Bullish
AAPL,2024-12-11,"Fatal mistake that turned Kodak from a $31,000,000,000 photography company to bankrupt","This article details the downfall of Kodak, once a $31 billion photography giant, that ultimately led to its bankruptcy. The company's fatal error was its reluctance to embrace digital photography, despite an employee inventing the first handheld digital camera in 1975, because it prioritized profitable film sales. Although Kodak later tried to enter the digital market, it was too late and faced intense competition, low profit margins, and financial struggles, eventually filing for Chapter 11 bankruptcy in 2012.",UNILAD Tech,-0.437859,Bearish
AAPL,2024-12-11,Match Group Warns Negative Currency Impacts Will Bring Down Revenue,"Match Group announced that unfavorable currency exchange rates will cause its current-quarter revenue to be below earlier estimates, reducing fourth-quarter revenue by $15 million more than anticipated, primarily impacting Tinder. The company also noted that Tinder's new user declines on Apple iOS have not fully recovered, though it did announce an additional $1.5 billion in stock buybacks. Match Group shares fell over 5% on the news and are down about 14% year-to-date.",Investopedia,-0.312117,Somewhat-Bearish
AAPL,2024-12-11,Report: Apple working with Broadcom to develop custom chipset for AI,"Apple Inc. is reportedly collaborating with Broadcom Inc. to develop a custom server processor, codenamed “Baltra,” for AI features in its iOS operating system, with a targeted launch in 2026. This move aligns with Apple's strategy of using proprietary chips for on-device AI and Broadcom's expertise in semiconductor interconnect designs. The project likely leverages Broadcom's advanced packaging technologies for faster chip-to-chip communications.",SiliconANGLE,0.247486,Somewhat-Bullish
AAPL,2024-12-11,Should You Invest in the Fidelity MSCI Information Technology Index ETF (FTEC)?,"This article evaluates the Fidelity MSCI Information Technology Index ETF (FTEC) as an investment option for broad exposure to the Technology - Broad sector. It highlights FTEC's passive management, low expense ratio (0.08%), and strong year-to-date performance (up 31.10%). The piece also details its top holdings, risk profile, and compares it with alternative technology ETFs like XLK and VGT, ultimately giving FTEC a ""Strong Buy"" Zacks ETF Rank.",Nasdaq,0.423921,Bullish
AAPL,2024-12-12,6 Best Ways to Redeem Aeroplan Points,"This article by NerdWallet Canada outlines six effective strategies for maximizing the value of Aeroplan points. Key recommendations include understanding the average point value, considering partner airlines for better redemption rates, opting for business-class flights, identifying ""sweet spot"" routes, utilizing family sharing plans, and prioritizing flight redemptions over other options like gift cards or car rentals. The article emphasizes calculating the cents-per-point value to ensure worthwhile redemptions.",NerdWallet,0.069564,Neutral
AAPL,2024-12-12,Apple Inc. (NASDAQ:AAPL) is favoured by institutional owners who hold 61% of the company,"Institutional investors hold 61% of Apple Inc. (NASDAQ:AAPL), making them the most powerful shareholder group with significant influence on the company's share price. The Vanguard Group, Inc. is the largest shareholder with 8.9% of shares, while insiders own less than 1% and the general public holds a 37% stake.",Simply Wall Street,0.34401,Somewhat-Bullish
AAPL,2024-12-13,Broadcom ETFs Surge on Strong AI Demand,"Broadcom's shares surged by 20% following strong earnings and optimistic projections for its AI business, pushing its market cap past $1 trillion. This surge significantly boosted ETFs with large Broadcom holdings, such as the Defiance Daily Target 2X Long AVGO ETF (AVGX) and the iShares Semiconductor ETF (SOXX). The demand for Broadcom's custom AI chips, favored by major tech companies like Alphabet, Meta, and Apple, is seen as a key driver for its continued growth.",ETF.com,0.37876,Bullish
AAPL,2024-12-13,"Broadcom's AI Chip Leadership Puts Pressure on Nvidia and Marvell, Analysts Say","Broadcom's stock surged after reporting strong Q4 adjusted EPS results and raising its dividend, driven by its leadership in AI custom Application-Specific Integrated Circuits (ASICs). Analysts upgraded Broadcom's price targets, highlighting its expanding AI opportunities and advanced 3nm silicon technology, which puts it ahead of competitors like Nvidia and Marvell. The company anticipates significant growth in its AI revenues, expecting to reach $30 billion by calendar 2027 based on strong demand from hyperscalers.",Yahoo Finance,0.224709,Somewhat-Bullish
AAPL,2024-12-13,"Liberty All-Star Growth Fund Delivers Stellar 8.7% Monthly Return, YTD Gains Exceed 20% with Tech-Heavy Portfolio","The Liberty All-Star Growth Fund (ASG) reported robust performance for November 2024, with its Net Asset Value (NAV) increasing by 8.72% and its market price by 7.73%. Year-to-date, the fund's NAV rose by 20.25% and its market price by 21.05%. The fund maintains a technology-heavy portfolio, with top holdings including NVIDIA, Apple, and Amazon, and primarily invests in Information Technology.",Stock Titan,0.325319,Somewhat-Bullish
AAPL,2024-12-13,Sonos Arc Ultra review: The best Dolby Atmos soundbar just got better,"The Sonos Arc Ultra soundbar aims to redeem the brand after a problematic app rollout. It significantly upgrades over its predecessor with a 9.1.4-channel configuration, Sound Motion technology for improved audio quality in a more compact design, and Bluetooth support. While a substantial upgrade for new buyers seeking premium home theater sound, current Sonos Arc owners may not find the improvements significant enough to warrant replacement.",AppleInsider,0.160656,Somewhat-Bullish
AAPL,2024-12-13,TSMC says first advanced U.S. chip plant 'dang near back' on schedule. Here's an inside look at the Arizona fab,"TSMC's first advanced U.S. chip fabrication plant in Arizona is ""dang near back on the original schedule"" after delays and an increased investment from $12 billion to $20 billion. The plant will produce 4-nanometer chips and has committed to building two more fabs by the end of the decade, totaling $65 billion. Challenges include securing a skilled workforce, managing significant water and power demands, and global supply chain complexities, but the U.S. Commerce Department finalized $6.6 billion in CHIPS Act funding for the project.",CNBC,0.223617,Somewhat-Bullish
AAPL,2024-12-14,11%+ Yields From AI Stocks: QQQI Vs. QYLD (NASDAQ:QQQI),"This article compares QQQI and QYLD, two funds designed to generate high yields from mega-cap AI companies, to help income-focused investors choose a suitable diversification instrument. While mega-cap tech stocks typically offer low dividends, these funds aim to provide attractive income opportunities. The analysis details their characteristics and suitability for an income portfolio, recommending that interested investors can access further insights through High Yield Investor's service.",Seeking Alpha,0.222454,Somewhat-Bullish
AAPL,2024-12-14,A new investment fund is saying ‘no’ to DEI-focused companies — and ‘yes’ to others,"Azoria, a new investment firm, is launching an ETF that will exclude S&P 500 companies with explicit racial and gender hiring targets. The firm believes companies hiring based on skill and ability will financially outperform those focused on DEI, citing examples like Best Buy and the underperformance of DEI-focused companies. Azoria aims to provide investors with a meritocracy-rooted alternative, investing in companies that abandon such hiring practices.",New York Post,0.09164,Neutral
AAPL,2024-12-14,Will the iShares S&P 500 ETF (IVV) return another 36% in 2025?,"The article discusses the extraordinary 36.34% year-to-date return of the iShares S&P 500 ETF (IVV) in 2024, largely driven by the ""magnificent seven"" big tech stocks. It explores whether this strong performance is sustainable for 2025, referencing an expert's bullish outlook on US equities due to anticipated earnings growth, healthy economic projections, and falling inflation. The expert suggests that the high valuations of the big tech companies are justified by strong fundamentals.",The Motley Fool Australia,0.446825,Bullish
AAPL,2024-12-16,Pattern Energy Announces Equity Investment from Consortium Headed by APG and ART,"Pattern Energy announced that a consortium led by APG Asset Management and Australian Retirement Trust will acquire Riverstone Holdings LLC’s equity stake in the company. This investment strengthens Pattern Energy's position, allowing it to advance its development pipeline of over 25-gigawatts of renewable energy and transmission projects. The transaction is expected to close in the first half of 2025.",Yahoo Finance,0.154914,Somewhat-Bullish
AAPL,2024-12-16,Victoria’s Secret Is PETA’s ‘Company of the Year’ for its Fabulously Innovative Feather-Free Fashion Show,"PETA has named Victoria’s Secret its 2024 Company of the Year for its innovative use of feather-free materials in its fashion show, showcasing vegan Angel wings made from 3-D printed materials, quilted satin, soda can tabs, and Swarovski crystals. This decision followed PETA's communication with the retailer about the cruelty involved in obtaining feathers from birds. The move is applauded by PETA as an example for designers and consumers to adopt animal-friendly practices in fashion.",PETA,0.195769,Somewhat-Bullish
AAPL,2024-12-17,Apple says it has told suppliers to stop buying minerals from Congo,"Apple has instructed its suppliers to halt the purchase of tin, tantalum, tungsten, and gold from the Democratic Republic of Congo and Rwanda due to escalating conflict in the region. This decision comes in response to allegations from the Congolese government that Apple uses conflict minerals laundered through international supply chains. Apple strongly disputes these allegations.",Reuters,0.021218,Neutral
AAPL,2024-12-18,Apple Inc. (NASDAQ:AAPL) is a favorite amongst institutional investors who own 61%,"Institutional investors own 61% of Apple Inc. (NASDAQ:AAPL), making it a favored stock among this group. While this signifies credibility, the concentration of ownership among a few large investors means their trading actions can significantly impact the stock price. Insiders, despite owning less than 1%, hold a substantial dollar value in shares and have been recent sellers.",Yahoo Finance,0.267896,Somewhat-Bullish
AAPL,2024-12-18,Apple Supplier Jabil Soars On Q1 Earnings Beat Fueled By Data Center Demand: Retail Gets Bullish,"Jabil Inc., an Apple supplier, saw its shares jump by 10% after reporting first-quarter results that exceeded Wall Street expectations. The strong performance was driven by robust demand in its intelligent infrastructure segment, particularly in cloud, data center, and warehouse automation markets, leading to an ""extremely bullish"" retail sentiment. Despite an overall revenue decline due to a business transition, the company provided an optimistic outlook for Q2 2025 and the full fiscal year.",Asianet Newsable,0.359684,Bullish
AAPL,2024-12-18,Your next TV won’t be micro-LED. Here’s why,"The article explains why micro-LED TVs, despite their stunning visual quality, are unlikely to become mainstream consumer technology soon. The primary challenges are the extreme difficulty and cost associated with manufacturing them at smaller, consumer-friendly sizes, mainly due to pixel pitch and heat management issues. The author suggests that electroluminescent quantum dots (QDEL) and quantum dot micro-LEDs are more promising future display technologies, while PHOLED offers an evolutionary, rather than revolutionary, advancement.",Digital Trends,-0.205965,Somewhat-Bearish
AAPL,2024-12-19,"After Earnings, Is Broadcom Stock a Buy, a Sell, or Fairly Valued?","Broadcom's third-quarter earnings report, released on December 12, 2024, has led Morningstar to raise its fair value estimate for the company's stock to $190 per share, up from $155, driven by an increased AI revenue growth forecast. Despite the upward revision, Morningstar now considers Broadcom's shares to be roughly fairly valued after a significant post-earnings jump, giving it a 2-star rating. The article highlights Broadcom's strong potential in AI chips, its wide economic moat from intangible assets and switching costs, and its financial strength, while also noting risks related to market cycles and supply chain reliance on Taiwan Semiconductor Manufacturing.",Morningstar,0.189694,Somewhat-Bullish
AAPL,2024-12-19,JEPQ vs. QQQ: Which ETF Aligns With Your Investment Goals?,"This article compares two ETFs, JEPQ and QQQ, both tied to the Nasdaq 100, highlighting their distinct investment strategies. JEPQ focuses on income generation and reduced volatility through covered call strategies, offering a 9.2% annual yield, while QQQ provides direct exposure to the Nasdaq 100 with a focus on growth and higher volatility. The analysis delves into their historical performance, risk metrics, income stability, and suitability for different investment goals, concluding that JEPQ is better for income-seekers and QQQ for growth-oriented investors.",TradingNEWS,0.314933,Somewhat-Bullish
AAPL,2024-12-20,Analyst says Celestica’s momentum has ‘continued’ through the year,"Robert Young, managing director at Canada Canaccord Genuity, highlights Celestica's strong performance, attributing it to conservative guidance and a ""beat and raise cadence."" The company's significant business with top hyper scalers, including Google and Meta, for designing networking gear and AI servers, is a major growth driver. Young notes that Celestica is increasingly recognized for its higher-value OEM role due to its IP, moving beyond its traditional EMS vendor perception.",BNN Bloomberg,0.310123,Somewhat-Bullish
AAPL,2024-12-20,"Jabil’s Winning Streak Begins: Market Bottom Set, Future in Focus","Jabil's fiscal Q1 2025 report indicates that the company has hit its market bottom, with a strong outlook for future growth despite a top-line contraction. The company outperformed expectations for both revenue and earnings, providing optimistic guidance and benefiting from strength in cloud, data center, and digital commerce segments. Analyst and institutional investor trends are positive, supporting a potential new all-time high for the stock.",The Globe and Mail,0.388717,Bullish
AAPL,2024-12-20,‘Synaptics plans to assemble 10% chips in India’,"US semiconductor company Synaptics Inc. plans to assemble and package 10% of its chips in India by 2027 to diversify its supply chain and reduce reliance on China. The company will use an OSAT facility in Hyderabad and partner with embed UR to develop edge AI solutions, aiming for the process to begin in late 2025 or early 2026. This move also addresses concerns about proposed US tariffs and the need for supply chain alternatives.",Times of India,0.233746,Somewhat-Bullish
AAPL,2024-12-23,Apple approaches $4 trillion valuation as investors bet on AI momentum,"Apple is nearing a $4 trillion market valuation, driven by investor enthusiasm for its AI enhancements, which are expected to boost iPhone sales. The company has outpaced Nvidia and Microsoft in this race, with a roughly 16% share jump since November adding about $500 billion to its market cap. Analysts anticipate a rebound in iPhone revenue in 2025 as Apple integrates generative AI technology across its devices.",Reuters,0.266203,Somewhat-Bullish
AAPL,2024-12-23,Apple looks to make a splash in 2025 with AI-infused smart home devices,"Apple is set to launch an AI-powered smart home hub in 2025 with a 6-inch display and new operating system, alongside upgrades to existing Home devices. The company is also developing an in-home security camera and a smart doorbell with advanced facial recognition, leveraging its commitment to privacy to gain consumer trust and expand revenue in the smart home market. These new offerings signal a significant push by Apple into the connected home ecosystem.",MacDailyNews,0.117583,Neutral
AAPL,2024-12-23,Apple to see strong Christmas iPhone sales that launch a ‘renaissance of growth’,"Apple is projected to experience a renaissance of growth driven by strong iPhone sales during the holiday season, fueled by an estimated 300 million iPhones over four years old. This potential ""supercycle"" is expected to lead to significant upgrades to new AI-capable iPhones, especially in the key China market, and could propel Apple to a $4 trillion market cap.",MarketWatch,0.409496,Bullish
AAPL,2024-12-23,Corsair K65 Plus Apple Edition Review: Just Buy the Non-Apple Version,"The Corsair K65 Plus Apple Edition keyboard is functionally identical to the standard version but costs more due to its Apple-exclusive colorways. While it offers excellent pre-lubed linear switches ideal for gaming and good build quality, its custom RGB lighting and key remapping features are limited in wireless modes. The reviewer recommends opting for the standard black version as it frequently goes on sale and provides the same performance without the inflated price of the Apple-exclusive model.",How-To Geek,0.04692,Neutral
AAPL,2024-12-24,Globalstar director James Monroe III buys $985k in stock By Investing.com,"Globalstar director James Monroe III has purchased 500,000 shares of the company's common stock for approximately $985,050. This acquisition comes as Globalstar shows strong momentum with an 87.5% price return over the past six months and reported record Q3 revenue, alongside strategic advancements in 5G technology and satellite connectivity with Apple. The company has also announced plans for a reverse stock split to optimize its capital structure.",Investing.com Australia,0.396457,Bullish
AAPL,2024-12-27,Apple’s been on an uncommonly strong run. So a tough January could now be in the cards.,"Apple's stock has achieved a rare five-week streak of 2%-plus gains, a phenomenon that historically precedes a roughly 5% drop in the following month. Investors are advised to be cautious as this pattern suggests a potentially tough January for Apple shares. The stock's recent performance marks the first time in 14 years and very rarely in the company's 44-year public history that it has had such a strong, sustained run.",MarketWatch,-0.271844,Somewhat-Bearish
AAPL,2024-12-27,Evolving the device experience at Microsoft,"Microsoft is transitioning its employee device management from a traditional on-premises model to a modern, cloud-based approach using Microsoft Intune, Azure Active Directory, and co-management strategies. This shift supports hybrid work, enables employees to be productive from anywhere on various devices (Windows, Android, iOS, macOS), and enhances security through Zero Trust principles and verified device health. The migration addresses challenges by using Hybrid Azure AD joined devices as a bridge and standardizing management practices.",Microsoft,0.327008,Somewhat-Bullish
AAPL,2024-12-28,Why Samsung and LG may be the reason Apple delaying the all-screen iPhone,"Apple's plan for an all-screen iPhone has been delayed past 2026, reportedly due to technical challenges faced by display manufacturers Samsung Display and LG Display. They are struggling with developing thin film encapsulation for OLEDs and suitable optical clear adhesives, pushing the potential release to 2027 or later. Apple aims for a bezel-free design that avoids the ""magnifying glass effect"" seen in other curved-screen phones.",Times of India,-0.142248,Neutral
AAPL,2024-12-29,"Jim Cramer on Apple Inc. (AAPL): ‘It Was The Dumb Money That Was Getting Out, Because Warren Buffett Or One Of His Assistants Made Us Nervous’","Jim Cramer discussed Apple Inc. (NASDAQ:AAPL) within the context of AI stocks and overall market performance in 2024. He highlighted that ""dumb money"" sold off Apple shares due to investor nervousness, potentially influenced by Warren Buffett, despite strong underlying sales. Cramer also offered trading advice for 2025, emphasizing the importance of not getting intoxicated by gains, having the fortitude to hold stocks during tough times, and carefully staging buy orders.",Yahoo Finance,0.205167,Somewhat-Bullish
AAPL,2024-12-30,"Broadcom Inc. (AVGO) Poised for Strong 2025 Growth with Custom AI Chips and Strategic Partnerships, Says William Blair","Broadcom Inc. (AVGO) is anticipated to experience strong growth in 2025, driven by its custom AI chip development and strategic partnerships with major cloud customers, according to William Blair. The company recently surpassed a $1 trillion market cap and its CEO announced the development of custom AI chips with three large cloud clients. William Blair maintains an Outperform rating, expecting steady growth from existing partnerships and potential new clients like ByteDance, OpenAI, and Apple.",Yahoo Finance,0.227317,Somewhat-Bullish
AAPL,2024-12-30,Growth ETFs Shaken Up as Tech Takes on Value Blush,"Growth ETFs like IVW are undergoing significant rebalancing as major tech companies such as Apple, Amazon, Microsoft, and Adobe are no longer considered pure growth stocks by S&P Global. This reclassification means investors will see a smaller allocation to these tech giants in growth ETFs and a larger presence of financial firms like Berkshire Hathaway and JPMorgan Chase, which are now being given a ""growth blush"". The rebalancing also shifts tech's share in the S&P Value Index significantly, with these companies now having their weightings divided between growth and value characteristics based on S&P's multifactor analysis.",ETF.com,0.130558,Neutral
AAPL,2024-12-31,Apple class action allege App Store offers malicious crypto apps,"A class action lawsuit has been filed against Apple Inc., claiming the company authorized and maintained malicious crypto applications on its App Store, leading to the theft of consumers' personal financial assets. Plaintiffs allege Apple misrepresented the safety and legality of these apps, including Digicoins, SolLuna, and Forex5, which they assert were ""spoofing"" programs designed to steal account information. The lawsuit seeks to represent a nationwide class of consumers for alleged violations of California's Consumers Legal Remedies Act and Unfair Competition Law.",Class Action Lawsuits,-0.388686,Bearish
AAPL,2024-12-31,Corsair Gaming Reports Fourth Quarter and Full Year 2024 Financial Results,"Corsair Gaming announced its financial results for Q4 and full year 2024, reporting solid Q4 revenue and adjusted EBITDA driven by strong growth in the Gamer and Creator Peripherals segment. The company provided its 2025 outlook, anticipating revenue between $1.4 billion and $1.6 billion and adjusted EBITDA of $80 million to $100 million, expecting growth due to new high-performance GPU cards and strategic acquisitions like Fanatec.",Business Wire,0.257077,Somewhat-Bullish
AAPL,2024-12-31,Experts Think a Broadcom Stock Split Is Coming in 2025. Should You Buy AVGO Now?,"Experts anticipate another Broadcom (AVGO) stock split in 2025 following a significant rally in 2024 driven by its AI and semiconductor performance. Broadcom's strong fundamentals, including impressive revenue and earnings growth, high free cash flow, and strategic advancements in AI and edge computing, reinforce its appeal. Analysts maintain a ""Strong Buy"" rating for AVGO stock, signaling confidence in its continued growth trajectory.",Barchart.com,0.273331,Somewhat-Bullish
AAPL,2024-12-31,Large-Cap Tech Stocks Could Soar Again in 2025,"Large-cap tech stocks, particularly the Magnificent Seven, are expected to continue their dominance and strong performance in 2025, according to market observers. Despite concerns over valuations and regulation, their focus on innovation and diversification positions them for another banner year. ETFs like Invesco QQQ Trust (QQQ) and Invesco NASDAQ 100 ETF (QQQM) offer efficient exposure to these high-performing companies for growth-focused portfolios.",ETF Trends,0.343634,Somewhat-Bullish
